[NX Daemon Server] - 2024-04-21T21:29:11.622Z - Started listening on: \\.\pipe\nx\C:\Users\LUISAN~1\AppData\Local\Temp\645c1dcf57c8c7367e4e\d.sock
[NX Daemon Server] - 2024-04-21T21:29:11.641Z - Established a connection. Number of open connections: 1
[NX Daemon Server] - 2024-04-21T21:29:11.642Z - Established a connection. Number of open connections: 2
[NX Daemon Server] - 2024-04-21T21:29:11.643Z - Closed a connection. Number of open connections: 1
[NX Daemon Server] - 2024-04-21T21:29:11.653Z - [REQUEST]: Client Request for Project Graph Received
[NX Daemon Server] - 2024-04-21T21:29:11.805Z - [REQUEST]: Updated file-hasher based on watched changes, recomputing project graph...
[NX Daemon Server] - 2024-04-21T21:29:12.041Z - [WATCHER]: Subscribed to changes within: c:\Users\Luis Angel\Desktop\Proyectos\Proyectos Publicados\Angular\medigo
[NX Daemon Server] - 2024-04-21T21:29:12.069Z - Time taken for 'hash changed files from watcher' 0.055699996650218964ms
[NX Daemon Server] - 2024-04-21T21:29:12.085Z - [WATCHER]: .nx/cache/lockfile.hash was created or restored
[NX Daemon Server] - 2024-04-21T21:29:12.235Z - [REQUEST]: Updated file-hasher based on watched changes, recomputing project graph...
[NX Daemon Server] - 2024-04-21T21:29:12.315Z - Time taken for 'hash changed files from watcher' 11.039299994707108ms
[NX Daemon Server] - 2024-04-21T21:29:12.412Z - [WATCHER]: .nx/cache/lockfile.hash was modified
[NX Daemon Server] - 2024-04-21T21:29:12.732Z - [REQUEST]: Updated file-hasher based on watched changes, recomputing project graph...
[NX Daemon Server] - 2024-04-21T21:29:12.971Z - Time taken for 'hash changed files from watcher' 54.91459999978542ms
[NX Daemon Server] - 2024-04-21T21:29:13.111Z - [WATCHER]: .nx/cache/lockfile.hash was modified
[NX Daemon Server] - 2024-04-21T21:29:13.557Z - [REQUEST]: Updated file-hasher based on watched changes, recomputing project graph...
[NX Daemon Server] - 2024-04-21T21:29:13.706Z - Time taken for 'hash changed files from watcher' 1.6401000022888184ms
[NX Daemon Server] - 2024-04-21T21:29:13.872Z - [WATCHER]: .nx/cache/lockfile.hash was modified
[NX Daemon Server] - 2024-04-21T21:29:14.034Z - [REQUEST]: Responding to the client. project-graph
[NX Daemon Server] - 2024-04-21T21:29:14.037Z - Time taken for 'total for creating and serializing project graph' 2381.194299995899ms
[NX Daemon Server] - 2024-04-21T21:29:14.038Z - Done responding to the client project-graph
[NX Daemon Server] - 2024-04-21T21:29:14.044Z - Closed a connection. Number of open connections: 0
[NX Daemon Server] - 2024-04-21T21:29:14.225Z - Time taken for 'total execution time for createProjectGraph()' 658.51439999789ms
[NX Daemon Server] - 2024-04-21T21:29:14.233Z - [WATCHER]: .nx/cache/nxdeps.json was created or restored
[NX Daemon Server] - 2024-04-21T21:29:14.381Z - [WATCHER]: 0 file(s) created or restored, 1 file(s) modified, 1 file(s) deleted
[NX Daemon Server] - 2024-04-21T21:29:14.898Z - [REQUEST]: Updated file-hasher based on watched changes, recomputing project graph...
[NX Daemon Server] - 2024-04-21T21:29:15.262Z - [WATCHER]: .nx/cache/lockfile.hash was modified
[NX Daemon Server] - 2024-04-21T21:29:15.262Z - Time taken for 'hash changed files from watcher' 152.50479999929667ms
[NX Daemon Server] - 2024-04-21T21:29:15.337Z - Time taken for 'total execution time for createProjectGraph()' 430.92419999837875ms
[NX Daemon Server] - 2024-04-21T21:29:15.440Z - [WATCHER]: .nx/cache/nxdeps.json was modified
[NX Daemon Server] - 2024-04-21T21:29:15.456Z - Time taken for 'total execution time for createProjectGraph()' 556.6719000041485ms
[NX Daemon Server] - 2024-04-21T21:29:15.504Z - [REQUEST]: Updated file-hasher based on watched changes, recomputing project graph...
[NX Daemon Server] - 2024-04-21T21:29:15.556Z - [WATCHER]: .nx/cache/nxdeps.json was modified
[NX Daemon Server] - 2024-04-21T21:29:15.557Z - Time taken for 'hash changed files from watcher' 10.645100004971027ms
[NX Daemon Server] - 2024-04-21T21:29:15.629Z - [WATCHER]: 0 file(s) created or restored, 2 file(s) modified, 0 file(s) deleted
[NX Daemon Server] - 2024-04-21T21:29:16.010Z - [REQUEST]: Updated file-hasher based on watched changes, recomputing project graph...
[NX Daemon Server] - 2024-04-21T21:29:16.053Z - Time taken for 'hash changed files from watcher' 18.874600000679493ms
[NX Daemon Server] - 2024-04-21T21:29:16.122Z - [WATCHER]: 0 file(s) created or restored, 2 file(s) modified, 0 file(s) deleted
[NX Daemon Server] - 2024-04-21T21:29:16.974Z - [REQUEST]: Updated file-hasher based on watched changes, recomputing project graph...
[NX Daemon Server] - 2024-04-21T21:29:17.036Z - Time taken for 'hash changed files from watcher' 6.407700002193451ms
[NX Daemon Server] - 2024-04-21T21:29:17.115Z - [WATCHER]: 0 file(s) created or restored, 2 file(s) modified, 0 file(s) deleted
[NX Daemon Server] - 2024-04-21T21:29:18.781Z - [REQUEST]: Updated file-hasher based on watched changes, recomputing project graph...
[NX Daemon Server] - 2024-04-21T21:29:18.832Z - Time taken for 'hash changed files from watcher' 12.739000000059605ms
[NX Daemon Server] - 2024-04-21T21:29:18.900Z - [WATCHER]: 0 file(s) created or restored, 2 file(s) modified, 0 file(s) deleted
[NX Daemon Server] - 2024-04-21T21:29:22.130Z - [REQUEST]: Updated file-hasher based on watched changes, recomputing project graph...
[NX Daemon Server] - 2024-04-21T21:29:22.167Z - Time taken for 'hash changed files from watcher' 5.822700001299381ms
[NX Daemon Server] - 2024-04-21T21:29:22.237Z - [WATCHER]: 0 file(s) created or restored, 2 file(s) modified, 0 file(s) deleted
[NX Daemon Server] - 2024-04-21T21:29:28.666Z - [REQUEST]: Updated file-hasher based on watched changes, recomputing project graph...
[NX Daemon Server] - 2024-04-21T21:29:28.702Z - Time taken for 'hash changed files from watcher' 1.0472000017762184ms
[NX Daemon Server] - 2024-04-21T21:29:28.764Z - [WATCHER]: 0 file(s) created or restored, 2 file(s) modified, 0 file(s) deleted
[NX Daemon Server] - 2024-04-21T21:29:35.199Z - [REQUEST]: Updated file-hasher based on watched changes, recomputing project graph...
[NX Daemon Server] - 2024-04-21T21:29:35.232Z - Time taken for 'hash changed files from watcher' 6.345600001513958ms
[NX Daemon Server] - 2024-04-21T21:29:35.293Z - [WATCHER]: 0 file(s) created or restored, 2 file(s) modified, 0 file(s) deleted
[NX Daemon Server] - 2024-04-21T21:29:41.732Z - [REQUEST]: Updated file-hasher based on watched changes, recomputing project graph...
[NX Daemon Server] - 2024-04-21T21:29:41.768Z - Time taken for 'hash changed files from watcher' 7.342399999499321ms
[NX Daemon Server] - 2024-04-21T21:29:41.840Z - [WATCHER]: 0 file(s) created or restored, 2 file(s) modified, 0 file(s) deleted
[NX Daemon Server] - 2024-04-21T21:29:48.281Z - [REQUEST]: Updated file-hasher based on watched changes, recomputing project graph...
[NX Daemon Server] - 2024-04-21T21:29:48.318Z - Time taken for 'hash changed files from watcher' 6.359500005841255ms
[NX Daemon Server] - 2024-04-21T21:29:48.385Z - [WATCHER]: 0 file(s) created or restored, 2 file(s) modified, 0 file(s) deleted
[NX Daemon Server] - 2024-04-21T21:29:54.823Z - [REQUEST]: Updated file-hasher based on watched changes, recomputing project graph...
[NX Daemon Server] - 2024-04-21T21:29:54.860Z - Time taken for 'hash changed files from watcher' 6.0476000010967255ms
[NX Daemon Server] - 2024-04-21T21:29:54.931Z - [WATCHER]: 0 file(s) created or restored, 2 file(s) modified, 0 file(s) deleted
[NX Daemon Server] - 2024-04-21T21:30:01.358Z - [REQUEST]: Updated file-hasher based on watched changes, recomputing project graph...
[NX Daemon Server] - 2024-04-21T21:30:01.393Z - Time taken for 'hash changed files from watcher' 6.064899995923042ms
[NX Daemon Server] - 2024-04-21T21:30:01.451Z - [WATCHER]: 0 file(s) created or restored, 2 file(s) modified, 0 file(s) deleted
[NX Daemon Server] - 2024-04-21T21:30:07.880Z - [REQUEST]: Updated file-hasher based on watched changes, recomputing project graph...
[NX Daemon Server] - 2024-04-21T21:30:07.915Z - Time taken for 'hash changed files from watcher' 6.023699998855591ms
[NX Daemon Server] - 2024-04-21T21:30:07.973Z - [WATCHER]: 0 file(s) created or restored, 2 file(s) modified, 0 file(s) deleted
[NX Daemon Server] - 2024-04-21T21:30:14.400Z - [REQUEST]: Updated file-hasher based on watched changes, recomputing project graph...
[NX Daemon Server] - 2024-04-21T21:30:14.438Z - Time taken for 'hash changed files from watcher' 5.906799994409084ms
[NX Daemon Server] - 2024-04-21T21:30:14.508Z - [WATCHER]: 0 file(s) created or restored, 2 file(s) modified, 0 file(s) deleted
[NX Daemon Server] - 2024-04-21T21:30:20.940Z - [REQUEST]: Updated file-hasher based on watched changes, recomputing project graph...
[NX Daemon Server] - 2024-04-21T21:30:20.975Z - Time taken for 'hash changed files from watcher' 6.63400000333786ms
[NX Daemon Server] - 2024-04-21T21:30:21.033Z - [WATCHER]: 0 file(s) created or restored, 2 file(s) modified, 0 file(s) deleted
[NX Daemon Server] - 2024-04-21T21:30:27.464Z - [REQUEST]: Updated file-hasher based on watched changes, recomputing project graph...
[NX Daemon Server] - 2024-04-21T21:30:27.499Z - Time taken for 'hash changed files from watcher' 6.014200001955032ms
[NX Daemon Server] - 2024-04-21T21:30:27.558Z - [WATCHER]: 0 file(s) created or restored, 2 file(s) modified, 0 file(s) deleted
[NX Daemon Server] - 2024-04-21T21:30:33.989Z - [REQUEST]: Updated file-hasher based on watched changes, recomputing project graph...
[NX Daemon Server] - 2024-04-21T21:30:34.023Z - Time taken for 'hash changed files from watcher' 6.062000006437302ms
[NX Daemon Server] - 2024-04-21T21:30:34.082Z - [WATCHER]: 0 file(s) created or restored, 2 file(s) modified, 0 file(s) deleted
[NX Daemon Server] - 2024-04-21T21:30:40.509Z - [REQUEST]: Updated file-hasher based on watched changes, recomputing project graph...
[NX Daemon Server] - 2024-04-21T21:30:40.543Z - Time taken for 'hash changed files from watcher' 7.281800001859665ms
[NX Daemon Server] - 2024-04-21T21:30:40.615Z - [WATCHER]: 0 file(s) created or restored, 2 file(s) modified, 0 file(s) deleted
[NX Daemon Server] - 2024-04-21T21:30:47.041Z - [REQUEST]: Updated file-hasher based on watched changes, recomputing project graph...
[NX Daemon Server] - 2024-04-21T21:30:47.074Z - Time taken for 'hash changed files from watcher' 5.8664000034332275ms
[NX Daemon Server] - 2024-04-21T21:30:47.135Z - [WATCHER]: 0 file(s) created or restored, 2 file(s) modified, 0 file(s) deleted
[NX Daemon Server] - 2024-04-21T21:30:53.567Z - [REQUEST]: Updated file-hasher based on watched changes, recomputing project graph...
[NX Daemon Server] - 2024-04-21T21:30:53.601Z - Time taken for 'hash changed files from watcher' 5.816800005733967ms
[NX Daemon Server] - 2024-04-21T21:30:53.662Z - [WATCHER]: 0 file(s) created or restored, 2 file(s) modified, 0 file(s) deleted
[NX Daemon Server] - 2024-04-21T21:31:00.087Z - [REQUEST]: Updated file-hasher based on watched changes, recomputing project graph...
[NX Daemon Server] - 2024-04-21T21:31:00.121Z - Time taken for 'hash changed files from watcher' 5.785099998116493ms
[NX Daemon Server] - 2024-04-21T21:31:00.182Z - [WATCHER]: 0 file(s) created or restored, 2 file(s) modified, 0 file(s) deleted
[NX Daemon Server] - 2024-04-21T21:31:06.606Z - [REQUEST]: Updated file-hasher based on watched changes, recomputing project graph...
[NX Daemon Server] - 2024-04-21T21:31:06.639Z - Time taken for 'hash changed files from watcher' 5.930299997329712ms
[NX Daemon Server] - 2024-04-21T21:31:06.701Z - [WATCHER]: 0 file(s) created or restored, 2 file(s) modified, 0 file(s) deleted
[NX Daemon Server] - 2024-04-21T21:31:13.130Z - [REQUEST]: Updated file-hasher based on watched changes, recomputing project graph...
[NX Daemon Server] - 2024-04-21T21:31:13.167Z - Time taken for 'hash changed files from watcher' 6.410899996757507ms
[NX Daemon Server] - 2024-04-21T21:31:13.223Z - [WATCHER]: 0 file(s) created or restored, 2 file(s) modified, 0 file(s) deleted
[NX Daemon Server] - 2024-04-21T21:31:19.645Z - [REQUEST]: Updated file-hasher based on watched changes, recomputing project graph...
[NX Daemon Server] - 2024-04-21T21:31:19.679Z - Time taken for 'hash changed files from watcher' 5.871899999678135ms
[NX Daemon Server] - 2024-04-21T21:31:19.740Z - [WATCHER]: 0 file(s) created or restored, 2 file(s) modified, 0 file(s) deleted
[NX Daemon Server] - 2024-04-21T21:31:26.177Z - [REQUEST]: Updated file-hasher based on watched changes, recomputing project graph...
[NX Daemon Server] - 2024-04-21T21:31:26.210Z - Time taken for 'hash changed files from watcher' 6.197699993848801ms
[NX Daemon Server] - 2024-04-21T21:31:26.270Z - [WATCHER]: 0 file(s) created or restored, 2 file(s) modified, 0 file(s) deleted
[NX Daemon Server] - 2024-04-21T21:31:32.700Z - [REQUEST]: Updated file-hasher based on watched changes, recomputing project graph...
[NX Daemon Server] - 2024-04-21T21:31:32.736Z - Time taken for 'hash changed files from watcher' 6.875100001692772ms
[NX Daemon Server] - 2024-04-21T21:31:32.808Z - [WATCHER]: 0 file(s) created or restored, 2 file(s) modified, 0 file(s) deleted
[NX Daemon Server] - 2024-04-21T21:31:39.240Z - [REQUEST]: Updated file-hasher based on watched changes, recomputing project graph...
[NX Daemon Server] - 2024-04-21T21:31:39.274Z - Time taken for 'hash changed files from watcher' 6.219399996101856ms
[NX Daemon Server] - 2024-04-21T21:31:39.332Z - [WATCHER]: 0 file(s) created or restored, 2 file(s) modified, 0 file(s) deleted
[NX Daemon Server] - 2024-04-21T21:31:45.769Z - [REQUEST]: Updated file-hasher based on watched changes, recomputing project graph...
[NX Daemon Server] - 2024-04-21T21:31:45.803Z - Time taken for 'hash changed files from watcher' 6.696899995207787ms
[NX Daemon Server] - 2024-04-21T21:31:45.863Z - [WATCHER]: 0 file(s) created or restored, 2 file(s) modified, 0 file(s) deleted
[NX Daemon Server] - 2024-04-21T21:31:52.291Z - [REQUEST]: Updated file-hasher based on watched changes, recomputing project graph...
[NX Daemon Server] - 2024-04-21T21:31:52.324Z - Time taken for 'hash changed files from watcher' 5.8062000051140785ms
[NX Daemon Server] - 2024-04-21T21:31:52.385Z - [WATCHER]: 0 file(s) created or restored, 2 file(s) modified, 0 file(s) deleted
[NX Daemon Server] - 2024-04-21T21:31:58.811Z - [REQUEST]: Updated file-hasher based on watched changes, recomputing project graph...
[NX Daemon Server] - 2024-04-21T21:31:58.845Z - Time taken for 'hash changed files from watcher' 5.874300003051758ms
[NX Daemon Server] - 2024-04-21T21:31:58.904Z - [WATCHER]: 0 file(s) created or restored, 2 file(s) modified, 0 file(s) deleted
[NX Daemon Server] - 2024-04-21T21:32:05.337Z - [REQUEST]: Updated file-hasher based on watched changes, recomputing project graph...
[NX Daemon Server] - 2024-04-21T21:32:05.371Z - Time taken for 'hash changed files from watcher' 6.816600002348423ms
[NX Daemon Server] - 2024-04-21T21:32:05.431Z - [WATCHER]: 0 file(s) created or restored, 2 file(s) modified, 0 file(s) deleted
[NX Daemon Server] - 2024-04-21T21:32:11.863Z - [REQUEST]: Updated file-hasher based on watched changes, recomputing project graph...
[NX Daemon Server] - 2024-04-21T21:32:11.898Z - Time taken for 'hash changed files from watcher' 6.7897999957203865ms
[NX Daemon Server] - 2024-04-21T21:32:11.957Z - [WATCHER]: 0 file(s) created or restored, 2 file(s) modified, 0 file(s) deleted
[NX Daemon Server] - 2024-04-21T21:32:18.391Z - [REQUEST]: Updated file-hasher based on watched changes, recomputing project graph...
[NX Daemon Server] - 2024-04-21T21:32:18.425Z - Time taken for 'hash changed files from watcher' 6.0190000012516975ms
[NX Daemon Server] - 2024-04-21T21:32:18.485Z - [WATCHER]: 0 file(s) created or restored, 2 file(s) modified, 0 file(s) deleted
[NX Daemon Server] - 2024-04-21T21:32:24.918Z - [REQUEST]: Updated file-hasher based on watched changes, recomputing project graph...
[NX Daemon Server] - 2024-04-21T21:32:24.953Z - Time taken for 'hash changed files from watcher' 7.233400002121925ms
[NX Daemon Server] - 2024-04-21T21:32:25.011Z - [WATCHER]: 0 file(s) created or restored, 2 file(s) modified, 0 file(s) deleted
[NX Daemon Server] - 2024-04-21T21:32:31.434Z - [REQUEST]: Updated file-hasher based on watched changes, recomputing project graph...
[NX Daemon Server] - 2024-04-21T21:32:31.469Z - Time taken for 'hash changed files from watcher' 1.1444000005722046ms
[NX Daemon Server] - 2024-04-21T21:32:31.531Z - [WATCHER]: 0 file(s) created or restored, 2 file(s) modified, 0 file(s) deleted
[NX Daemon Server] - 2024-04-21T21:32:37.955Z - [REQUEST]: Updated file-hasher based on watched changes, recomputing project graph...
[NX Daemon Server] - 2024-04-21T21:32:37.988Z - Time taken for 'hash changed files from watcher' 1.0822000056505203ms
[NX Daemon Server] - 2024-04-21T21:32:38.094Z - [WATCHER]: 0 file(s) created or restored, 2 file(s) modified, 0 file(s) deleted
[NX Daemon Server] - 2024-04-21T21:32:44.524Z - [REQUEST]: Updated file-hasher based on watched changes, recomputing project graph...
[NX Daemon Server] - 2024-04-21T21:32:44.559Z - Time taken for 'hash changed files from watcher' 1.0478000044822693ms
[NX Daemon Server] - 2024-04-21T21:32:44.623Z - [WATCHER]: 0 file(s) created or restored, 2 file(s) modified, 0 file(s) deleted
[NX Daemon Server] - 2024-04-21T21:32:51.055Z - [REQUEST]: Updated file-hasher based on watched changes, recomputing project graph...
[NX Daemon Server] - 2024-04-21T21:32:51.088Z - Time taken for 'hash changed files from watcher' 6.511500000953674ms
[NX Daemon Server] - 2024-04-21T21:32:51.149Z - [WATCHER]: 0 file(s) created or restored, 2 file(s) modified, 0 file(s) deleted
[NX Daemon Server] - 2024-04-21T21:32:57.567Z - [REQUEST]: Updated file-hasher based on watched changes, recomputing project graph...
[NX Daemon Server] - 2024-04-21T21:32:57.602Z - Time taken for 'hash changed files from watcher' 1.126900002360344ms
[NX Daemon Server] - 2024-04-21T21:32:57.666Z - [WATCHER]: 0 file(s) created or restored, 2 file(s) modified, 0 file(s) deleted
[NX Daemon Server] - 2024-04-21T21:33:04.091Z - [REQUEST]: Updated file-hasher based on watched changes, recomputing project graph...
[NX Daemon Server] - 2024-04-21T21:33:04.125Z - Time taken for 'hash changed files from watcher' 1.1428999975323677ms
[NX Daemon Server] - 2024-04-21T21:33:04.189Z - [WATCHER]: 0 file(s) created or restored, 2 file(s) modified, 0 file(s) deleted
[NX Daemon Server] - 2024-04-21T21:33:10.614Z - [REQUEST]: Updated file-hasher based on watched changes, recomputing project graph...
[NX Daemon Server] - 2024-04-21T21:33:10.649Z - Time taken for 'hash changed files from watcher' 1.3637999966740608ms
[NX Daemon Server] - 2024-04-21T21:33:10.712Z - [WATCHER]: 0 file(s) created or restored, 2 file(s) modified, 0 file(s) deleted
[NX Daemon Server] - 2024-04-21T21:33:17.134Z - [REQUEST]: Updated file-hasher based on watched changes, recomputing project graph...
[NX Daemon Server] - 2024-04-21T21:33:17.167Z - Time taken for 'hash changed files from watcher' 1.1096999943256378ms
[NX Daemon Server] - 2024-04-21T21:33:17.234Z - [WATCHER]: 0 file(s) created or restored, 2 file(s) modified, 0 file(s) deleted
[NX Daemon Server] - 2024-04-21T21:33:23.674Z - [REQUEST]: Updated file-hasher based on watched changes, recomputing project graph...
[NX Daemon Server] - 2024-04-21T21:33:23.711Z - Time taken for 'hash changed files from watcher' 1.8461999967694283ms
[NX Daemon Server] - 2024-04-21T21:33:23.775Z - [WATCHER]: 0 file(s) created or restored, 2 file(s) modified, 0 file(s) deleted
[NX Daemon Server] - 2024-04-21T21:33:30.192Z - [REQUEST]: Updated file-hasher based on watched changes, recomputing project graph...
[NX Daemon Server] - 2024-04-21T21:33:30.226Z - Time taken for 'hash changed files from watcher' 1.0160999968647957ms
[NX Daemon Server] - 2024-04-21T21:33:30.292Z - [WATCHER]: 0 file(s) created or restored, 2 file(s) modified, 0 file(s) deleted
[NX Daemon Server] - 2024-04-21T21:33:36.730Z - [REQUEST]: Updated file-hasher based on watched changes, recomputing project graph...
[NX Daemon Server] - 2024-04-21T21:33:36.764Z - Time taken for 'hash changed files from watcher' 6.748199999332428ms
[NX Daemon Server] - 2024-04-21T21:33:36.821Z - [WATCHER]: 0 file(s) created or restored, 2 file(s) modified, 0 file(s) deleted
[NX Daemon Server] - 2024-04-21T21:33:43.250Z - [REQUEST]: Updated file-hasher based on watched changes, recomputing project graph...
[NX Daemon Server] - 2024-04-21T21:33:43.283Z - Time taken for 'hash changed files from watcher' 8.456900000572205ms
[NX Daemon Server] - 2024-04-21T21:33:43.340Z - [WATCHER]: 0 file(s) created or restored, 2 file(s) modified, 0 file(s) deleted
[NX Daemon Server] - 2024-04-21T21:33:49.772Z - [REQUEST]: Updated file-hasher based on watched changes, recomputing project graph...
[NX Daemon Server] - 2024-04-21T21:33:49.808Z - Time taken for 'hash changed files from watcher' 1.1475000008940697ms
[NX Daemon Server] - 2024-04-21T21:33:49.870Z - [WATCHER]: 0 file(s) created or restored, 2 file(s) modified, 0 file(s) deleted
[NX Daemon Server] - 2024-04-21T21:33:56.296Z - [REQUEST]: Updated file-hasher based on watched changes, recomputing project graph...
[NX Daemon Server] - 2024-04-21T21:33:56.330Z - Time taken for 'hash changed files from watcher' 1.1414999961853027ms
[NX Daemon Server] - 2024-04-21T21:33:56.397Z - [WATCHER]: 0 file(s) created or restored, 2 file(s) modified, 0 file(s) deleted
[NX Daemon Server] - 2024-04-21T21:34:02.827Z - [REQUEST]: Updated file-hasher based on watched changes, recomputing project graph...
[NX Daemon Server] - 2024-04-21T21:34:02.861Z - Time taken for 'hash changed files from watcher' 6.193000003695488ms
[NX Daemon Server] - 2024-04-21T21:34:02.922Z - [WATCHER]: 0 file(s) created or restored, 2 file(s) modified, 0 file(s) deleted
[NX Daemon Server] - 2024-04-21T21:34:09.347Z - [REQUEST]: Updated file-hasher based on watched changes, recomputing project graph...
[NX Daemon Server] - 2024-04-21T21:34:09.384Z - Time taken for 'hash changed files from watcher' 1.1570999994874ms
[NX Daemon Server] - 2024-04-21T21:34:09.446Z - [WATCHER]: 0 file(s) created or restored, 2 file(s) modified, 0 file(s) deleted
[NX Daemon Server] - 2024-04-21T21:34:15.884Z - [REQUEST]: Updated file-hasher based on watched changes, recomputing project graph...
[NX Daemon Server] - 2024-04-21T21:34:15.921Z - Time taken for 'hash changed files from watcher' 7.053199999034405ms
[NX Daemon Server] - 2024-04-21T21:34:15.992Z - [WATCHER]: 0 file(s) created or restored, 2 file(s) modified, 0 file(s) deleted
[NX Daemon Server] - 2024-04-21T21:34:22.427Z - [REQUEST]: Updated file-hasher based on watched changes, recomputing project graph...
[NX Daemon Server] - 2024-04-21T21:34:22.465Z - Time taken for 'hash changed files from watcher' 7.713500000536442ms
[NX Daemon Server] - 2024-04-21T21:34:22.534Z - [WATCHER]: 0 file(s) created or restored, 2 file(s) modified, 0 file(s) deleted
[NX Daemon Server] - 2024-04-21T21:34:28.961Z - [REQUEST]: Updated file-hasher based on watched changes, recomputing project graph...
[NX Daemon Server] - 2024-04-21T21:34:28.995Z - Time taken for 'hash changed files from watcher' 6.374499998986721ms
[NX Daemon Server] - 2024-04-21T21:34:29.056Z - [WATCHER]: 0 file(s) created or restored, 2 file(s) modified, 0 file(s) deleted
[NX Daemon Server] - 2024-04-21T21:34:35.484Z - [REQUEST]: Updated file-hasher based on watched changes, recomputing project graph...
[NX Daemon Server] - 2024-04-21T21:34:35.516Z - Time taken for 'hash changed files from watcher' 6.444200001657009ms
[NX Daemon Server] - 2024-04-21T21:34:35.579Z - [WATCHER]: 0 file(s) created or restored, 2 file(s) modified, 0 file(s) deleted
[NX Daemon Server] - 2024-04-21T21:34:42.017Z - [REQUEST]: Updated file-hasher based on watched changes, recomputing project graph...
[NX Daemon Server] - 2024-04-21T21:34:42.050Z - Time taken for 'hash changed files from watcher' 7.692500002682209ms
[NX Daemon Server] - 2024-04-21T21:34:42.110Z - [WATCHER]: 0 file(s) created or restored, 2 file(s) modified, 0 file(s) deleted
[NX Daemon Server] - 2024-04-21T21:34:48.533Z - [REQUEST]: Updated file-hasher based on watched changes, recomputing project graph...
[NX Daemon Server] - 2024-04-21T21:34:48.566Z - Time taken for 'hash changed files from watcher' 6.408900000154972ms
[NX Daemon Server] - 2024-04-21T21:34:48.627Z - [WATCHER]: 0 file(s) created or restored, 2 file(s) modified, 0 file(s) deleted
[NX Daemon Server] - 2024-04-21T21:34:55.054Z - [REQUEST]: Updated file-hasher based on watched changes, recomputing project graph...
[NX Daemon Server] - 2024-04-21T21:34:55.086Z - Time taken for 'hash changed files from watcher' 5.727199994027615ms
[NX Daemon Server] - 2024-04-21T21:34:55.149Z - [WATCHER]: 0 file(s) created or restored, 2 file(s) modified, 0 file(s) deleted
[NX Daemon Server] - 2024-04-21T21:35:01.579Z - [REQUEST]: Updated file-hasher based on watched changes, recomputing project graph...
[NX Daemon Server] - 2024-04-21T21:35:01.612Z - Time taken for 'hash changed files from watcher' 5.8545999974012375ms
[NX Daemon Server] - 2024-04-21T21:35:01.674Z - [WATCHER]: 0 file(s) created or restored, 2 file(s) modified, 0 file(s) deleted
[NX Daemon Server] - 2024-04-21T21:35:08.097Z - [REQUEST]: Updated file-hasher based on watched changes, recomputing project graph...
[NX Daemon Server] - 2024-04-21T21:35:08.129Z - Time taken for 'hash changed files from watcher' 5.79729999601841ms
[NX Daemon Server] - 2024-04-21T21:35:08.192Z - [WATCHER]: 0 file(s) created or restored, 2 file(s) modified, 0 file(s) deleted
[NX Daemon Server] - 2024-04-21T21:35:14.620Z - [REQUEST]: Updated file-hasher based on watched changes, recomputing project graph...
[NX Daemon Server] - 2024-04-21T21:35:14.652Z - Time taken for 'hash changed files from watcher' 5.850599996745586ms
[NX Daemon Server] - 2024-04-21T21:35:14.715Z - [WATCHER]: 0 file(s) created or restored, 2 file(s) modified, 0 file(s) deleted
[NX Daemon Server] - 2024-04-21T21:35:21.137Z - [REQUEST]: Updated file-hasher based on watched changes, recomputing project graph...
[NX Daemon Server] - 2024-04-21T21:35:21.169Z - Time taken for 'hash changed files from watcher' 5.926500000059605ms
[NX Daemon Server] - 2024-04-21T21:35:21.232Z - [WATCHER]: 0 file(s) created or restored, 2 file(s) modified, 0 file(s) deleted
[NX Daemon Server] - 2024-04-21T21:35:27.668Z - [REQUEST]: Updated file-hasher based on watched changes, recomputing project graph...
[NX Daemon Server] - 2024-04-21T21:35:27.702Z - Time taken for 'hash changed files from watcher' 6.033399999141693ms
[NX Daemon Server] - 2024-04-21T21:35:27.762Z - [WATCHER]: 0 file(s) created or restored, 2 file(s) modified, 0 file(s) deleted
[NX Daemon Server] - 2024-04-21T21:35:34.188Z - [REQUEST]: Updated file-hasher based on watched changes, recomputing project graph...
[NX Daemon Server] - 2024-04-21T21:35:34.220Z - Time taken for 'hash changed files from watcher' 6.165400005877018ms
[NX Daemon Server] - 2024-04-21T21:35:34.283Z - [WATCHER]: 0 file(s) created or restored, 2 file(s) modified, 0 file(s) deleted
[NX Daemon Server] - 2024-04-21T21:35:40.721Z - [REQUEST]: Updated file-hasher based on watched changes, recomputing project graph...
[NX Daemon Server] - 2024-04-21T21:35:40.759Z - Time taken for 'hash changed files from watcher' 7.463500000536442ms
[NX Daemon Server] - 2024-04-21T21:35:40.830Z - [WATCHER]: 0 file(s) created or restored, 2 file(s) modified, 0 file(s) deleted
[NX Daemon Server] - 2024-04-21T21:35:47.264Z - [REQUEST]: Updated file-hasher based on watched changes, recomputing project graph...
[NX Daemon Server] - 2024-04-21T21:35:47.299Z - Time taken for 'hash changed files from watcher' 5.896499998867512ms
[NX Daemon Server] - 2024-04-21T21:35:47.359Z - [WATCHER]: 0 file(s) created or restored, 2 file(s) modified, 0 file(s) deleted
[NX Daemon Server] - 2024-04-21T21:35:53.786Z - [REQUEST]: Updated file-hasher based on watched changes, recomputing project graph...
[NX Daemon Server] - 2024-04-21T21:35:53.819Z - Time taken for 'hash changed files from watcher' 5.881099998950958ms
[NX Daemon Server] - 2024-04-21T21:35:53.879Z - [WATCHER]: 0 file(s) created or restored, 2 file(s) modified, 0 file(s) deleted
[NX Daemon Server] - 2024-04-21T21:36:00.307Z - [REQUEST]: Updated file-hasher based on watched changes, recomputing project graph...
[NX Daemon Server] - 2024-04-21T21:36:00.339Z - Time taken for 'hash changed files from watcher' 5.969300001859665ms
[NX Daemon Server] - 2024-04-21T21:36:00.401Z - [WATCHER]: 0 file(s) created or restored, 2 file(s) modified, 0 file(s) deleted
[NX Daemon Server] - 2024-04-21T21:36:06.838Z - [REQUEST]: Updated file-hasher based on watched changes, recomputing project graph...
[NX Daemon Server] - 2024-04-21T21:36:06.871Z - Time taken for 'hash changed files from watcher' 5.795800000429153ms
[NX Daemon Server] - 2024-04-21T21:36:06.933Z - [WATCHER]: 0 file(s) created or restored, 2 file(s) modified, 0 file(s) deleted
[NX Daemon Server] - 2024-04-21T21:36:13.367Z - [REQUEST]: Updated file-hasher based on watched changes, recomputing project graph...
[NX Daemon Server] - 2024-04-21T21:36:13.406Z - Time taken for 'hash changed files from watcher' 7.694099999964237ms
[NX Daemon Server] - 2024-04-21T21:36:13.468Z - [WATCHER]: 0 file(s) created or restored, 2 file(s) modified, 0 file(s) deleted
[NX Daemon Server] - 2024-04-21T21:36:19.897Z - [REQUEST]: Updated file-hasher based on watched changes, recomputing project graph...
[NX Daemon Server] - 2024-04-21T21:36:19.934Z - Time taken for 'hash changed files from watcher' 6.603000000119209ms
[NX Daemon Server] - 2024-04-21T21:36:20.006Z - [WATCHER]: 0 file(s) created or restored, 2 file(s) modified, 0 file(s) deleted
[NX Daemon Server] - 2024-04-21T21:36:26.441Z - [REQUEST]: Updated file-hasher based on watched changes, recomputing project graph...
[NX Daemon Server] - 2024-04-21T21:36:26.474Z - Time taken for 'hash changed files from watcher' 5.905500002205372ms
[NX Daemon Server] - 2024-04-21T21:36:26.536Z - [WATCHER]: 0 file(s) created or restored, 2 file(s) modified, 0 file(s) deleted
[NX Daemon Server] - 2024-04-21T21:36:32.960Z - [REQUEST]: Updated file-hasher based on watched changes, recomputing project graph...
[NX Daemon Server] - 2024-04-21T21:36:32.992Z - Time taken for 'hash changed files from watcher' 5.944799996912479ms
[NX Daemon Server] - 2024-04-21T21:36:33.054Z - [WATCHER]: 0 file(s) created or restored, 2 file(s) modified, 0 file(s) deleted
[NX Daemon Server] - 2024-04-21T21:36:39.487Z - [REQUEST]: Updated file-hasher based on watched changes, recomputing project graph...
[NX Daemon Server] - 2024-04-21T21:36:39.519Z - Time taken for 'hash changed files from watcher' 6.200200006365776ms
[NX Daemon Server] - 2024-04-21T21:36:39.580Z - [WATCHER]: 0 file(s) created or restored, 2 file(s) modified, 0 file(s) deleted
[NX Daemon Server] - 2024-04-21T21:36:46.004Z - [REQUEST]: Updated file-hasher based on watched changes, recomputing project graph...
[NX Daemon Server] - 2024-04-21T21:36:46.037Z - Time taken for 'hash changed files from watcher' 5.958200000226498ms
[NX Daemon Server] - 2024-04-21T21:36:46.098Z - [WATCHER]: 0 file(s) created or restored, 2 file(s) modified, 0 file(s) deleted
[NX Daemon Server] - 2024-04-21T21:36:52.522Z - [REQUEST]: Updated file-hasher based on watched changes, recomputing project graph...
[NX Daemon Server] - 2024-04-21T21:36:52.554Z - Time taken for 'hash changed files from watcher' 6.00959999859333ms
[NX Daemon Server] - 2024-04-21T21:36:52.617Z - [WATCHER]: 0 file(s) created or restored, 2 file(s) modified, 0 file(s) deleted
[NX Daemon Server] - 2024-04-21T21:36:59.050Z - [REQUEST]: Updated file-hasher based on watched changes, recomputing project graph...
[NX Daemon Server] - 2024-04-21T21:36:59.084Z - Time taken for 'hash changed files from watcher' 6.588500000536442ms
[NX Daemon Server] - 2024-04-21T21:36:59.153Z - [WATCHER]: 0 file(s) created or restored, 2 file(s) modified, 0 file(s) deleted
[NX Daemon Server] - 2024-04-21T21:37:05.584Z - [REQUEST]: Updated file-hasher based on watched changes, recomputing project graph...
[NX Daemon Server] - 2024-04-21T21:37:05.616Z - Time taken for 'hash changed files from watcher' 5.863799996674061ms
[NX Daemon Server] - 2024-04-21T21:37:05.677Z - [WATCHER]: 0 file(s) created or restored, 2 file(s) modified, 0 file(s) deleted
[NX Daemon Server] - 2024-04-21T21:37:12.111Z - [REQUEST]: Updated file-hasher based on watched changes, recomputing project graph...
[NX Daemon Server] - 2024-04-21T21:37:12.151Z - Time taken for 'hash changed files from watcher' 8.465300001204014ms
[NX Daemon Server] - 2024-04-21T21:37:12.216Z - [WATCHER]: 0 file(s) created or restored, 2 file(s) modified, 0 file(s) deleted
[NX Daemon Server] - 2024-04-21T21:37:18.645Z - [REQUEST]: Updated file-hasher based on watched changes, recomputing project graph...
[NX Daemon Server] - 2024-04-21T21:37:18.681Z - Time taken for 'hash changed files from watcher' 6.428700000047684ms
[NX Daemon Server] - 2024-04-21T21:37:18.739Z - [WATCHER]: 0 file(s) created or restored, 2 file(s) modified, 0 file(s) deleted
[NX Daemon Server] - 2024-04-21T21:37:25.165Z - [REQUEST]: Updated file-hasher based on watched changes, recomputing project graph...
[NX Daemon Server] - 2024-04-21T21:37:25.198Z - Time taken for 'hash changed files from watcher' 6.059799998998642ms
[NX Daemon Server] - 2024-04-21T21:37:25.258Z - [WATCHER]: 0 file(s) created or restored, 2 file(s) modified, 0 file(s) deleted
[NX Daemon Server] - 2024-04-21T21:37:31.684Z - [REQUEST]: Updated file-hasher based on watched changes, recomputing project graph...
[NX Daemon Server] - 2024-04-21T21:37:31.716Z - Time taken for 'hash changed files from watcher' 6.066700004041195ms
[NX Daemon Server] - 2024-04-21T21:37:31.777Z - [WATCHER]: 0 file(s) created or restored, 2 file(s) modified, 0 file(s) deleted
[NX Daemon Server] - 2024-04-21T21:37:38.200Z - [REQUEST]: Updated file-hasher based on watched changes, recomputing project graph...
[NX Daemon Server] - 2024-04-21T21:37:38.234Z - Time taken for 'hash changed files from watcher' 6.192300006747246ms
[NX Daemon Server] - 2024-04-21T21:37:38.294Z - [WATCHER]: 0 file(s) created or restored, 2 file(s) modified, 0 file(s) deleted
[NX Daemon Server] - 2024-04-21T21:37:44.717Z - [REQUEST]: Updated file-hasher based on watched changes, recomputing project graph...
[NX Daemon Server] - 2024-04-21T21:37:44.750Z - Time taken for 'hash changed files from watcher' 6.12049999833107ms
[NX Daemon Server] - 2024-04-21T21:37:44.811Z - [WATCHER]: 0 file(s) created or restored, 2 file(s) modified, 0 file(s) deleted
[NX Daemon Server] - 2024-04-21T21:37:51.238Z - [REQUEST]: Updated file-hasher based on watched changes, recomputing project graph...
[NX Daemon Server] - 2024-04-21T21:37:51.271Z - Time taken for 'hash changed files from watcher' 6.179999999701977ms
[NX Daemon Server] - 2024-04-21T21:37:51.332Z - [WATCHER]: 0 file(s) created or restored, 2 file(s) modified, 0 file(s) deleted
[NX Daemon Server] - 2024-04-21T21:37:57.759Z - [REQUEST]: Updated file-hasher based on watched changes, recomputing project graph...
[NX Daemon Server] - 2024-04-21T21:37:57.791Z - Time taken for 'hash changed files from watcher' 5.771899998188019ms
[NX Daemon Server] - 2024-04-21T21:37:57.854Z - [WATCHER]: 0 file(s) created or restored, 2 file(s) modified, 0 file(s) deleted
[NX Daemon Server] - 2024-04-21T21:38:04.289Z - [REQUEST]: Updated file-hasher based on watched changes, recomputing project graph...
[NX Daemon Server] - 2024-04-21T21:38:04.322Z - Time taken for 'hash changed files from watcher' 6.394400000572205ms
[NX Daemon Server] - 2024-04-21T21:38:04.383Z - [WATCHER]: 0 file(s) created or restored, 2 file(s) modified, 0 file(s) deleted
[NX Daemon Server] - 2024-04-21T21:38:10.810Z - [REQUEST]: Updated file-hasher based on watched changes, recomputing project graph...
[NX Daemon Server] - 2024-04-21T21:38:10.843Z - Time taken for 'hash changed files from watcher' 5.836400002241135ms
[NX Daemon Server] - 2024-04-21T21:38:10.905Z - [WATCHER]: 0 file(s) created or restored, 2 file(s) modified, 0 file(s) deleted
[NX Daemon Server] - 2024-04-21T21:38:17.330Z - [REQUEST]: Updated file-hasher based on watched changes, recomputing project graph...
[NX Daemon Server] - 2024-04-21T21:38:17.363Z - Time taken for 'hash changed files from watcher' 5.922899998724461ms
[NX Daemon Server] - 2024-04-21T21:38:17.425Z - [WATCHER]: 0 file(s) created or restored, 2 file(s) modified, 0 file(s) deleted
[NX Daemon Server] - 2024-04-21T21:38:23.850Z - [REQUEST]: Updated file-hasher based on watched changes, recomputing project graph...
[NX Daemon Server] - 2024-04-21T21:38:23.882Z - Time taken for 'hash changed files from watcher' 6.21339999884367ms
[NX Daemon Server] - 2024-04-21T21:38:23.944Z - [WATCHER]: 0 file(s) created or restored, 2 file(s) modified, 0 file(s) deleted
[NX Daemon Server] - 2024-04-21T21:38:30.375Z - [REQUEST]: Updated file-hasher based on watched changes, recomputing project graph...
[NX Daemon Server] - 2024-04-21T21:38:30.408Z - Time taken for 'hash changed files from watcher' 6.076900005340576ms
[NX Daemon Server] - 2024-04-21T21:38:30.469Z - [WATCHER]: 0 file(s) created or restored, 2 file(s) modified, 0 file(s) deleted
[NX Daemon Server] - 2024-04-21T21:38:36.895Z - [REQUEST]: Updated file-hasher based on watched changes, recomputing project graph...
[NX Daemon Server] - 2024-04-21T21:38:36.931Z - Time taken for 'hash changed files from watcher' 5.840000003576279ms
[NX Daemon Server] - 2024-04-21T21:38:36.990Z - [WATCHER]: 0 file(s) created or restored, 2 file(s) modified, 0 file(s) deleted
[NX Daemon Server] - 2024-04-21T21:38:43.417Z - [REQUEST]: Updated file-hasher based on watched changes, recomputing project graph...
[NX Daemon Server] - 2024-04-21T21:38:43.450Z - Time taken for 'hash changed files from watcher' 7.637299999594688ms
[NX Daemon Server] - 2024-04-21T21:38:43.510Z - [WATCHER]: 0 file(s) created or restored, 2 file(s) modified, 0 file(s) deleted
[NX Daemon Server] - 2024-04-21T21:38:49.939Z - [REQUEST]: Updated file-hasher based on watched changes, recomputing project graph...
[NX Daemon Server] - 2024-04-21T21:38:49.972Z - Time taken for 'hash changed files from watcher' 5.9175999984145164ms
[NX Daemon Server] - 2024-04-21T21:38:50.035Z - [WATCHER]: 0 file(s) created or restored, 2 file(s) modified, 0 file(s) deleted
[NX Daemon Server] - 2024-04-21T21:38:56.465Z - [REQUEST]: Updated file-hasher based on watched changes, recomputing project graph...
[NX Daemon Server] - 2024-04-21T21:38:56.497Z - Time taken for 'hash changed files from watcher' 5.969400003552437ms
[NX Daemon Server] - 2024-04-21T21:38:56.559Z - [WATCHER]: 0 file(s) created or restored, 2 file(s) modified, 0 file(s) deleted
[NX Daemon Server] - 2024-04-21T21:39:02.990Z - [REQUEST]: Updated file-hasher based on watched changes, recomputing project graph...
[NX Daemon Server] - 2024-04-21T21:39:03.024Z - Time taken for 'hash changed files from watcher' 6.75229999423027ms
[NX Daemon Server] - 2024-04-21T21:39:03.084Z - [WATCHER]: 0 file(s) created or restored, 2 file(s) modified, 0 file(s) deleted
[NX Daemon Server] - 2024-04-21T21:39:09.510Z - [REQUEST]: Updated file-hasher based on watched changes, recomputing project graph...
[NX Daemon Server] - 2024-04-21T21:39:09.543Z - Time taken for 'hash changed files from watcher' 6.065799996256828ms
[NX Daemon Server] - 2024-04-21T21:39:09.604Z - [WATCHER]: 0 file(s) created or restored, 2 file(s) modified, 0 file(s) deleted
[NX Daemon Server] - 2024-04-21T21:39:16.044Z - [REQUEST]: Updated file-hasher based on watched changes, recomputing project graph...
[NX Daemon Server] - 2024-04-21T21:39:16.086Z - Time taken for 'hash changed files from watcher' 6.872900001704693ms
[NX Daemon Server] - 2024-04-21T21:39:16.147Z - [WATCHER]: 0 file(s) created or restored, 2 file(s) modified, 0 file(s) deleted
[NX Daemon Server] - 2024-04-21T21:39:22.580Z - [REQUEST]: Updated file-hasher based on watched changes, recomputing project graph...
[NX Daemon Server] - 2024-04-21T21:39:22.613Z - Time taken for 'hash changed files from watcher' 5.897199995815754ms
[NX Daemon Server] - 2024-04-21T21:39:22.675Z - [WATCHER]: 0 file(s) created or restored, 2 file(s) modified, 0 file(s) deleted
[NX Daemon Server] - 2024-04-21T21:39:29.110Z - [REQUEST]: Updated file-hasher based on watched changes, recomputing project graph...
[NX Daemon Server] - 2024-04-21T21:39:29.144Z - Time taken for 'hash changed files from watcher' 7.791299998760223ms
[NX Daemon Server] - 2024-04-21T21:39:29.202Z - [WATCHER]: 0 file(s) created or restored, 2 file(s) modified, 0 file(s) deleted
[NX Daemon Server] - 2024-04-21T21:39:35.628Z - [REQUEST]: Updated file-hasher based on watched changes, recomputing project graph...
[NX Daemon Server] - 2024-04-21T21:39:35.661Z - Time taken for 'hash changed files from watcher' 5.81020000576973ms
[NX Daemon Server] - 2024-04-21T21:39:35.723Z - [WATCHER]: 0 file(s) created or restored, 2 file(s) modified, 0 file(s) deleted
[NX Daemon Server] - 2024-04-21T21:39:42.150Z - [REQUEST]: Updated file-hasher based on watched changes, recomputing project graph...
[NX Daemon Server] - 2024-04-21T21:39:42.186Z - Time taken for 'hash changed files from watcher' 7.132500000298023ms
[NX Daemon Server] - 2024-04-21T21:39:42.256Z - [WATCHER]: 0 file(s) created or restored, 2 file(s) modified, 0 file(s) deleted
[NX Daemon Server] - 2024-04-21T21:39:48.694Z - [REQUEST]: Updated file-hasher based on watched changes, recomputing project graph...
[NX Daemon Server] - 2024-04-21T21:39:48.731Z - Time taken for 'hash changed files from watcher' 7.4849999994039536ms
[NX Daemon Server] - 2024-04-21T21:39:48.802Z - [WATCHER]: 0 file(s) created or restored, 2 file(s) modified, 0 file(s) deleted
[NX Daemon Server] - 2024-04-21T21:39:55.228Z - [REQUEST]: Updated file-hasher based on watched changes, recomputing project graph...
[NX Daemon Server] - 2024-04-21T21:39:55.265Z - Time taken for 'hash changed files from watcher' 6.306099995970726ms
[NX Daemon Server] - 2024-04-21T21:39:55.337Z - [WATCHER]: 0 file(s) created or restored, 2 file(s) modified, 0 file(s) deleted
[NX Daemon Server] - 2024-04-21T21:40:01.760Z - [REQUEST]: Updated file-hasher based on watched changes, recomputing project graph...
[NX Daemon Server] - 2024-04-21T21:40:01.794Z - Time taken for 'hash changed files from watcher' 5.945900000631809ms
[NX Daemon Server] - 2024-04-21T21:40:01.856Z - [WATCHER]: 0 file(s) created or restored, 2 file(s) modified, 0 file(s) deleted
[NX Daemon Server] - 2024-04-21T21:40:08.283Z - [REQUEST]: Updated file-hasher based on watched changes, recomputing project graph...
[NX Daemon Server] - 2024-04-21T21:40:08.320Z - Time taken for 'hash changed files from watcher' 6.179499998688698ms
[NX Daemon Server] - 2024-04-21T21:40:08.391Z - [WATCHER]: 0 file(s) created or restored, 2 file(s) modified, 0 file(s) deleted
[NX Daemon Server] - 2024-04-21T21:40:14.822Z - [REQUEST]: Updated file-hasher based on watched changes, recomputing project graph...
[NX Daemon Server] - 2024-04-21T21:40:14.861Z - Time taken for 'hash changed files from watcher' 6.194300003349781ms
[NX Daemon Server] - 2024-04-21T21:40:14.931Z - [WATCHER]: 0 file(s) created or restored, 2 file(s) modified, 0 file(s) deleted
[NX Daemon Server] - 2024-04-21T21:40:21.367Z - [REQUEST]: Updated file-hasher based on watched changes, recomputing project graph...
[NX Daemon Server] - 2024-04-21T21:40:21.401Z - Time taken for 'hash changed files from watcher' 5.953900001943111ms
[NX Daemon Server] - 2024-04-21T21:40:21.461Z - [WATCHER]: 0 file(s) created or restored, 2 file(s) modified, 0 file(s) deleted
[NX Daemon Server] - 2024-04-21T21:40:27.886Z - [REQUEST]: Updated file-hasher based on watched changes, recomputing project graph...
[NX Daemon Server] - 2024-04-21T21:40:27.920Z - Time taken for 'hash changed files from watcher' 6.155700005590916ms
[NX Daemon Server] - 2024-04-21T21:40:27.981Z - [WATCHER]: 0 file(s) created or restored, 2 file(s) modified, 0 file(s) deleted
[NX Daemon Server] - 2024-04-21T21:40:34.409Z - [REQUEST]: Updated file-hasher based on watched changes, recomputing project graph...
[NX Daemon Server] - 2024-04-21T21:40:34.443Z - Time taken for 'hash changed files from watcher' 5.90650000423193ms
[NX Daemon Server] - 2024-04-21T21:40:34.504Z - [WATCHER]: 0 file(s) created or restored, 2 file(s) modified, 0 file(s) deleted
[NX Daemon Server] - 2024-04-21T21:40:40.934Z - [REQUEST]: Updated file-hasher based on watched changes, recomputing project graph...
[NX Daemon Server] - 2024-04-21T21:40:40.968Z - Time taken for 'hash changed files from watcher' 7.325300000607967ms
[NX Daemon Server] - 2024-04-21T21:40:41.027Z - [WATCHER]: 0 file(s) created or restored, 2 file(s) modified, 0 file(s) deleted
[NX Daemon Server] - 2024-04-21T21:40:47.468Z - [REQUEST]: Updated file-hasher based on watched changes, recomputing project graph...
[NX Daemon Server] - 2024-04-21T21:40:47.525Z - Time taken for 'hash changed files from watcher' 8.424699999392033ms
[NX Daemon Server] - 2024-04-21T21:40:47.594Z - [WATCHER]: 0 file(s) created or restored, 2 file(s) modified, 0 file(s) deleted
[NX Daemon Server] - 2024-04-21T21:40:54.028Z - [REQUEST]: Updated file-hasher based on watched changes, recomputing project graph...
[NX Daemon Server] - 2024-04-21T21:40:54.063Z - Time taken for 'hash changed files from watcher' 6.7753000035882ms
[NX Daemon Server] - 2024-04-21T21:40:54.135Z - [WATCHER]: 0 file(s) created or restored, 2 file(s) modified, 0 file(s) deleted
[NX Daemon Server] - 2024-04-21T21:41:00.556Z - [REQUEST]: Updated file-hasher based on watched changes, recomputing project graph...
[NX Daemon Server] - 2024-04-21T21:41:00.593Z - Time taken for 'hash changed files from watcher' 6.007399998605251ms
[NX Daemon Server] - 2024-04-21T21:41:00.656Z - [WATCHER]: 0 file(s) created or restored, 2 file(s) modified, 0 file(s) deleted
[NX Daemon Server] - 2024-04-21T21:41:07.091Z - [REQUEST]: Updated file-hasher based on watched changes, recomputing project graph...
[NX Daemon Server] - 2024-04-21T21:41:07.127Z - Time taken for 'hash changed files from watcher' 6.041900001466274ms
[NX Daemon Server] - 2024-04-21T21:41:07.185Z - [WATCHER]: 0 file(s) created or restored, 2 file(s) modified, 0 file(s) deleted
[NX Daemon Server] - 2024-04-21T21:41:13.628Z - [REQUEST]: Updated file-hasher based on watched changes, recomputing project graph...
[NX Daemon Server] - 2024-04-21T21:41:13.667Z - Time taken for 'hash changed files from watcher' 9.39869999885559ms
[NX Daemon Server] - 2024-04-21T21:41:13.731Z - [WATCHER]: 0 file(s) created or restored, 2 file(s) modified, 0 file(s) deleted
[NX Daemon Server] - 2024-04-21T21:41:20.166Z - [REQUEST]: Updated file-hasher based on watched changes, recomputing project graph...
[NX Daemon Server] - 2024-04-21T21:41:20.201Z - Time taken for 'hash changed files from watcher' 6.264200001955032ms
[NX Daemon Server] - 2024-04-21T21:41:20.261Z - [WATCHER]: 0 file(s) created or restored, 2 file(s) modified, 0 file(s) deleted
[NX Daemon Server] - 2024-04-21T21:41:26.697Z - [REQUEST]: Updated file-hasher based on watched changes, recomputing project graph...
[NX Daemon Server] - 2024-04-21T21:41:26.729Z - Time taken for 'hash changed files from watcher' 5.772600002586842ms
[NX Daemon Server] - 2024-04-21T21:41:26.791Z - [WATCHER]: 0 file(s) created or restored, 2 file(s) modified, 0 file(s) deleted
[NX Daemon Server] - 2024-04-21T21:41:33.220Z - [REQUEST]: Updated file-hasher based on watched changes, recomputing project graph...
[NX Daemon Server] - 2024-04-21T21:41:33.253Z - Time taken for 'hash changed files from watcher' 5.888700000941753ms
[NX Daemon Server] - 2024-04-21T21:41:33.316Z - [WATCHER]: 0 file(s) created or restored, 2 file(s) modified, 0 file(s) deleted
[NX Daemon Server] - 2024-04-21T21:41:39.743Z - [REQUEST]: Updated file-hasher based on watched changes, recomputing project graph...
[NX Daemon Server] - 2024-04-21T21:41:39.779Z - Time taken for 'hash changed files from watcher' 5.8315000012516975ms
[NX Daemon Server] - 2024-04-21T21:41:39.838Z - [WATCHER]: 0 file(s) created or restored, 2 file(s) modified, 0 file(s) deleted
[NX Daemon Server] - 2024-04-21T21:41:46.271Z - [REQUEST]: Updated file-hasher based on watched changes, recomputing project graph...
[NX Daemon Server] - 2024-04-21T21:41:46.303Z - Time taken for 'hash changed files from watcher' 7.1450000032782555ms
[NX Daemon Server] - 2024-04-21T21:41:46.364Z - [WATCHER]: 0 file(s) created or restored, 2 file(s) modified, 0 file(s) deleted
[NX Daemon Server] - 2024-04-21T21:41:52.790Z - [REQUEST]: Updated file-hasher based on watched changes, recomputing project graph...
[NX Daemon Server] - 2024-04-21T21:41:52.822Z - Time taken for 'hash changed files from watcher' 5.785599999129772ms
[NX Daemon Server] - 2024-04-21T21:41:52.885Z - [WATCHER]: 0 file(s) created or restored, 2 file(s) modified, 0 file(s) deleted
[NX Daemon Server] - 2024-04-21T21:41:59.309Z - [REQUEST]: Updated file-hasher based on watched changes, recomputing project graph...
[NX Daemon Server] - 2024-04-21T21:41:59.340Z - Time taken for 'hash changed files from watcher' 6.256300002336502ms
[NX Daemon Server] - 2024-04-21T21:41:59.404Z - [WATCHER]: 0 file(s) created or restored, 2 file(s) modified, 0 file(s) deleted
[NX Daemon Server] - 2024-04-21T21:42:05.831Z - [REQUEST]: Updated file-hasher based on watched changes, recomputing project graph...
[NX Daemon Server] - 2024-04-21T21:42:05.864Z - Time taken for 'hash changed files from watcher' 5.8324000015854836ms
[NX Daemon Server] - 2024-04-21T21:42:05.927Z - [WATCHER]: 0 file(s) created or restored, 2 file(s) modified, 0 file(s) deleted
[NX Daemon Server] - 2024-04-21T21:42:12.354Z - [REQUEST]: Updated file-hasher based on watched changes, recomputing project graph...
[NX Daemon Server] - 2024-04-21T21:42:12.386Z - Time taken for 'hash changed files from watcher' 6.182700000703335ms
[NX Daemon Server] - 2024-04-21T21:42:12.448Z - [WATCHER]: 0 file(s) created or restored, 2 file(s) modified, 0 file(s) deleted
[NX Daemon Server] - 2024-04-21T21:42:18.875Z - [REQUEST]: Updated file-hasher based on watched changes, recomputing project graph...
[NX Daemon Server] - 2024-04-21T21:42:18.907Z - Time taken for 'hash changed files from watcher' 5.710299998521805ms
[NX Daemon Server] - 2024-04-21T21:42:18.969Z - [WATCHER]: 0 file(s) created or restored, 2 file(s) modified, 0 file(s) deleted
[NX Daemon Server] - 2024-04-21T21:42:25.391Z - [REQUEST]: Updated file-hasher based on watched changes, recomputing project graph...
[NX Daemon Server] - 2024-04-21T21:42:25.424Z - Time taken for 'hash changed files from watcher' 5.805100001394749ms
[NX Daemon Server] - 2024-04-21T21:42:25.487Z - [WATCHER]: 0 file(s) created or restored, 2 file(s) modified, 0 file(s) deleted
[NX Daemon Server] - 2024-04-21T21:42:31.908Z - [REQUEST]: Updated file-hasher based on watched changes, recomputing project graph...
[NX Daemon Server] - 2024-04-21T21:42:31.939Z - Time taken for 'hash changed files from watcher' 5.962999999523163ms
[NX Daemon Server] - 2024-04-21T21:42:32.003Z - [WATCHER]: 0 file(s) created or restored, 2 file(s) modified, 0 file(s) deleted
[NX Daemon Server] - 2024-04-21T21:42:38.432Z - [REQUEST]: Updated file-hasher based on watched changes, recomputing project graph...
[NX Daemon Server] - 2024-04-21T21:42:38.465Z - Time taken for 'hash changed files from watcher' 6.066600002348423ms
[NX Daemon Server] - 2024-04-21T21:42:38.527Z - [WATCHER]: 0 file(s) created or restored, 2 file(s) modified, 0 file(s) deleted
[NX Daemon Server] - 2024-04-21T21:42:44.960Z - [REQUEST]: Updated file-hasher based on watched changes, recomputing project graph...
[NX Daemon Server] - 2024-04-21T21:42:44.992Z - Time taken for 'hash changed files from watcher' 7.066300004720688ms
[NX Daemon Server] - 2024-04-21T21:42:45.054Z - [WATCHER]: 0 file(s) created or restored, 2 file(s) modified, 0 file(s) deleted
[NX Daemon Server] - 2024-04-21T21:42:51.487Z - [REQUEST]: Updated file-hasher based on watched changes, recomputing project graph...
[NX Daemon Server] - 2024-04-21T21:42:51.520Z - Time taken for 'hash changed files from watcher' 5.7925999984145164ms
[NX Daemon Server] - 2024-04-21T21:42:51.581Z - [WATCHER]: 0 file(s) created or restored, 2 file(s) modified, 0 file(s) deleted
[NX Daemon Server] - 2024-04-21T21:42:58.013Z - [REQUEST]: Updated file-hasher based on watched changes, recomputing project graph...
[NX Daemon Server] - 2024-04-21T21:42:58.047Z - Time taken for 'hash changed files from watcher' 5.829499997198582ms
[NX Daemon Server] - 2024-04-21T21:42:58.108Z - [WATCHER]: 0 file(s) created or restored, 2 file(s) modified, 0 file(s) deleted
[NX Daemon Server] - 2024-04-21T21:43:04.550Z - [REQUEST]: Updated file-hasher based on watched changes, recomputing project graph...
[NX Daemon Server] - 2024-04-21T21:43:04.591Z - Time taken for 'hash changed files from watcher' 8.757100000977516ms
[NX Daemon Server] - 2024-04-21T21:43:04.661Z - [WATCHER]: 0 file(s) created or restored, 2 file(s) modified, 0 file(s) deleted
[NX Daemon Server] - 2024-04-21T21:43:11.086Z - [REQUEST]: Updated file-hasher based on watched changes, recomputing project graph...
[NX Daemon Server] - 2024-04-21T21:43:11.120Z - Time taken for 'hash changed files from watcher' 6.25900000333786ms
[NX Daemon Server] - 2024-04-21T21:43:11.179Z - [WATCHER]: 0 file(s) created or restored, 2 file(s) modified, 0 file(s) deleted
[NX Daemon Server] - 2024-04-21T21:43:17.607Z - [REQUEST]: Updated file-hasher based on watched changes, recomputing project graph...
[NX Daemon Server] - 2024-04-21T21:43:17.639Z - Time taken for 'hash changed files from watcher' 6.550200000405312ms
[NX Daemon Server] - 2024-04-21T21:43:17.701Z - [WATCHER]: 0 file(s) created or restored, 2 file(s) modified, 0 file(s) deleted
[NX Daemon Server] - 2024-04-21T21:43:24.128Z - [REQUEST]: Updated file-hasher based on watched changes, recomputing project graph...
[NX Daemon Server] - 2024-04-21T21:43:24.160Z - Time taken for 'hash changed files from watcher' 5.86710000038147ms
[NX Daemon Server] - 2024-04-21T21:43:24.223Z - [WATCHER]: 0 file(s) created or restored, 2 file(s) modified, 0 file(s) deleted
[NX Daemon Server] - 2024-04-21T21:43:30.646Z - [REQUEST]: Updated file-hasher based on watched changes, recomputing project graph...
[NX Daemon Server] - 2024-04-21T21:43:30.678Z - Time taken for 'hash changed files from watcher' 5.855400003492832ms
[NX Daemon Server] - 2024-04-21T21:43:30.741Z - [WATCHER]: 0 file(s) created or restored, 2 file(s) modified, 0 file(s) deleted
[NX Daemon Server] - 2024-04-21T21:43:37.178Z - [REQUEST]: Updated file-hasher based on watched changes, recomputing project graph...
[NX Daemon Server] - 2024-04-21T21:43:37.211Z - Time taken for 'hash changed files from watcher' 6.030000001192093ms
[NX Daemon Server] - 2024-04-21T21:43:37.272Z - [WATCHER]: 0 file(s) created or restored, 2 file(s) modified, 0 file(s) deleted
[NX Daemon Server] - 2024-04-21T21:43:43.708Z - [REQUEST]: Updated file-hasher based on watched changes, recomputing project graph...
[NX Daemon Server] - 2024-04-21T21:43:43.740Z - Time taken for 'hash changed files from watcher' 7.2383000031113625ms
[NX Daemon Server] - 2024-04-21T21:43:43.803Z - [WATCHER]: 0 file(s) created or restored, 2 file(s) modified, 0 file(s) deleted
[NX Daemon Server] - 2024-04-21T21:43:50.226Z - [REQUEST]: Updated file-hasher based on watched changes, recomputing project graph...
[NX Daemon Server] - 2024-04-21T21:43:50.262Z - Time taken for 'hash changed files from watcher' 6.2626999989151955ms
[NX Daemon Server] - 2024-04-21T21:43:50.321Z - [WATCHER]: 0 file(s) created or restored, 2 file(s) modified, 0 file(s) deleted
[NX Daemon Server] - 2024-04-21T21:43:56.756Z - [REQUEST]: Updated file-hasher based on watched changes, recomputing project graph...
[NX Daemon Server] - 2024-04-21T21:43:56.794Z - Time taken for 'hash changed files from watcher' 6.060599997639656ms
[NX Daemon Server] - 2024-04-21T21:43:56.864Z - [WATCHER]: 0 file(s) created or restored, 2 file(s) modified, 0 file(s) deleted
[NX Daemon Server] - 2024-04-21T21:44:03.288Z - [REQUEST]: Updated file-hasher based on watched changes, recomputing project graph...
[NX Daemon Server] - 2024-04-21T21:44:03.320Z - Time taken for 'hash changed files from watcher' 5.891699999570847ms
[NX Daemon Server] - 2024-04-21T21:44:03.382Z - [WATCHER]: 0 file(s) created or restored, 2 file(s) modified, 0 file(s) deleted
[NX Daemon Server] - 2024-04-21T21:44:09.806Z - [REQUEST]: Updated file-hasher based on watched changes, recomputing project graph...
[NX Daemon Server] - 2024-04-21T21:44:09.838Z - Time taken for 'hash changed files from watcher' 6.035399995744228ms
[NX Daemon Server] - 2024-04-21T21:44:09.900Z - [WATCHER]: 0 file(s) created or restored, 2 file(s) modified, 0 file(s) deleted
[NX Daemon Server] - 2024-04-21T21:44:16.323Z - [REQUEST]: Updated file-hasher based on watched changes, recomputing project graph...
[NX Daemon Server] - 2024-04-21T21:44:16.355Z - Time taken for 'hash changed files from watcher' 5.96849999576807ms
[NX Daemon Server] - 2024-04-21T21:44:16.418Z - [WATCHER]: 0 file(s) created or restored, 2 file(s) modified, 0 file(s) deleted
[NX Daemon Server] - 2024-04-21T21:44:22.845Z - [REQUEST]: Updated file-hasher based on watched changes, recomputing project graph...
[NX Daemon Server] - 2024-04-21T21:44:22.877Z - Time taken for 'hash changed files from watcher' 6.231499999761581ms
[NX Daemon Server] - 2024-04-21T21:44:22.939Z - [WATCHER]: 0 file(s) created or restored, 2 file(s) modified, 0 file(s) deleted
[NX Daemon Server] - 2024-04-21T21:44:29.367Z - [REQUEST]: Updated file-hasher based on watched changes, recomputing project graph...
[NX Daemon Server] - 2024-04-21T21:44:29.398Z - Time taken for 'hash changed files from watcher' 5.952199995517731ms
[NX Daemon Server] - 2024-04-21T21:44:29.461Z - [WATCHER]: 0 file(s) created or restored, 2 file(s) modified, 0 file(s) deleted
[NX Daemon Server] - 2024-04-21T21:44:35.887Z - [REQUEST]: Updated file-hasher based on watched changes, recomputing project graph...
[NX Daemon Server] - 2024-04-21T21:44:35.924Z - Time taken for 'hash changed files from watcher' 6.10700000077486ms
[NX Daemon Server] - 2024-04-21T21:44:35.982Z - [WATCHER]: 0 file(s) created or restored, 2 file(s) modified, 0 file(s) deleted
[NX Daemon Server] - 2024-04-21T21:44:42.410Z - [REQUEST]: Updated file-hasher based on watched changes, recomputing project graph...
[NX Daemon Server] - 2024-04-21T21:44:42.444Z - Time taken for 'hash changed files from watcher' 7.237900003790855ms
[NX Daemon Server] - 2024-04-21T21:44:42.504Z - [WATCHER]: 0 file(s) created or restored, 2 file(s) modified, 0 file(s) deleted
[NX Daemon Server] - 2024-04-21T21:44:48.927Z - [REQUEST]: Updated file-hasher based on watched changes, recomputing project graph...
[NX Daemon Server] - 2024-04-21T21:44:48.960Z - Time taken for 'hash changed files from watcher' 5.965199999511242ms
[NX Daemon Server] - 2024-04-21T21:44:49.022Z - [WATCHER]: 0 file(s) created or restored, 2 file(s) modified, 0 file(s) deleted
[NX Daemon Server] - 2024-04-21T21:44:55.458Z - [REQUEST]: Updated file-hasher based on watched changes, recomputing project graph...
[NX Daemon Server] - 2024-04-21T21:44:55.491Z - Time taken for 'hash changed files from watcher' 6.989399999380112ms
[NX Daemon Server] - 2024-04-21T21:44:55.551Z - [WATCHER]: 0 file(s) created or restored, 2 file(s) modified, 0 file(s) deleted
[NX Daemon Server] - 2024-04-21T21:45:01.985Z - [REQUEST]: Updated file-hasher based on watched changes, recomputing project graph...
[NX Daemon Server] - 2024-04-21T21:45:02.017Z - Time taken for 'hash changed files from watcher' 6.7562999948859215ms
[NX Daemon Server] - 2024-04-21T21:45:02.079Z - [WATCHER]: 0 file(s) created or restored, 2 file(s) modified, 0 file(s) deleted
[NX Daemon Server] - 2024-04-21T21:45:08.501Z - [REQUEST]: Updated file-hasher based on watched changes, recomputing project graph...
[NX Daemon Server] - 2024-04-21T21:45:08.533Z - Time taken for 'hash changed files from watcher' 5.771199993789196ms
[NX Daemon Server] - 2024-04-21T21:45:08.595Z - [WATCHER]: 0 file(s) created or restored, 2 file(s) modified, 0 file(s) deleted
[NX Daemon Server] - 2024-04-21T21:45:15.024Z - [REQUEST]: Updated file-hasher based on watched changes, recomputing project graph...
[NX Daemon Server] - 2024-04-21T21:45:15.056Z - Time taken for 'hash changed files from watcher' 5.884799994528294ms
[NX Daemon Server] - 2024-04-21T21:45:15.119Z - [WATCHER]: 0 file(s) created or restored, 2 file(s) modified, 0 file(s) deleted
[NX Daemon Server] - 2024-04-21T21:45:21.543Z - [REQUEST]: Updated file-hasher based on watched changes, recomputing project graph...
[NX Daemon Server] - 2024-04-21T21:45:21.575Z - Time taken for 'hash changed files from watcher' 6.374300003051758ms
[NX Daemon Server] - 2024-04-21T21:45:21.638Z - [WATCHER]: 0 file(s) created or restored, 2 file(s) modified, 0 file(s) deleted
[NX Daemon Server] - 2024-04-21T21:45:28.059Z - [REQUEST]: Updated file-hasher based on watched changes, recomputing project graph...
[NX Daemon Server] - 2024-04-21T21:45:28.090Z - Time taken for 'hash changed files from watcher' 5.91950000077486ms
[NX Daemon Server] - 2024-04-21T21:45:28.154Z - [WATCHER]: 0 file(s) created or restored, 2 file(s) modified, 0 file(s) deleted
[NX Daemon Server] - 2024-04-21T21:45:34.580Z - [REQUEST]: Updated file-hasher based on watched changes, recomputing project graph...
[NX Daemon Server] - 2024-04-21T21:45:34.612Z - Time taken for 'hash changed files from watcher' 6.452299997210503ms
[NX Daemon Server] - 2024-04-21T21:45:34.675Z - [WATCHER]: 0 file(s) created or restored, 2 file(s) modified, 0 file(s) deleted
[NX Daemon Server] - 2024-04-21T21:45:41.103Z - [REQUEST]: Updated file-hasher based on watched changes, recomputing project graph...
[NX Daemon Server] - 2024-04-21T21:45:41.134Z - Time taken for 'hash changed files from watcher' 7.4299000054597855ms
[NX Daemon Server] - 2024-04-21T21:45:41.195Z - [WATCHER]: 0 file(s) created or restored, 2 file(s) modified, 0 file(s) deleted
[NX Daemon Server] - 2024-04-21T21:45:47.618Z - [REQUEST]: Updated file-hasher based on watched changes, recomputing project graph...
[NX Daemon Server] - 2024-04-21T21:45:47.650Z - Time taken for 'hash changed files from watcher' 5.8800999969244ms
[NX Daemon Server] - 2024-04-21T21:45:47.714Z - [WATCHER]: 0 file(s) created or restored, 2 file(s) modified, 0 file(s) deleted
[NX Daemon Server] - 2024-04-21T21:45:54.149Z - [REQUEST]: Updated file-hasher based on watched changes, recomputing project graph...
[NX Daemon Server] - 2024-04-21T21:45:54.180Z - Time taken for 'hash changed files from watcher' 6.154899999499321ms
[NX Daemon Server] - 2024-04-21T21:45:54.243Z - [WATCHER]: 0 file(s) created or restored, 2 file(s) modified, 0 file(s) deleted
[NX Daemon Server] - 2024-04-21T21:46:00.676Z - [REQUEST]: Updated file-hasher based on watched changes, recomputing project graph...
[NX Daemon Server] - 2024-04-21T21:46:00.709Z - Time taken for 'hash changed files from watcher' 6.0714999958872795ms
[NX Daemon Server] - 2024-04-21T21:46:00.771Z - [WATCHER]: 0 file(s) created or restored, 2 file(s) modified, 0 file(s) deleted
[NX Daemon Server] - 2024-04-21T21:46:07.197Z - [REQUEST]: Updated file-hasher based on watched changes, recomputing project graph...
[NX Daemon Server] - 2024-04-21T21:46:07.232Z - Time taken for 'hash changed files from watcher' 6.1300999969244ms
[NX Daemon Server] - 2024-04-21T21:46:07.291Z - [WATCHER]: 0 file(s) created or restored, 2 file(s) modified, 0 file(s) deleted
[NX Daemon Server] - 2024-04-21T21:46:13.727Z - [REQUEST]: Updated file-hasher based on watched changes, recomputing project graph...
[NX Daemon Server] - 2024-04-21T21:46:13.760Z - Time taken for 'hash changed files from watcher' 6.275499999523163ms
[NX Daemon Server] - 2024-04-21T21:46:13.821Z - [WATCHER]: 0 file(s) created or restored, 2 file(s) modified, 0 file(s) deleted
[NX Daemon Server] - 2024-04-21T21:46:20.243Z - [REQUEST]: Updated file-hasher based on watched changes, recomputing project graph...
[NX Daemon Server] - 2024-04-21T21:46:20.276Z - Time taken for 'hash changed files from watcher' 5.76070000231266ms
[NX Daemon Server] - 2024-04-21T21:46:20.339Z - [WATCHER]: 0 file(s) created or restored, 2 file(s) modified, 0 file(s) deleted
[NX Daemon Server] - 2024-04-21T21:46:26.772Z - [REQUEST]: Updated file-hasher based on watched changes, recomputing project graph...
[NX Daemon Server] - 2024-04-21T21:46:26.804Z - Time taken for 'hash changed files from watcher' 5.947700001299381ms
[NX Daemon Server] - 2024-04-21T21:46:26.867Z - [WATCHER]: 0 file(s) created or restored, 2 file(s) modified, 0 file(s) deleted
[NX Daemon Server] - 2024-04-21T21:46:33.296Z - [REQUEST]: Updated file-hasher based on watched changes, recomputing project graph...
[NX Daemon Server] - 2024-04-21T21:46:33.328Z - Time taken for 'hash changed files from watcher' 6.101599998772144ms
[NX Daemon Server] - 2024-04-21T21:46:33.391Z - [WATCHER]: 0 file(s) created or restored, 2 file(s) modified, 0 file(s) deleted
[NX Daemon Server] - 2024-04-21T21:46:39.814Z - [REQUEST]: Updated file-hasher based on watched changes, recomputing project graph...
[NX Daemon Server] - 2024-04-21T21:46:39.845Z - Time taken for 'hash changed files from watcher' 5.914700001478195ms
[NX Daemon Server] - 2024-04-21T21:46:39.909Z - [WATCHER]: 0 file(s) created or restored, 2 file(s) modified, 0 file(s) deleted
[NX Daemon Server] - 2024-04-21T21:46:46.334Z - [REQUEST]: Updated file-hasher based on watched changes, recomputing project graph...
[NX Daemon Server] - 2024-04-21T21:46:46.369Z - Time taken for 'hash changed files from watcher' 7.218599997460842ms
[NX Daemon Server] - 2024-04-21T21:46:46.427Z - [WATCHER]: 0 file(s) created or restored, 2 file(s) modified, 0 file(s) deleted
[NX Daemon Server] - 2024-04-21T21:46:52.865Z - [REQUEST]: Updated file-hasher based on watched changes, recomputing project graph...
[NX Daemon Server] - 2024-04-21T21:46:52.901Z - Time taken for 'hash changed files from watcher' 8.640099994838238ms
[NX Daemon Server] - 2024-04-21T21:46:52.969Z - [WATCHER]: 0 file(s) created or restored, 2 file(s) modified, 0 file(s) deleted
[NX Daemon Server] - 2024-04-21T21:46:59.392Z - [REQUEST]: Updated file-hasher based on watched changes, recomputing project graph...
[NX Daemon Server] - 2024-04-21T21:46:59.425Z - Time taken for 'hash changed files from watcher' 7.193099997937679ms
[NX Daemon Server] - 2024-04-21T21:46:59.485Z - [WATCHER]: 0 file(s) created or restored, 2 file(s) modified, 0 file(s) deleted
[NX Daemon Server] - 2024-04-21T21:47:05.910Z - [REQUEST]: Updated file-hasher based on watched changes, recomputing project graph...
[NX Daemon Server] - 2024-04-21T21:47:05.943Z - Time taken for 'hash changed files from watcher' 6.129099994897842ms
[NX Daemon Server] - 2024-04-21T21:47:06.004Z - [WATCHER]: 0 file(s) created or restored, 2 file(s) modified, 0 file(s) deleted
[NX Daemon Server] - 2024-04-21T21:47:12.430Z - [REQUEST]: Updated file-hasher based on watched changes, recomputing project graph...
[NX Daemon Server] - 2024-04-21T21:47:12.462Z - Time taken for 'hash changed files from watcher' 5.843999996781349ms
[NX Daemon Server] - 2024-04-21T21:47:12.525Z - [WATCHER]: 0 file(s) created or restored, 2 file(s) modified, 0 file(s) deleted
[NX Daemon Server] - 2024-04-21T21:47:18.949Z - [REQUEST]: Updated file-hasher based on watched changes, recomputing project graph...
[NX Daemon Server] - 2024-04-21T21:47:18.982Z - Time taken for 'hash changed files from watcher' 5.924100004136562ms
[NX Daemon Server] - 2024-04-21T21:47:19.044Z - [WATCHER]: 0 file(s) created or restored, 2 file(s) modified, 0 file(s) deleted
[NX Daemon Server] - 2024-04-21T21:47:25.470Z - [REQUEST]: Updated file-hasher based on watched changes, recomputing project graph...
[NX Daemon Server] - 2024-04-21T21:47:25.502Z - Time taken for 'hash changed files from watcher' 6.061999998986721ms
[NX Daemon Server] - 2024-04-21T21:47:25.565Z - [WATCHER]: 0 file(s) created or restored, 2 file(s) modified, 0 file(s) deleted
[NX Daemon Server] - 2024-04-21T21:47:31.996Z - [REQUEST]: Updated file-hasher based on watched changes, recomputing project graph...
[NX Daemon Server] - 2024-04-21T21:47:32.029Z - Time taken for 'hash changed files from watcher' 6.0168000012636185ms
[NX Daemon Server] - 2024-04-21T21:47:32.091Z - [WATCHER]: 0 file(s) created or restored, 2 file(s) modified, 0 file(s) deleted
[NX Daemon Server] - 2024-04-21T21:47:38.515Z - [REQUEST]: Updated file-hasher based on watched changes, recomputing project graph...
[NX Daemon Server] - 2024-04-21T21:47:38.550Z - Time taken for 'hash changed files from watcher' 6.188100002706051ms
[NX Daemon Server] - 2024-04-21T21:47:38.610Z - [WATCHER]: 0 file(s) created or restored, 2 file(s) modified, 0 file(s) deleted
[NX Daemon Server] - 2024-04-21T21:47:45.038Z - [REQUEST]: Updated file-hasher based on watched changes, recomputing project graph...
[NX Daemon Server] - 2024-04-21T21:47:45.070Z - Time taken for 'hash changed files from watcher' 7.0861000046133995ms
[NX Daemon Server] - 2024-04-21T21:47:45.131Z - [WATCHER]: 0 file(s) created or restored, 2 file(s) modified, 0 file(s) deleted
[NX Daemon Server] - 2024-04-21T21:47:51.566Z - [REQUEST]: Updated file-hasher based on watched changes, recomputing project graph...
[NX Daemon Server] - 2024-04-21T21:47:51.607Z - Time taken for 'hash changed files from watcher' 5.976499997079372ms
[NX Daemon Server] - 2024-04-21T21:47:51.674Z - [WATCHER]: 0 file(s) created or restored, 2 file(s) modified, 0 file(s) deleted
[NX Daemon Server] - 2024-04-21T21:47:58.108Z - [REQUEST]: Updated file-hasher based on watched changes, recomputing project graph...
[NX Daemon Server] - 2024-04-21T21:47:58.143Z - Time taken for 'hash changed files from watcher' 6.213700003921986ms
[NX Daemon Server] - 2024-04-21T21:47:58.202Z - [WATCHER]: 0 file(s) created or restored, 2 file(s) modified, 0 file(s) deleted
[NX Daemon Server] - 2024-04-21T21:48:04.639Z - [REQUEST]: Updated file-hasher based on watched changes, recomputing project graph...
[NX Daemon Server] - 2024-04-21T21:48:04.674Z - Time taken for 'hash changed files from watcher' 6.520799994468689ms
[NX Daemon Server] - 2024-04-21T21:48:04.745Z - [WATCHER]: 0 file(s) created or restored, 2 file(s) modified, 0 file(s) deleted
[NX Daemon Server] - 2024-04-21T21:48:11.188Z - [REQUEST]: Updated file-hasher based on watched changes, recomputing project graph...
[NX Daemon Server] - 2024-04-21T21:48:11.242Z - Time taken for 'hash changed files from watcher' 8.017799995839596ms
[NX Daemon Server] - 2024-04-21T21:48:11.308Z - [WATCHER]: 0 file(s) created or restored, 2 file(s) modified, 0 file(s) deleted
[NX Daemon Server] - 2024-04-21T21:48:17.732Z - [REQUEST]: Updated file-hasher based on watched changes, recomputing project graph...
[NX Daemon Server] - 2024-04-21T21:48:18.091Z - Time taken for 'hash changed files from watcher' 7.081399999558926ms
[NX Daemon Server] - 2024-04-21T21:48:18.164Z - [WATCHER]: 0 file(s) created or restored, 2 file(s) modified, 0 file(s) deleted
[NX Daemon Server] - 2024-04-21T21:48:24.587Z - [REQUEST]: Updated file-hasher based on watched changes, recomputing project graph...
[NX Daemon Server] - 2024-04-21T21:48:24.620Z - Time taken for 'hash changed files from watcher' 6.7084000036120415ms
[NX Daemon Server] - 2024-04-21T21:48:24.680Z - [WATCHER]: 0 file(s) created or restored, 2 file(s) modified, 0 file(s) deleted
[NX Daemon Server] - 2024-04-21T21:48:31.116Z - [REQUEST]: Updated file-hasher based on watched changes, recomputing project graph...
[NX Daemon Server] - 2024-04-21T21:48:31.152Z - Time taken for 'hash changed files from watcher' 6.16609999537468ms
[NX Daemon Server] - 2024-04-21T21:48:31.210Z - [WATCHER]: 0 file(s) created or restored, 2 file(s) modified, 0 file(s) deleted
[NX Daemon Server] - 2024-04-21T21:48:37.635Z - [REQUEST]: Updated file-hasher based on watched changes, recomputing project graph...
[NX Daemon Server] - 2024-04-21T21:48:37.669Z - Time taken for 'hash changed files from watcher' 5.941100001335144ms
[NX Daemon Server] - 2024-04-21T21:48:37.729Z - [WATCHER]: 0 file(s) created or restored, 2 file(s) modified, 0 file(s) deleted
[NX Daemon Server] - 2024-04-21T21:48:44.164Z - [REQUEST]: Updated file-hasher based on watched changes, recomputing project graph...
[NX Daemon Server] - 2024-04-21T21:48:44.197Z - Time taken for 'hash changed files from watcher' 6.739000000059605ms
[NX Daemon Server] - 2024-04-21T21:48:44.258Z - [WATCHER]: 0 file(s) created or restored, 2 file(s) modified, 0 file(s) deleted
[NX Daemon Server] - 2024-04-21T21:48:50.685Z - [REQUEST]: Updated file-hasher based on watched changes, recomputing project graph...
[NX Daemon Server] - 2024-04-21T21:48:50.717Z - Time taken for 'hash changed files from watcher' 6.159700006246567ms
[NX Daemon Server] - 2024-04-21T21:48:50.775Z - [WATCHER]: 0 file(s) created or restored, 2 file(s) modified, 0 file(s) deleted
[NX Daemon Server] - 2024-04-21T21:48:57.199Z - [REQUEST]: Updated file-hasher based on watched changes, recomputing project graph...
[NX Daemon Server] - 2024-04-21T21:48:57.232Z - Time taken for 'hash changed files from watcher' 5.91610000282526ms
[NX Daemon Server] - 2024-04-21T21:48:57.294Z - [WATCHER]: 0 file(s) created or restored, 2 file(s) modified, 0 file(s) deleted
[NX Daemon Server] - 2024-04-21T21:49:03.717Z - [REQUEST]: Updated file-hasher based on watched changes, recomputing project graph...
[NX Daemon Server] - 2024-04-21T21:49:03.749Z - Time taken for 'hash changed files from watcher' 5.9543000012636185ms
[NX Daemon Server] - 2024-04-21T21:49:03.812Z - [WATCHER]: 0 file(s) created or restored, 2 file(s) modified, 0 file(s) deleted
[NX Daemon Server] - 2024-04-21T21:49:10.241Z - [REQUEST]: Updated file-hasher based on watched changes, recomputing project graph...
[NX Daemon Server] - 2024-04-21T21:49:10.277Z - Time taken for 'hash changed files from watcher' 5.902999997138977ms
[NX Daemon Server] - 2024-04-21T21:49:10.335Z - [WATCHER]: 0 file(s) created or restored, 2 file(s) modified, 0 file(s) deleted
[NX Daemon Server] - 2024-04-21T21:49:16.764Z - [REQUEST]: Updated file-hasher based on watched changes, recomputing project graph...
[NX Daemon Server] - 2024-04-21T21:49:16.797Z - Time taken for 'hash changed files from watcher' 6.424100004136562ms
[NX Daemon Server] - 2024-04-21T21:49:16.858Z - [WATCHER]: 0 file(s) created or restored, 2 file(s) modified, 0 file(s) deleted
[NX Daemon Server] - 2024-04-21T21:49:23.292Z - [REQUEST]: Updated file-hasher based on watched changes, recomputing project graph...
[NX Daemon Server] - 2024-04-21T21:49:23.324Z - Time taken for 'hash changed files from watcher' 6.088600002229214ms
[NX Daemon Server] - 2024-04-21T21:49:23.386Z - [WATCHER]: 0 file(s) created or restored, 2 file(s) modified, 0 file(s) deleted
[NX Daemon Server] - 2024-04-21T21:49:29.813Z - [REQUEST]: Updated file-hasher based on watched changes, recomputing project graph...
[NX Daemon Server] - 2024-04-21T21:49:29.845Z - Time taken for 'hash changed files from watcher' 6.027400001883507ms
[NX Daemon Server] - 2024-04-21T21:49:29.907Z - [WATCHER]: 0 file(s) created or restored, 2 file(s) modified, 0 file(s) deleted
[NX Daemon Server] - 2024-04-21T21:49:36.340Z - [REQUEST]: Updated file-hasher based on watched changes, recomputing project graph...
[NX Daemon Server] - 2024-04-21T21:49:36.374Z - Time taken for 'hash changed files from watcher' 6.369199998676777ms
[NX Daemon Server] - 2024-04-21T21:49:36.434Z - [WATCHER]: 0 file(s) created or restored, 2 file(s) modified, 0 file(s) deleted
[NX Daemon Server] - 2024-04-21T21:49:42.861Z - [REQUEST]: Updated file-hasher based on watched changes, recomputing project graph...
[NX Daemon Server] - 2024-04-21T21:49:42.894Z - Time taken for 'hash changed files from watcher' 6.4257000014185905ms
[NX Daemon Server] - 2024-04-21T21:49:42.954Z - [WATCHER]: 0 file(s) created or restored, 2 file(s) modified, 0 file(s) deleted
[NX Daemon Server] - 2024-04-21T21:49:49.380Z - [REQUEST]: Updated file-hasher based on watched changes, recomputing project graph...
[NX Daemon Server] - 2024-04-21T21:49:49.412Z - Time taken for 'hash changed files from watcher' 6.26799999922514ms
[NX Daemon Server] - 2024-04-21T21:49:49.475Z - [WATCHER]: 0 file(s) created or restored, 2 file(s) modified, 0 file(s) deleted
[NX Daemon Server] - 2024-04-21T21:49:55.908Z - [REQUEST]: Updated file-hasher based on watched changes, recomputing project graph...
[NX Daemon Server] - 2024-04-21T21:49:55.941Z - Time taken for 'hash changed files from watcher' 6.20100000500679ms
[NX Daemon Server] - 2024-04-21T21:49:56.003Z - [WATCHER]: 0 file(s) created or restored, 2 file(s) modified, 0 file(s) deleted
[NX Daemon Server] - 2024-04-21T21:50:02.425Z - [REQUEST]: Updated file-hasher based on watched changes, recomputing project graph...
[NX Daemon Server] - 2024-04-21T21:50:02.457Z - Time taken for 'hash changed files from watcher' 5.941500000655651ms
[NX Daemon Server] - 2024-04-21T21:50:02.520Z - [WATCHER]: 0 file(s) created or restored, 2 file(s) modified, 0 file(s) deleted
[NX Daemon Server] - 2024-04-21T21:50:08.952Z - [REQUEST]: Updated file-hasher based on watched changes, recomputing project graph...
[NX Daemon Server] - 2024-04-21T21:50:08.986Z - Time taken for 'hash changed files from watcher' 5.772900000214577ms
[NX Daemon Server] - 2024-04-21T21:50:09.047Z - [WATCHER]: 0 file(s) created or restored, 2 file(s) modified, 0 file(s) deleted
[NX Daemon Server] - 2024-04-21T21:50:15.474Z - [REQUEST]: Updated file-hasher based on watched changes, recomputing project graph...
[NX Daemon Server] - 2024-04-21T21:50:15.511Z - Time taken for 'hash changed files from watcher' 6.31870000064373ms
[NX Daemon Server] - 2024-04-21T21:50:15.582Z - [WATCHER]: 0 file(s) created or restored, 2 file(s) modified, 0 file(s) deleted
[NX Daemon Server] - 2024-04-21T21:50:22.018Z - [REQUEST]: Updated file-hasher based on watched changes, recomputing project graph...
[NX Daemon Server] - 2024-04-21T21:50:22.050Z - Time taken for 'hash changed files from watcher' 5.837400004267693ms
[NX Daemon Server] - 2024-04-21T21:50:22.113Z - [WATCHER]: 0 file(s) created or restored, 2 file(s) modified, 0 file(s) deleted
[NX Daemon Server] - 2024-04-21T21:50:28.536Z - [REQUEST]: Updated file-hasher based on watched changes, recomputing project graph...
[NX Daemon Server] - 2024-04-21T21:50:28.569Z - Time taken for 'hash changed files from watcher' 6.219400003552437ms
[NX Daemon Server] - 2024-04-21T21:50:28.631Z - [WATCHER]: 0 file(s) created or restored, 2 file(s) modified, 0 file(s) deleted
[NX Daemon Server] - 2024-04-21T21:50:35.069Z - [REQUEST]: Updated file-hasher based on watched changes, recomputing project graph...
[NX Daemon Server] - 2024-04-21T21:50:35.102Z - Time taken for 'hash changed files from watcher' 7.047199994325638ms
[NX Daemon Server] - 2024-04-21T21:50:35.162Z - [WATCHER]: 0 file(s) created or restored, 2 file(s) modified, 0 file(s) deleted
[NX Daemon Server] - 2024-04-21T21:50:41.611Z - [REQUEST]: Updated file-hasher based on watched changes, recomputing project graph...
[NX Daemon Server] - 2024-04-21T21:50:41.665Z - Time taken for 'hash changed files from watcher' 14.434399999678135ms
[NX Daemon Server] - 2024-04-21T21:50:41.730Z - [WATCHER]: 0 file(s) created or restored, 2 file(s) modified, 0 file(s) deleted
[NX Daemon Server] - 2024-04-21T21:50:48.161Z - [REQUEST]: Updated file-hasher based on watched changes, recomputing project graph...
[NX Daemon Server] - 2024-04-21T21:50:48.196Z - Time taken for 'hash changed files from watcher' 6.983999997377396ms
[NX Daemon Server] - 2024-04-21T21:50:48.255Z - [WATCHER]: 0 file(s) created or restored, 2 file(s) modified, 0 file(s) deleted
[NX Daemon Server] - 2024-04-21T21:50:54.691Z - [REQUEST]: Updated file-hasher based on watched changes, recomputing project graph...
[NX Daemon Server] - 2024-04-21T21:50:54.726Z - Time taken for 'hash changed files from watcher' 6.82940000295639ms
[NX Daemon Server] - 2024-04-21T21:50:54.786Z - [WATCHER]: 0 file(s) created or restored, 2 file(s) modified, 0 file(s) deleted
[NX Daemon Server] - 2024-04-21T21:51:01.226Z - [REQUEST]: Updated file-hasher based on watched changes, recomputing project graph...
[NX Daemon Server] - 2024-04-21T21:51:01.262Z - Time taken for 'hash changed files from watcher' 7.5231000036001205ms
[NX Daemon Server] - 2024-04-21T21:51:01.332Z - [WATCHER]: 0 file(s) created or restored, 2 file(s) modified, 0 file(s) deleted
[NX Daemon Server] - 2024-04-21T21:51:07.761Z - [REQUEST]: Updated file-hasher based on watched changes, recomputing project graph...
[NX Daemon Server] - 2024-04-21T21:51:07.800Z - Time taken for 'hash changed files from watcher' 8.328300006687641ms
[NX Daemon Server] - 2024-04-21T21:51:07.866Z - [WATCHER]: 0 file(s) created or restored, 2 file(s) modified, 0 file(s) deleted
[NX Daemon Server] - 2024-04-21T21:51:14.295Z - [REQUEST]: Updated file-hasher based on watched changes, recomputing project graph...
[NX Daemon Server] - 2024-04-21T21:51:14.329Z - Time taken for 'hash changed files from watcher' 6.2893999963998795ms
[NX Daemon Server] - 2024-04-21T21:51:14.389Z - [WATCHER]: 0 file(s) created or restored, 2 file(s) modified, 0 file(s) deleted
[NX Daemon Server] - 2024-04-21T21:51:20.828Z - [REQUEST]: Updated file-hasher based on watched changes, recomputing project graph...
[NX Daemon Server] - 2024-04-21T21:51:20.863Z - Time taken for 'hash changed files from watcher' 8.964299999177456ms
[NX Daemon Server] - 2024-04-21T21:51:20.932Z - [WATCHER]: 0 file(s) created or restored, 2 file(s) modified, 0 file(s) deleted
[NX Daemon Server] - 2024-04-21T21:51:27.377Z - [REQUEST]: Updated file-hasher based on watched changes, recomputing project graph...
[NX Daemon Server] - 2024-04-21T21:51:27.424Z - Time taken for 'hash changed files from watcher' 8.509099997580051ms
[NX Daemon Server] - 2024-04-21T21:51:27.488Z - [WATCHER]: 0 file(s) created or restored, 2 file(s) modified, 0 file(s) deleted
[NX Daemon Server] - 2024-04-21T21:51:33.961Z - [REQUEST]: Updated file-hasher based on watched changes, recomputing project graph...
[NX Daemon Server] - 2024-04-21T21:51:33.996Z - Time taken for 'hash changed files from watcher' 28.97359999269247ms
[NX Daemon Server] - 2024-04-21T21:51:34.062Z - [WATCHER]: 0 file(s) created or restored, 2 file(s) modified, 0 file(s) deleted
[NX Daemon Server] - 2024-04-21T21:51:40.492Z - [REQUEST]: Updated file-hasher based on watched changes, recomputing project graph...
[NX Daemon Server] - 2024-04-21T21:51:40.524Z - Time taken for 'hash changed files from watcher' 6.3269999995827675ms
[NX Daemon Server] - 2024-04-21T21:51:40.586Z - [WATCHER]: 0 file(s) created or restored, 2 file(s) modified, 0 file(s) deleted
[NX Daemon Server] - 2024-04-21T21:51:47.018Z - [REQUEST]: Updated file-hasher based on watched changes, recomputing project graph...
[NX Daemon Server] - 2024-04-21T21:51:47.052Z - Time taken for 'hash changed files from watcher' 7.254900000989437ms
[NX Daemon Server] - 2024-04-21T21:51:47.110Z - [WATCHER]: 0 file(s) created or restored, 2 file(s) modified, 0 file(s) deleted
[NX Daemon Server] - 2024-04-21T21:51:53.537Z - [REQUEST]: Updated file-hasher based on watched changes, recomputing project graph...
[NX Daemon Server] - 2024-04-21T21:51:53.570Z - Time taken for 'hash changed files from watcher' 6.731600001454353ms
[NX Daemon Server] - 2024-04-21T21:51:53.631Z - [WATCHER]: 0 file(s) created or restored, 2 file(s) modified, 0 file(s) deleted
[NX Daemon Server] - 2024-04-21T21:52:00.060Z - [REQUEST]: Updated file-hasher based on watched changes, recomputing project graph...
[NX Daemon Server] - 2024-04-21T21:52:00.094Z - Time taken for 'hash changed files from watcher' 6.348400004208088ms
[NX Daemon Server] - 2024-04-21T21:52:00.153Z - [WATCHER]: 0 file(s) created or restored, 2 file(s) modified, 0 file(s) deleted
[NX Daemon Server] - 2024-04-21T21:52:06.584Z - [REQUEST]: Updated file-hasher based on watched changes, recomputing project graph...
[NX Daemon Server] - 2024-04-21T21:52:06.621Z - Time taken for 'hash changed files from watcher' 6.338199995458126ms
[NX Daemon Server] - 2024-04-21T21:52:06.692Z - [WATCHER]: 0 file(s) created or restored, 2 file(s) modified, 0 file(s) deleted
[NX Daemon Server] - 2024-04-21T21:52:13.125Z - [REQUEST]: Updated file-hasher based on watched changes, recomputing project graph...
[NX Daemon Server] - 2024-04-21T21:52:13.158Z - Time taken for 'hash changed files from watcher' 6.206199996173382ms
[NX Daemon Server] - 2024-04-21T21:52:13.219Z - [WATCHER]: 0 file(s) created or restored, 2 file(s) modified, 0 file(s) deleted
[NX Daemon Server] - 2024-04-21T21:52:19.643Z - [REQUEST]: Updated file-hasher based on watched changes, recomputing project graph...
[NX Daemon Server] - 2024-04-21T21:52:19.682Z - Time taken for 'hash changed files from watcher' 5.954699993133545ms
[NX Daemon Server] - 2024-04-21T21:52:19.753Z - [WATCHER]: 0 file(s) created or restored, 2 file(s) modified, 0 file(s) deleted
[NX Daemon Server] - 2024-04-21T21:52:26.183Z - [REQUEST]: Updated file-hasher based on watched changes, recomputing project graph...
[NX Daemon Server] - 2024-04-21T21:52:26.216Z - Time taken for 'hash changed files from watcher' 6.110699996352196ms
[NX Daemon Server] - 2024-04-21T21:52:26.277Z - [WATCHER]: 0 file(s) created or restored, 2 file(s) modified, 0 file(s) deleted
[NX Daemon Server] - 2024-04-21T21:52:32.708Z - [REQUEST]: Updated file-hasher based on watched changes, recomputing project graph...
[NX Daemon Server] - 2024-04-21T21:52:32.743Z - Time taken for 'hash changed files from watcher' 6.113499999046326ms
[NX Daemon Server] - 2024-04-21T21:52:32.862Z - [WATCHER]: 0 file(s) created or restored, 2 file(s) modified, 0 file(s) deleted
[NX Daemon Server] - 2024-04-21T21:52:39.291Z - [REQUEST]: Updated file-hasher based on watched changes, recomputing project graph...
[NX Daemon Server] - 2024-04-21T21:52:39.324Z - Time taken for 'hash changed files from watcher' 7.418800003826618ms
[NX Daemon Server] - 2024-04-21T21:52:39.383Z - [WATCHER]: 0 file(s) created or restored, 2 file(s) modified, 0 file(s) deleted
[NX Daemon Server] - 2024-04-21T21:52:45.820Z - [REQUEST]: Updated file-hasher based on watched changes, recomputing project graph...
[NX Daemon Server] - 2024-04-21T21:52:45.853Z - Time taken for 'hash changed files from watcher' 7.384800001978874ms
[NX Daemon Server] - 2024-04-21T21:52:45.913Z - [WATCHER]: 0 file(s) created or restored, 2 file(s) modified, 0 file(s) deleted
[NX Daemon Server] - 2024-04-21T21:52:52.347Z - [REQUEST]: Updated file-hasher based on watched changes, recomputing project graph...
[NX Daemon Server] - 2024-04-21T21:52:52.384Z - Time taken for 'hash changed files from watcher' 6.529300004243851ms
[NX Daemon Server] - 2024-04-21T21:52:52.455Z - [WATCHER]: 0 file(s) created or restored, 2 file(s) modified, 0 file(s) deleted
[NX Daemon Server] - 2024-04-21T21:52:58.889Z - [REQUEST]: Updated file-hasher based on watched changes, recomputing project graph...
[NX Daemon Server] - 2024-04-21T21:52:58.922Z - Time taken for 'hash changed files from watcher' 6.543200001120567ms
[NX Daemon Server] - 2024-04-21T21:52:58.983Z - [WATCHER]: 0 file(s) created or restored, 2 file(s) modified, 0 file(s) deleted
[NX Daemon Server] - 2024-04-21T21:53:05.410Z - [REQUEST]: Updated file-hasher based on watched changes, recomputing project graph...
[NX Daemon Server] - 2024-04-21T21:53:05.443Z - Time taken for 'hash changed files from watcher' 5.947200000286102ms
[NX Daemon Server] - 2024-04-21T21:53:05.504Z - [WATCHER]: 0 file(s) created or restored, 2 file(s) modified, 0 file(s) deleted
[NX Daemon Server] - 2024-04-21T21:53:11.931Z - [REQUEST]: Updated file-hasher based on watched changes, recomputing project graph...
[NX Daemon Server] - 2024-04-21T21:53:11.968Z - Time taken for 'hash changed files from watcher' 7.924599997699261ms
[NX Daemon Server] - 2024-04-21T21:53:12.036Z - [WATCHER]: 0 file(s) created or restored, 2 file(s) modified, 0 file(s) deleted
[NX Daemon Server] - 2024-04-21T21:53:18.474Z - [REQUEST]: Updated file-hasher based on watched changes, recomputing project graph...
[NX Daemon Server] - 2024-04-21T21:53:18.506Z - Time taken for 'hash changed files from watcher' 6.499299995601177ms
[NX Daemon Server] - 2024-04-21T21:53:18.567Z - [WATCHER]: 0 file(s) created or restored, 2 file(s) modified, 0 file(s) deleted
[NX Daemon Server] - 2024-04-21T21:53:24.994Z - [REQUEST]: Updated file-hasher based on watched changes, recomputing project graph...
[NX Daemon Server] - 2024-04-21T21:53:25.028Z - Time taken for 'hash changed files from watcher' 5.818399995565414ms
[NX Daemon Server] - 2024-04-21T21:53:25.088Z - [WATCHER]: 0 file(s) created or restored, 2 file(s) modified, 0 file(s) deleted
[NX Daemon Server] - 2024-04-21T21:53:31.518Z - [REQUEST]: Updated file-hasher based on watched changes, recomputing project graph...
[NX Daemon Server] - 2024-04-21T21:53:31.555Z - Time taken for 'hash changed files from watcher' 5.987999998033047ms
[NX Daemon Server] - 2024-04-21T21:53:31.612Z - [WATCHER]: 0 file(s) created or restored, 2 file(s) modified, 0 file(s) deleted
[NX Daemon Server] - 2024-04-21T21:53:38.045Z - [REQUEST]: Updated file-hasher based on watched changes, recomputing project graph...
[NX Daemon Server] - 2024-04-21T21:53:38.081Z - Time taken for 'hash changed files from watcher' 10.22690000385046ms
[NX Daemon Server] - 2024-04-21T21:53:38.150Z - [WATCHER]: 0 file(s) created or restored, 2 file(s) modified, 0 file(s) deleted
[NX Daemon Server] - 2024-04-21T21:53:44.585Z - [REQUEST]: Updated file-hasher based on watched changes, recomputing project graph...
[NX Daemon Server] - 2024-04-21T21:53:44.618Z - Time taken for 'hash changed files from watcher' 6.936999998986721ms
[NX Daemon Server] - 2024-04-21T21:53:44.679Z - [WATCHER]: 0 file(s) created or restored, 2 file(s) modified, 0 file(s) deleted
[NX Daemon Server] - 2024-04-21T21:53:51.114Z - [REQUEST]: Updated file-hasher based on watched changes, recomputing project graph...
[NX Daemon Server] - 2024-04-21T21:53:51.151Z - Time taken for 'hash changed files from watcher' 9.294799998402596ms
[NX Daemon Server] - 2024-04-21T21:53:51.217Z - [WATCHER]: 0 file(s) created or restored, 2 file(s) modified, 0 file(s) deleted
[NX Daemon Server] - 2024-04-21T21:53:57.650Z - [REQUEST]: Updated file-hasher based on watched changes, recomputing project graph...
[NX Daemon Server] - 2024-04-21T21:53:57.684Z - Time taken for 'hash changed files from watcher' 6.676500000059605ms
[NX Daemon Server] - 2024-04-21T21:53:57.743Z - [WATCHER]: 0 file(s) created or restored, 2 file(s) modified, 0 file(s) deleted
[NX Daemon Server] - 2024-04-21T21:54:04.175Z - [REQUEST]: Updated file-hasher based on watched changes, recomputing project graph...
[NX Daemon Server] - 2024-04-21T21:54:04.209Z - Time taken for 'hash changed files from watcher' 6.166400000452995ms
[NX Daemon Server] - 2024-04-21T21:54:04.271Z - [WATCHER]: 0 file(s) created or restored, 2 file(s) modified, 0 file(s) deleted
[NX Daemon Server] - 2024-04-21T21:54:10.706Z - [REQUEST]: Updated file-hasher based on watched changes, recomputing project graph...
[NX Daemon Server] - 2024-04-21T21:54:10.740Z - Time taken for 'hash changed files from watcher' 6.038800001144409ms
[NX Daemon Server] - 2024-04-21T21:54:10.800Z - [WATCHER]: 0 file(s) created or restored, 2 file(s) modified, 0 file(s) deleted
[NX Daemon Server] - 2024-04-21T21:54:17.235Z - [REQUEST]: Updated file-hasher based on watched changes, recomputing project graph...
[NX Daemon Server] - 2024-04-21T21:54:17.268Z - Time taken for 'hash changed files from watcher' 5.88849999755621ms
[NX Daemon Server] - 2024-04-21T21:54:17.330Z - [WATCHER]: 0 file(s) created or restored, 2 file(s) modified, 0 file(s) deleted
[NX Daemon Server] - 2024-04-21T21:54:23.755Z - [REQUEST]: Updated file-hasher based on watched changes, recomputing project graph...
[NX Daemon Server] - 2024-04-21T21:54:23.788Z - Time taken for 'hash changed files from watcher' 6.250500001013279ms
[NX Daemon Server] - 2024-04-21T21:54:23.848Z - [WATCHER]: 0 file(s) created or restored, 2 file(s) modified, 0 file(s) deleted
[NX Daemon Server] - 2024-04-21T21:54:30.282Z - [REQUEST]: Updated file-hasher based on watched changes, recomputing project graph...
[NX Daemon Server] - 2024-04-21T21:54:30.315Z - Time taken for 'hash changed files from watcher' 6.465700000524521ms
[NX Daemon Server] - 2024-04-21T21:54:30.375Z - [WATCHER]: 0 file(s) created or restored, 2 file(s) modified, 0 file(s) deleted
[NX Daemon Server] - 2024-04-21T21:54:36.809Z - [REQUEST]: Updated file-hasher based on watched changes, recomputing project graph...
[NX Daemon Server] - 2024-04-21T21:54:36.842Z - Time taken for 'hash changed files from watcher' 5.88849999755621ms
[NX Daemon Server] - 2024-04-21T21:54:36.904Z - [WATCHER]: 0 file(s) created or restored, 2 file(s) modified, 0 file(s) deleted
[NX Daemon Server] - 2024-04-21T21:54:43.332Z - [REQUEST]: Updated file-hasher based on watched changes, recomputing project graph...
[NX Daemon Server] - 2024-04-21T21:54:43.366Z - Time taken for 'hash changed files from watcher' 6.990799993276596ms
[NX Daemon Server] - 2024-04-21T21:54:43.427Z - [WATCHER]: 0 file(s) created or restored, 2 file(s) modified, 0 file(s) deleted
[NX Daemon Server] - 2024-04-21T21:54:49.855Z - [REQUEST]: Updated file-hasher based on watched changes, recomputing project graph...
[NX Daemon Server] - 2024-04-21T21:54:49.889Z - Time taken for 'hash changed files from watcher' 6.056099995970726ms
[NX Daemon Server] - 2024-04-21T21:54:49.949Z - [WATCHER]: 0 file(s) created or restored, 2 file(s) modified, 0 file(s) deleted
[NX Daemon Server] - 2024-04-21T21:54:56.387Z - [REQUEST]: Updated file-hasher based on watched changes, recomputing project graph...
[NX Daemon Server] - 2024-04-21T21:54:56.425Z - Time taken for 'hash changed files from watcher' 6.880199998617172ms
[NX Daemon Server] - 2024-04-21T21:54:56.494Z - [WATCHER]: 0 file(s) created or restored, 2 file(s) modified, 0 file(s) deleted
[NX Daemon Server] - 2024-04-21T21:55:02.922Z - [REQUEST]: Updated file-hasher based on watched changes, recomputing project graph...
[NX Daemon Server] - 2024-04-21T21:55:02.960Z - Time taken for 'hash changed files from watcher' 6.467500001192093ms
[NX Daemon Server] - 2024-04-21T21:55:03.030Z - [WATCHER]: 0 file(s) created or restored, 2 file(s) modified, 0 file(s) deleted
[NX Daemon Server] - 2024-04-21T21:55:09.455Z - [REQUEST]: Updated file-hasher based on watched changes, recomputing project graph...
[NX Daemon Server] - 2024-04-21T21:55:09.489Z - Time taken for 'hash changed files from watcher' 7.2098000049591064ms
[NX Daemon Server] - 2024-04-21T21:55:09.548Z - [WATCHER]: 0 file(s) created or restored, 2 file(s) modified, 0 file(s) deleted
[NX Daemon Server] - 2024-04-21T21:55:15.990Z - [REQUEST]: Updated file-hasher based on watched changes, recomputing project graph...
[NX Daemon Server] - 2024-04-21T21:55:16.039Z - Time taken for 'hash changed files from watcher' 7.493500001728535ms
[NX Daemon Server] - 2024-04-21T21:55:16.108Z - [WATCHER]: 0 file(s) created or restored, 2 file(s) modified, 0 file(s) deleted
[NX Daemon Server] - 2024-04-21T21:55:22.534Z - [REQUEST]: Updated file-hasher based on watched changes, recomputing project graph...
[NX Daemon Server] - 2024-04-21T21:55:22.569Z - Time taken for 'hash changed files from watcher' 6.695900000631809ms
[NX Daemon Server] - 2024-04-21T21:55:22.627Z - [WATCHER]: 0 file(s) created or restored, 2 file(s) modified, 0 file(s) deleted
[NX Daemon Server] - 2024-04-21T21:55:29.061Z - [REQUEST]: Updated file-hasher based on watched changes, recomputing project graph...
[NX Daemon Server] - 2024-04-21T21:55:29.095Z - Time taken for 'hash changed files from watcher' 6.581299997866154ms
[NX Daemon Server] - 2024-04-21T21:55:29.154Z - [WATCHER]: 0 file(s) created or restored, 2 file(s) modified, 0 file(s) deleted
[NX Daemon Server] - 2024-04-21T21:55:35.593Z - [REQUEST]: Updated file-hasher based on watched changes, recomputing project graph...
[NX Daemon Server] - 2024-04-21T21:55:35.628Z - Time taken for 'hash changed files from watcher' 7.697800002992153ms
[NX Daemon Server] - 2024-04-21T21:55:35.700Z - [WATCHER]: 0 file(s) created or restored, 2 file(s) modified, 0 file(s) deleted
[NX Daemon Server] - 2024-04-21T21:55:42.129Z - [REQUEST]: Updated file-hasher based on watched changes, recomputing project graph...
[NX Daemon Server] - 2024-04-21T21:55:42.164Z - Time taken for 'hash changed files from watcher' 6.748299993574619ms
[NX Daemon Server] - 2024-04-21T21:55:42.222Z - [WATCHER]: 0 file(s) created or restored, 2 file(s) modified, 0 file(s) deleted
[NX Daemon Server] - 2024-04-21T21:55:48.649Z - [REQUEST]: Updated file-hasher based on watched changes, recomputing project graph...
[NX Daemon Server] - 2024-04-21T21:55:48.683Z - Time taken for 'hash changed files from watcher' 6.647100001573563ms
[NX Daemon Server] - 2024-04-21T21:55:48.743Z - [WATCHER]: 0 file(s) created or restored, 2 file(s) modified, 0 file(s) deleted
[NX Daemon Server] - 2024-04-21T21:55:55.179Z - [REQUEST]: Updated file-hasher based on watched changes, recomputing project graph...
[NX Daemon Server] - 2024-04-21T21:55:55.215Z - Time taken for 'hash changed files from watcher' 6.478000000119209ms
[NX Daemon Server] - 2024-04-21T21:55:55.273Z - [WATCHER]: 0 file(s) created or restored, 2 file(s) modified, 0 file(s) deleted
[NX Daemon Server] - 2024-04-21T21:56:01.708Z - [REQUEST]: Updated file-hasher based on watched changes, recomputing project graph...
[NX Daemon Server] - 2024-04-21T21:56:01.743Z - Time taken for 'hash changed files from watcher' 6.334100000560284ms
[NX Daemon Server] - 2024-04-21T21:56:01.801Z - [WATCHER]: 0 file(s) created or restored, 2 file(s) modified, 0 file(s) deleted
[NX Daemon Server] - 2024-04-21T21:56:08.230Z - [REQUEST]: Updated file-hasher based on watched changes, recomputing project graph...
[NX Daemon Server] - 2024-04-21T21:56:08.265Z - Time taken for 'hash changed files from watcher' 6.250399999320507ms
[NX Daemon Server] - 2024-04-21T21:56:08.323Z - [WATCHER]: 0 file(s) created or restored, 2 file(s) modified, 0 file(s) deleted
[NX Daemon Server] - 2024-04-21T21:56:14.756Z - [REQUEST]: Updated file-hasher based on watched changes, recomputing project graph...
[NX Daemon Server] - 2024-04-21T21:56:14.791Z - Time taken for 'hash changed files from watcher' 7.21339999884367ms
[NX Daemon Server] - 2024-04-21T21:56:14.909Z - [WATCHER]: 0 file(s) created or restored, 2 file(s) modified, 0 file(s) deleted
[NX Daemon Server] - 2024-04-21T21:56:21.338Z - [REQUEST]: Updated file-hasher based on watched changes, recomputing project graph...
[NX Daemon Server] - 2024-04-21T21:56:21.374Z - Time taken for 'hash changed files from watcher' 6.812899999320507ms
[NX Daemon Server] - 2024-04-21T21:56:21.432Z - [WATCHER]: 0 file(s) created or restored, 2 file(s) modified, 0 file(s) deleted
[NX Daemon Server] - 2024-04-21T21:56:27.855Z - [REQUEST]: Updated file-hasher based on watched changes, recomputing project graph...
[NX Daemon Server] - 2024-04-21T21:56:27.890Z - Time taken for 'hash changed files from watcher' 5.992600001394749ms
[NX Daemon Server] - 2024-04-21T21:56:27.949Z - [WATCHER]: 0 file(s) created or restored, 2 file(s) modified, 0 file(s) deleted
[NX Daemon Server] - 2024-04-21T21:56:34.386Z - [REQUEST]: Updated file-hasher based on watched changes, recomputing project graph...
[NX Daemon Server] - 2024-04-21T21:56:34.422Z - Time taken for 'hash changed files from watcher' 6.587999999523163ms
[NX Daemon Server] - 2024-04-21T21:56:34.481Z - [WATCHER]: 0 file(s) created or restored, 2 file(s) modified, 0 file(s) deleted
[NX Daemon Server] - 2024-04-21T21:56:40.906Z - [REQUEST]: Updated file-hasher based on watched changes, recomputing project graph...
[NX Daemon Server] - 2024-04-21T21:56:40.960Z - Time taken for 'hash changed files from watcher' 7.850300006568432ms
[NX Daemon Server] - 2024-04-21T21:56:41.028Z - [WATCHER]: 0 file(s) created or restored, 2 file(s) modified, 0 file(s) deleted
[NX Daemon Server] - 2024-04-21T21:56:47.466Z - [REQUEST]: Updated file-hasher based on watched changes, recomputing project graph...
[NX Daemon Server] - 2024-04-21T21:56:47.507Z - Time taken for 'hash changed files from watcher' 8.733599998056889ms
[NX Daemon Server] - 2024-04-21T21:56:47.573Z - [WATCHER]: 0 file(s) created or restored, 2 file(s) modified, 0 file(s) deleted
[NX Daemon Server] - 2024-04-21T21:56:54.009Z - [REQUEST]: Updated file-hasher based on watched changes, recomputing project graph...
[NX Daemon Server] - 2024-04-21T21:56:54.045Z - Time taken for 'hash changed files from watcher' 6.587499998509884ms
[NX Daemon Server] - 2024-04-21T21:56:54.102Z - [WATCHER]: 0 file(s) created or restored, 2 file(s) modified, 0 file(s) deleted
[NX Daemon Server] - 2024-04-21T21:57:00.527Z - [REQUEST]: Updated file-hasher based on watched changes, recomputing project graph...
[NX Daemon Server] - 2024-04-21T21:57:00.563Z - Time taken for 'hash changed files from watcher' 6.009700000286102ms
[NX Daemon Server] - 2024-04-21T21:57:00.634Z - [WATCHER]: 0 file(s) created or restored, 2 file(s) modified, 0 file(s) deleted
[NX Daemon Server] - 2024-04-21T21:57:07.068Z - [REQUEST]: Updated file-hasher based on watched changes, recomputing project graph...
[NX Daemon Server] - 2024-04-21T21:57:07.106Z - Time taken for 'hash changed files from watcher' 6.874200001358986ms
[NX Daemon Server] - 2024-04-21T21:57:07.175Z - [WATCHER]: 0 file(s) created or restored, 2 file(s) modified, 0 file(s) deleted
[NX Daemon Server] - 2024-04-21T21:57:13.611Z - [REQUEST]: Updated file-hasher based on watched changes, recomputing project graph...
[NX Daemon Server] - 2024-04-21T21:57:13.645Z - Time taken for 'hash changed files from watcher' 6.583200000226498ms
[NX Daemon Server] - 2024-04-21T21:57:13.705Z - [WATCHER]: 0 file(s) created or restored, 2 file(s) modified, 0 file(s) deleted
[NX Daemon Server] - 2024-04-21T21:57:20.147Z - [REQUEST]: Updated file-hasher based on watched changes, recomputing project graph...
[NX Daemon Server] - 2024-04-21T21:57:20.203Z - Time taken for 'hash changed files from watcher' 14.945500001311302ms
[NX Daemon Server] - 2024-04-21T21:57:20.269Z - [WATCHER]: 0 file(s) created or restored, 2 file(s) modified, 0 file(s) deleted
[NX Daemon Server] - 2024-04-21T21:57:26.695Z - [REQUEST]: Updated file-hasher based on watched changes, recomputing project graph...
[NX Daemon Server] - 2024-04-21T21:57:26.729Z - Time taken for 'hash changed files from watcher' 6.07599999755621ms
[NX Daemon Server] - 2024-04-21T21:57:26.790Z - [WATCHER]: 0 file(s) created or restored, 2 file(s) modified, 0 file(s) deleted
[NX Daemon Server] - 2024-04-21T21:57:33.215Z - [REQUEST]: Updated file-hasher based on watched changes, recomputing project graph...
[NX Daemon Server] - 2024-04-21T21:57:33.251Z - Time taken for 'hash changed files from watcher' 7.443099997937679ms
[NX Daemon Server] - 2024-04-21T21:57:33.324Z - [WATCHER]: 0 file(s) created or restored, 2 file(s) modified, 0 file(s) deleted
[NX Daemon Server] - 2024-04-21T21:57:39.760Z - [REQUEST]: Updated file-hasher based on watched changes, recomputing project graph...
[NX Daemon Server] - 2024-04-21T21:57:39.793Z - Time taken for 'hash changed files from watcher' 5.945000000298023ms
[NX Daemon Server] - 2024-04-21T21:57:39.853Z - [WATCHER]: 0 file(s) created or restored, 2 file(s) modified, 0 file(s) deleted
[NX Daemon Server] - 2024-04-21T21:57:46.277Z - [REQUEST]: Updated file-hasher based on watched changes, recomputing project graph...
[NX Daemon Server] - 2024-04-21T21:57:46.311Z - Time taken for 'hash changed files from watcher' 6.897900000214577ms
[NX Daemon Server] - 2024-04-21T21:57:46.371Z - [WATCHER]: 0 file(s) created or restored, 2 file(s) modified, 0 file(s) deleted
[NX Daemon Server] - 2024-04-21T21:57:52.808Z - [REQUEST]: Updated file-hasher based on watched changes, recomputing project graph...
[NX Daemon Server] - 2024-04-21T21:57:52.844Z - Time taken for 'hash changed files from watcher' 5.967500001192093ms
[NX Daemon Server] - 2024-04-21T21:57:52.902Z - [WATCHER]: 0 file(s) created or restored, 2 file(s) modified, 0 file(s) deleted
[NX Daemon Server] - 2024-04-21T21:57:59.327Z - [REQUEST]: Updated file-hasher based on watched changes, recomputing project graph...
[NX Daemon Server] - 2024-04-21T21:57:59.361Z - Time taken for 'hash changed files from watcher' 6.254799999296665ms
[NX Daemon Server] - 2024-04-21T21:57:59.422Z - [WATCHER]: 0 file(s) created or restored, 2 file(s) modified, 0 file(s) deleted
[NX Daemon Server] - 2024-04-21T21:58:05.873Z - [REQUEST]: Updated file-hasher based on watched changes, recomputing project graph...
[NX Daemon Server] - 2024-04-21T21:58:05.907Z - Time taken for 'hash changed files from watcher' 7.531800001859665ms
[NX Daemon Server] - 2024-04-21T21:58:05.971Z - [WATCHER]: 0 file(s) created or restored, 2 file(s) modified, 0 file(s) deleted
[NX Daemon Server] - 2024-04-21T21:58:12.405Z - [REQUEST]: Updated file-hasher based on watched changes, recomputing project graph...
[NX Daemon Server] - 2024-04-21T21:58:12.439Z - Time taken for 'hash changed files from watcher' 5.868100002408028ms
[NX Daemon Server] - 2024-04-21T21:58:12.500Z - [WATCHER]: 0 file(s) created or restored, 2 file(s) modified, 0 file(s) deleted
[NX Daemon Server] - 2024-04-21T21:58:18.925Z - [REQUEST]: Updated file-hasher based on watched changes, recomputing project graph...
[NX Daemon Server] - 2024-04-21T21:58:18.958Z - Time taken for 'hash changed files from watcher' 6.011300005018711ms
[NX Daemon Server] - 2024-04-21T21:58:19.019Z - [WATCHER]: 0 file(s) created or restored, 2 file(s) modified, 0 file(s) deleted
[NX Daemon Server] - 2024-04-21T21:58:25.449Z - [REQUEST]: Updated file-hasher based on watched changes, recomputing project graph...
[NX Daemon Server] - 2024-04-21T21:58:25.484Z - Time taken for 'hash changed files from watcher' 7.266400001943111ms
[NX Daemon Server] - 2024-04-21T21:58:25.541Z - [WATCHER]: 0 file(s) created or restored, 2 file(s) modified, 0 file(s) deleted
[NX Daemon Server] - 2024-04-21T21:58:31.963Z - [REQUEST]: Updated file-hasher based on watched changes, recomputing project graph...
[NX Daemon Server] - 2024-04-21T21:58:31.995Z - Time taken for 'hash changed files from watcher' 5.955099999904633ms
[NX Daemon Server] - 2024-04-21T21:58:32.058Z - [WATCHER]: 0 file(s) created or restored, 2 file(s) modified, 0 file(s) deleted
[NX Daemon Server] - 2024-04-21T21:58:38.490Z - [REQUEST]: Updated file-hasher based on watched changes, recomputing project graph...
[NX Daemon Server] - 2024-04-21T21:58:38.524Z - Time taken for 'hash changed files from watcher' 6.513800002634525ms
[NX Daemon Server] - 2024-04-21T21:58:38.583Z - [WATCHER]: 0 file(s) created or restored, 2 file(s) modified, 0 file(s) deleted
[NX Daemon Server] - 2024-04-21T21:58:45.015Z - [REQUEST]: Updated file-hasher based on watched changes, recomputing project graph...
[NX Daemon Server] - 2024-04-21T21:58:45.049Z - Time taken for 'hash changed files from watcher' 6.9262000024318695ms
[NX Daemon Server] - 2024-04-21T21:58:45.108Z - [WATCHER]: 0 file(s) created or restored, 2 file(s) modified, 0 file(s) deleted
[NX Daemon Server] - 2024-04-21T21:58:51.532Z - [REQUEST]: Updated file-hasher based on watched changes, recomputing project graph...
[NX Daemon Server] - 2024-04-21T21:58:51.565Z - Time taken for 'hash changed files from watcher' 6.6199000030756ms
[NX Daemon Server] - 2024-04-21T21:58:51.627Z - [WATCHER]: 0 file(s) created or restored, 2 file(s) modified, 0 file(s) deleted
[NX Daemon Server] - 2024-04-21T21:58:58.058Z - [REQUEST]: Updated file-hasher based on watched changes, recomputing project graph...
[NX Daemon Server] - 2024-04-21T21:58:58.091Z - Time taken for 'hash changed files from watcher' 6.671899996697903ms
[NX Daemon Server] - 2024-04-21T21:58:58.152Z - [WATCHER]: 0 file(s) created or restored, 2 file(s) modified, 0 file(s) deleted
[NX Daemon Server] - 2024-04-21T21:59:04.578Z - [REQUEST]: Updated file-hasher based on watched changes, recomputing project graph...
[NX Daemon Server] - 2024-04-21T21:59:04.612Z - Time taken for 'hash changed files from watcher' 6.164900004863739ms
[NX Daemon Server] - 2024-04-21T21:59:04.671Z - [WATCHER]: 0 file(s) created or restored, 2 file(s) modified, 0 file(s) deleted
[NX Daemon Server] - 2024-04-21T21:59:11.106Z - [REQUEST]: Updated file-hasher based on watched changes, recomputing project graph...
[NX Daemon Server] - 2024-04-21T21:59:11.139Z - Time taken for 'hash changed files from watcher' 6.038999997079372ms
[NX Daemon Server] - 2024-04-21T21:59:11.199Z - [WATCHER]: 0 file(s) created or restored, 2 file(s) modified, 0 file(s) deleted
[NX Daemon Server] - 2024-04-21T21:59:17.627Z - [REQUEST]: Updated file-hasher based on watched changes, recomputing project graph...
[NX Daemon Server] - 2024-04-21T21:59:17.660Z - Time taken for 'hash changed files from watcher' 5.812200002372265ms
[NX Daemon Server] - 2024-04-21T21:59:17.723Z - [WATCHER]: 0 file(s) created or restored, 2 file(s) modified, 0 file(s) deleted
[NX Daemon Server] - 2024-04-21T21:59:24.159Z - [REQUEST]: Updated file-hasher based on watched changes, recomputing project graph...
[NX Daemon Server] - 2024-04-21T21:59:24.196Z - Time taken for 'hash changed files from watcher' 5.843200005590916ms
[NX Daemon Server] - 2024-04-21T21:59:24.254Z - [WATCHER]: 0 file(s) created or restored, 2 file(s) modified, 0 file(s) deleted
[NX Daemon Server] - 2024-04-21T21:59:30.680Z - [REQUEST]: Updated file-hasher based on watched changes, recomputing project graph...
[NX Daemon Server] - 2024-04-21T21:59:30.715Z - Time taken for 'hash changed files from watcher' 6.339000001549721ms
[NX Daemon Server] - 2024-04-21T21:59:30.786Z - [WATCHER]: 0 file(s) created or restored, 2 file(s) modified, 0 file(s) deleted
[NX Daemon Server] - 2024-04-21T21:59:37.216Z - [REQUEST]: Updated file-hasher based on watched changes, recomputing project graph...
[NX Daemon Server] - 2024-04-21T21:59:37.251Z - Time taken for 'hash changed files from watcher' 6.491499997675419ms
[NX Daemon Server] - 2024-04-21T21:59:37.310Z - [WATCHER]: 0 file(s) created or restored, 2 file(s) modified, 0 file(s) deleted
[NX Daemon Server] - 2024-04-21T21:59:43.739Z - [REQUEST]: Updated file-hasher based on watched changes, recomputing project graph...
[NX Daemon Server] - 2024-04-21T21:59:43.772Z - Time taken for 'hash changed files from watcher' 6.0806000009179115ms
[NX Daemon Server] - 2024-04-21T21:59:43.833Z - [WATCHER]: 0 file(s) created or restored, 2 file(s) modified, 0 file(s) deleted
[NX Daemon Server] - 2024-04-21T21:59:50.260Z - [REQUEST]: Updated file-hasher based on watched changes, recomputing project graph...
[NX Daemon Server] - 2024-04-21T21:59:50.296Z - Time taken for 'hash changed files from watcher' 5.910500004887581ms
[NX Daemon Server] - 2024-04-21T21:59:50.354Z - [WATCHER]: 0 file(s) created or restored, 2 file(s) modified, 0 file(s) deleted
[NX Daemon Server] - 2024-04-21T21:59:56.782Z - [REQUEST]: Updated file-hasher based on watched changes, recomputing project graph...
[NX Daemon Server] - 2024-04-21T21:59:56.816Z - Time taken for 'hash changed files from watcher' 6.202599994838238ms
[NX Daemon Server] - 2024-04-21T21:59:56.877Z - [WATCHER]: 0 file(s) created or restored, 2 file(s) modified, 0 file(s) deleted
[NX Daemon Server] - 2024-04-21T22:00:03.307Z - [REQUEST]: Updated file-hasher based on watched changes, recomputing project graph...
[NX Daemon Server] - 2024-04-21T22:00:03.340Z - Time taken for 'hash changed files from watcher' 6.031400002539158ms
[NX Daemon Server] - 2024-04-21T22:00:03.401Z - [WATCHER]: 0 file(s) created or restored, 2 file(s) modified, 0 file(s) deleted
[NX Daemon Server] - 2024-04-21T22:00:09.824Z - [REQUEST]: Updated file-hasher based on watched changes, recomputing project graph...
[NX Daemon Server] - 2024-04-21T22:00:09.857Z - Time taken for 'hash changed files from watcher' 6.037799999117851ms
[NX Daemon Server] - 2024-04-21T22:00:09.918Z - [WATCHER]: 0 file(s) created or restored, 2 file(s) modified, 0 file(s) deleted
[NX Daemon Server] - 2024-04-21T22:00:16.347Z - [REQUEST]: Updated file-hasher based on watched changes, recomputing project graph...
[NX Daemon Server] - 2024-04-21T22:00:16.380Z - Time taken for 'hash changed files from watcher' 6.369099996984005ms
[NX Daemon Server] - 2024-04-21T22:00:16.442Z - [WATCHER]: 0 file(s) created or restored, 2 file(s) modified, 0 file(s) deleted
[NX Daemon Server] - 2024-04-21T22:00:22.869Z - [REQUEST]: Updated file-hasher based on watched changes, recomputing project graph...
[NX Daemon Server] - 2024-04-21T22:00:22.903Z - Time taken for 'hash changed files from watcher' 6.936000004410744ms
[NX Daemon Server] - 2024-04-21T22:00:22.962Z - [WATCHER]: 0 file(s) created or restored, 2 file(s) modified, 0 file(s) deleted
[NX Daemon Server] - 2024-04-21T22:00:29.399Z - [REQUEST]: Updated file-hasher based on watched changes, recomputing project graph...
[NX Daemon Server] - 2024-04-21T22:00:29.433Z - Time taken for 'hash changed files from watcher' 6.064400002360344ms
[NX Daemon Server] - 2024-04-21T22:00:29.495Z - [WATCHER]: 0 file(s) created or restored, 2 file(s) modified, 0 file(s) deleted
[NX Daemon Server] - 2024-04-21T22:00:35.918Z - [REQUEST]: Updated file-hasher based on watched changes, recomputing project graph...
[NX Daemon Server] - 2024-04-21T22:00:35.952Z - Time taken for 'hash changed files from watcher' 5.974200002849102ms
[NX Daemon Server] - 2024-04-21T22:00:36.013Z - [WATCHER]: 0 file(s) created or restored, 2 file(s) modified, 0 file(s) deleted
[NX Daemon Server] - 2024-04-21T22:00:42.452Z - [REQUEST]: Updated file-hasher based on watched changes, recomputing project graph...
[NX Daemon Server] - 2024-04-21T22:00:42.485Z - Time taken for 'hash changed files from watcher' 6.903099998831749ms
[NX Daemon Server] - 2024-04-21T22:00:42.543Z - [WATCHER]: 0 file(s) created or restored, 2 file(s) modified, 0 file(s) deleted
[NX Daemon Server] - 2024-04-21T22:00:48.973Z - [REQUEST]: Updated file-hasher based on watched changes, recomputing project graph...
[NX Daemon Server] - 2024-04-21T22:00:49.007Z - Time taken for 'hash changed files from watcher' 5.8632000014185905ms
[NX Daemon Server] - 2024-04-21T22:00:49.069Z - [WATCHER]: 0 file(s) created or restored, 2 file(s) modified, 0 file(s) deleted
[NX Daemon Server] - 2024-04-21T22:00:55.493Z - [REQUEST]: Updated file-hasher based on watched changes, recomputing project graph...
[NX Daemon Server] - 2024-04-21T22:00:55.529Z - Time taken for 'hash changed files from watcher' 5.953000001609325ms
[NX Daemon Server] - 2024-04-21T22:00:55.587Z - [WATCHER]: 0 file(s) created or restored, 2 file(s) modified, 0 file(s) deleted
[NX Daemon Server] - 2024-04-21T22:01:02.022Z - [REQUEST]: Updated file-hasher based on watched changes, recomputing project graph...
[NX Daemon Server] - 2024-04-21T22:01:02.056Z - Time taken for 'hash changed files from watcher' 6.083500005304813ms
[NX Daemon Server] - 2024-04-21T22:01:02.116Z - [WATCHER]: 0 file(s) created or restored, 2 file(s) modified, 0 file(s) deleted
[NX Daemon Server] - 2024-04-21T22:01:08.548Z - [REQUEST]: Updated file-hasher based on watched changes, recomputing project graph...
[NX Daemon Server] - 2024-04-21T22:01:08.581Z - Time taken for 'hash changed files from watcher' 6.0181000009179115ms
[NX Daemon Server] - 2024-04-21T22:01:08.644Z - [WATCHER]: 0 file(s) created or restored, 2 file(s) modified, 0 file(s) deleted
[NX Daemon Server] - 2024-04-21T22:01:15.080Z - [REQUEST]: Updated file-hasher based on watched changes, recomputing project graph...
[NX Daemon Server] - 2024-04-21T22:01:15.119Z - Time taken for 'hash changed files from watcher' 6.256999999284744ms
[NX Daemon Server] - 2024-04-21T22:01:15.189Z - [WATCHER]: 0 file(s) created or restored, 2 file(s) modified, 0 file(s) deleted
[NX Daemon Server] - 2024-04-21T22:01:21.614Z - [REQUEST]: Updated file-hasher based on watched changes, recomputing project graph...
[NX Daemon Server] - 2024-04-21T22:01:21.650Z - Time taken for 'hash changed files from watcher' 7.011100001633167ms
[NX Daemon Server] - 2024-04-21T22:01:21.722Z - [WATCHER]: 0 file(s) created or restored, 2 file(s) modified, 0 file(s) deleted
[NX Daemon Server] - 2024-04-21T22:01:28.155Z - [REQUEST]: Updated file-hasher based on watched changes, recomputing project graph...
[NX Daemon Server] - 2024-04-21T22:01:28.188Z - Time taken for 'hash changed files from watcher' 6.774499997496605ms
[NX Daemon Server] - 2024-04-21T22:01:28.248Z - [WATCHER]: 0 file(s) created or restored, 2 file(s) modified, 0 file(s) deleted
[NX Daemon Server] - 2024-04-21T22:01:34.675Z - [REQUEST]: Updated file-hasher based on watched changes, recomputing project graph...
[NX Daemon Server] - 2024-04-21T22:01:34.708Z - Time taken for 'hash changed files from watcher' 6.0116999968886375ms
[NX Daemon Server] - 2024-04-21T22:01:34.769Z - [WATCHER]: 0 file(s) created or restored, 2 file(s) modified, 0 file(s) deleted
[NX Daemon Server] - 2024-04-21T22:01:41.195Z - [REQUEST]: Updated file-hasher based on watched changes, recomputing project graph...
[NX Daemon Server] - 2024-04-21T22:01:41.228Z - Time taken for 'hash changed files from watcher' 8.17230000346899ms
[NX Daemon Server] - 2024-04-21T22:01:41.287Z - [WATCHER]: 0 file(s) created or restored, 2 file(s) modified, 0 file(s) deleted
[NX Daemon Server] - 2024-04-21T22:01:47.724Z - [REQUEST]: Updated file-hasher based on watched changes, recomputing project graph...
[NX Daemon Server] - 2024-04-21T22:01:47.757Z - Time taken for 'hash changed files from watcher' 5.904399998486042ms
[NX Daemon Server] - 2024-04-21T22:01:47.819Z - [WATCHER]: 0 file(s) created or restored, 2 file(s) modified, 0 file(s) deleted
[NX Daemon Server] - 2024-04-21T22:01:54.249Z - [REQUEST]: Updated file-hasher based on watched changes, recomputing project graph...
[NX Daemon Server] - 2024-04-21T22:01:54.283Z - Time taken for 'hash changed files from watcher' 6.178899995982647ms
[NX Daemon Server] - 2024-04-21T22:01:54.342Z - [WATCHER]: 0 file(s) created or restored, 2 file(s) modified, 0 file(s) deleted
[NX Daemon Server] - 2024-04-21T22:02:00.770Z - [REQUEST]: Updated file-hasher based on watched changes, recomputing project graph...
[NX Daemon Server] - 2024-04-21T22:02:00.803Z - Time taken for 'hash changed files from watcher' 5.9869000017642975ms
[NX Daemon Server] - 2024-04-21T22:02:00.865Z - [WATCHER]: 0 file(s) created or restored, 2 file(s) modified, 0 file(s) deleted
[NX Daemon Server] - 2024-04-21T22:02:07.289Z - [REQUEST]: Updated file-hasher based on watched changes, recomputing project graph...
[NX Daemon Server] - 2024-04-21T22:02:07.321Z - Time taken for 'hash changed files from watcher' 5.946200005710125ms
[NX Daemon Server] - 2024-04-21T22:02:07.383Z - [WATCHER]: 0 file(s) created or restored, 2 file(s) modified, 0 file(s) deleted
[NX Daemon Server] - 2024-04-21T22:02:13.817Z - [REQUEST]: Updated file-hasher based on watched changes, recomputing project graph...
[NX Daemon Server] - 2024-04-21T22:02:13.852Z - Time taken for 'hash changed files from watcher' 6.08050000667572ms
[NX Daemon Server] - 2024-04-21T22:02:13.911Z - [WATCHER]: 0 file(s) created or restored, 2 file(s) modified, 0 file(s) deleted
[NX Daemon Server] - 2024-04-21T22:02:20.338Z - [REQUEST]: Updated file-hasher based on watched changes, recomputing project graph...
[NX Daemon Server] - 2024-04-21T22:02:20.373Z - Time taken for 'hash changed files from watcher' 7.164000004529953ms
[NX Daemon Server] - 2024-04-21T22:02:20.432Z - [WATCHER]: 0 file(s) created or restored, 2 file(s) modified, 0 file(s) deleted
[NX Daemon Server] - 2024-04-21T22:02:26.855Z - [REQUEST]: Updated file-hasher based on watched changes, recomputing project graph...
[NX Daemon Server] - 2024-04-21T22:02:26.892Z - Time taken for 'hash changed files from watcher' 5.901599995791912ms
[NX Daemon Server] - 2024-04-21T22:02:26.950Z - [WATCHER]: 0 file(s) created or restored, 2 file(s) modified, 0 file(s) deleted
[NX Daemon Server] - 2024-04-21T22:02:33.386Z - [REQUEST]: Updated file-hasher based on watched changes, recomputing project graph...
[NX Daemon Server] - 2024-04-21T22:02:33.419Z - Time taken for 'hash changed files from watcher' 5.99379999935627ms
[NX Daemon Server] - 2024-04-21T22:02:33.481Z - [WATCHER]: 0 file(s) created or restored, 2 file(s) modified, 0 file(s) deleted
[NX Daemon Server] - 2024-04-21T22:02:39.907Z - [REQUEST]: Updated file-hasher based on watched changes, recomputing project graph...
[NX Daemon Server] - 2024-04-21T22:02:39.940Z - Time taken for 'hash changed files from watcher' 6.175899997353554ms
[NX Daemon Server] - 2024-04-21T22:02:40.003Z - [WATCHER]: 0 file(s) created or restored, 2 file(s) modified, 0 file(s) deleted
[NX Daemon Server] - 2024-04-21T22:02:46.429Z - [REQUEST]: Updated file-hasher based on watched changes, recomputing project graph...
[NX Daemon Server] - 2024-04-21T22:02:46.462Z - Time taken for 'hash changed files from watcher' 6.399099998176098ms
[NX Daemon Server] - 2024-04-21T22:02:46.523Z - [WATCHER]: 0 file(s) created or restored, 2 file(s) modified, 0 file(s) deleted
[NX Daemon Server] - 2024-04-21T22:02:52.952Z - [REQUEST]: Updated file-hasher based on watched changes, recomputing project graph...
[NX Daemon Server] - 2024-04-21T22:02:52.985Z - Time taken for 'hash changed files from watcher' 5.834699995815754ms
[NX Daemon Server] - 2024-04-21T22:02:53.047Z - [WATCHER]: 0 file(s) created or restored, 2 file(s) modified, 0 file(s) deleted
[NX Daemon Server] - 2024-04-21T22:02:59.478Z - [REQUEST]: Updated file-hasher based on watched changes, recomputing project graph...
[NX Daemon Server] - 2024-04-21T22:02:59.511Z - Time taken for 'hash changed files from watcher' 6.500900000333786ms
[NX Daemon Server] - 2024-04-21T22:02:59.572Z - [WATCHER]: 0 file(s) created or restored, 2 file(s) modified, 0 file(s) deleted
[NX Daemon Server] - 2024-04-21T22:03:06.001Z - [REQUEST]: Updated file-hasher based on watched changes, recomputing project graph...
[NX Daemon Server] - 2024-04-21T22:03:06.035Z - Time taken for 'hash changed files from watcher' 5.957999996840954ms
[NX Daemon Server] - 2024-04-21T22:03:06.095Z - [WATCHER]: 0 file(s) created or restored, 2 file(s) modified, 0 file(s) deleted
[NX Daemon Server] - 2024-04-21T22:03:12.521Z - [REQUEST]: Updated file-hasher based on watched changes, recomputing project graph...
[NX Daemon Server] - 2024-04-21T22:03:12.554Z - Time taken for 'hash changed files from watcher' 6.2681000009179115ms
[NX Daemon Server] - 2024-04-21T22:03:12.614Z - [WATCHER]: 0 file(s) created or restored, 2 file(s) modified, 0 file(s) deleted
[NX Daemon Server] - 2024-04-21T22:03:19.050Z - [REQUEST]: Updated file-hasher based on watched changes, recomputing project graph...
[NX Daemon Server] - 2024-04-21T22:03:19.083Z - Time taken for 'hash changed files from watcher' 6.119999997317791ms
[NX Daemon Server] - 2024-04-21T22:03:19.144Z - [WATCHER]: 0 file(s) created or restored, 2 file(s) modified, 0 file(s) deleted
[NX Daemon Server] - 2024-04-21T22:03:25.566Z - [REQUEST]: Updated file-hasher based on watched changes, recomputing project graph...
[NX Daemon Server] - 2024-04-21T22:03:25.599Z - Time taken for 'hash changed files from watcher' 5.976099997758865ms
[NX Daemon Server] - 2024-04-21T22:03:25.661Z - [WATCHER]: 0 file(s) created or restored, 2 file(s) modified, 0 file(s) deleted
[NX Daemon Server] - 2024-04-21T22:03:32.085Z - [REQUEST]: Updated file-hasher based on watched changes, recomputing project graph...
[NX Daemon Server] - 2024-04-21T22:03:32.119Z - Time taken for 'hash changed files from watcher' 6.010999999940395ms
[NX Daemon Server] - 2024-04-21T22:03:32.180Z - [WATCHER]: 0 file(s) created or restored, 2 file(s) modified, 0 file(s) deleted
[NX Daemon Server] - 2024-04-21T22:03:38.609Z - [REQUEST]: Updated file-hasher based on watched changes, recomputing project graph...
[NX Daemon Server] - 2024-04-21T22:03:38.642Z - Time taken for 'hash changed files from watcher' 6.286300003528595ms
[NX Daemon Server] - 2024-04-21T22:03:38.703Z - [WATCHER]: 0 file(s) created or restored, 2 file(s) modified, 0 file(s) deleted
[NX Daemon Server] - 2024-04-21T22:03:45.127Z - [REQUEST]: Updated file-hasher based on watched changes, recomputing project graph...
[NX Daemon Server] - 2024-04-21T22:03:45.160Z - Time taken for 'hash changed files from watcher' 7.241499997675419ms
[NX Daemon Server] - 2024-04-21T22:03:45.219Z - [WATCHER]: 0 file(s) created or restored, 2 file(s) modified, 0 file(s) deleted
[NX Daemon Server] - 2024-04-21T22:03:51.650Z - [REQUEST]: Updated file-hasher based on watched changes, recomputing project graph...
[NX Daemon Server] - 2024-04-21T22:03:51.682Z - Time taken for 'hash changed files from watcher' 6.010099999606609ms
[NX Daemon Server] - 2024-04-21T22:03:51.744Z - [WATCHER]: 0 file(s) created or restored, 2 file(s) modified, 0 file(s) deleted
[NX Daemon Server] - 2024-04-21T22:03:58.173Z - [REQUEST]: Updated file-hasher based on watched changes, recomputing project graph...
[NX Daemon Server] - 2024-04-21T22:03:58.209Z - Time taken for 'hash changed files from watcher' 5.832099996507168ms
[NX Daemon Server] - 2024-04-21T22:03:58.266Z - [WATCHER]: 0 file(s) created or restored, 2 file(s) modified, 0 file(s) deleted
[NX Daemon Server] - 2024-04-21T22:04:04.701Z - [REQUEST]: Updated file-hasher based on watched changes, recomputing project graph...
[NX Daemon Server] - 2024-04-21T22:04:04.735Z - Time taken for 'hash changed files from watcher' 6.0769999995827675ms
[NX Daemon Server] - 2024-04-21T22:04:04.796Z - [WATCHER]: 0 file(s) created or restored, 2 file(s) modified, 0 file(s) deleted
[NX Daemon Server] - 2024-04-21T22:04:11.228Z - [REQUEST]: Updated file-hasher based on watched changes, recomputing project graph...
[NX Daemon Server] - 2024-04-21T22:04:11.261Z - Time taken for 'hash changed files from watcher' 5.963299997150898ms
[NX Daemon Server] - 2024-04-21T22:04:11.322Z - [WATCHER]: 0 file(s) created or restored, 2 file(s) modified, 0 file(s) deleted
[NX Daemon Server] - 2024-04-21T22:04:17.748Z - [REQUEST]: Updated file-hasher based on watched changes, recomputing project graph...
[NX Daemon Server] - 2024-04-21T22:04:17.781Z - Time taken for 'hash changed files from watcher' 7.039700001478195ms
[NX Daemon Server] - 2024-04-21T22:04:17.842Z - [WATCHER]: 0 file(s) created or restored, 2 file(s) modified, 0 file(s) deleted
[NX Daemon Server] - 2024-04-21T22:04:24.268Z - [REQUEST]: Updated file-hasher based on watched changes, recomputing project graph...
[NX Daemon Server] - 2024-04-21T22:04:24.302Z - Time taken for 'hash changed files from watcher' 5.871699996292591ms
[NX Daemon Server] - 2024-04-21T22:04:24.362Z - [WATCHER]: 0 file(s) created or restored, 2 file(s) modified, 0 file(s) deleted
[NX Daemon Server] - 2024-04-21T22:04:30.793Z - [REQUEST]: Updated file-hasher based on watched changes, recomputing project graph...
[NX Daemon Server] - 2024-04-21T22:04:30.825Z - Time taken for 'hash changed files from watcher' 6.880199998617172ms
[NX Daemon Server] - 2024-04-21T22:04:30.886Z - [WATCHER]: 0 file(s) created or restored, 2 file(s) modified, 0 file(s) deleted
[NX Daemon Server] - 2024-04-21T22:04:37.321Z - [REQUEST]: Updated file-hasher based on watched changes, recomputing project graph...
[NX Daemon Server] - 2024-04-21T22:04:37.358Z - Time taken for 'hash changed files from watcher' 6.2106000036001205ms
[NX Daemon Server] - 2024-04-21T22:04:37.477Z - [WATCHER]: 0 file(s) created or restored, 2 file(s) modified, 0 file(s) deleted
[NX Daemon Server] - 2024-04-21T22:04:43.916Z - [REQUEST]: Updated file-hasher based on watched changes, recomputing project graph...
[NX Daemon Server] - 2024-04-21T22:04:43.949Z - Time taken for 'hash changed files from watcher' 7.863800004124641ms
[NX Daemon Server] - 2024-04-21T22:04:44.008Z - [WATCHER]: 0 file(s) created or restored, 2 file(s) modified, 0 file(s) deleted
[NX Daemon Server] - 2024-04-21T22:04:50.435Z - [REQUEST]: Updated file-hasher based on watched changes, recomputing project graph...
[NX Daemon Server] - 2024-04-21T22:04:50.469Z - Time taken for 'hash changed files from watcher' 5.991200000047684ms
[NX Daemon Server] - 2024-04-21T22:04:50.530Z - [WATCHER]: 0 file(s) created or restored, 2 file(s) modified, 0 file(s) deleted
[NX Daemon Server] - 2024-04-21T22:04:56.958Z - [REQUEST]: Updated file-hasher based on watched changes, recomputing project graph...
[NX Daemon Server] - 2024-04-21T22:04:56.991Z - Time taken for 'hash changed files from watcher' 6.200300000607967ms
[NX Daemon Server] - 2024-04-21T22:04:57.052Z - [WATCHER]: 0 file(s) created or restored, 2 file(s) modified, 0 file(s) deleted
[NX Daemon Server] - 2024-04-21T22:05:03.491Z - [REQUEST]: Updated file-hasher based on watched changes, recomputing project graph...
[NX Daemon Server] - 2024-04-21T22:05:03.524Z - Time taken for 'hash changed files from watcher' 7.317100003361702ms
[NX Daemon Server] - 2024-04-21T22:05:03.583Z - [WATCHER]: 0 file(s) created or restored, 2 file(s) modified, 0 file(s) deleted
[NX Daemon Server] - 2024-04-21T22:05:10.022Z - [REQUEST]: Updated file-hasher based on watched changes, recomputing project graph...
[NX Daemon Server] - 2024-04-21T22:05:10.055Z - Time taken for 'hash changed files from watcher' 6.6757000014185905ms
[NX Daemon Server] - 2024-04-21T22:05:10.116Z - [WATCHER]: 0 file(s) created or restored, 2 file(s) modified, 0 file(s) deleted
[NX Daemon Server] - 2024-04-21T22:05:16.549Z - [REQUEST]: Updated file-hasher based on watched changes, recomputing project graph...
[NX Daemon Server] - 2024-04-21T22:05:16.583Z - Time taken for 'hash changed files from watcher' 5.829900003969669ms
[NX Daemon Server] - 2024-04-21T22:05:16.644Z - [WATCHER]: 0 file(s) created or restored, 2 file(s) modified, 0 file(s) deleted
[NX Daemon Server] - 2024-04-21T22:05:23.072Z - [REQUEST]: Updated file-hasher based on watched changes, recomputing project graph...
[NX Daemon Server] - 2024-04-21T22:05:23.104Z - Time taken for 'hash changed files from watcher' 6.473800003528595ms
[NX Daemon Server] - 2024-04-21T22:05:23.166Z - [WATCHER]: 0 file(s) created or restored, 2 file(s) modified, 0 file(s) deleted
[NX Daemon Server] - 2024-04-21T22:05:29.593Z - [REQUEST]: Updated file-hasher based on watched changes, recomputing project graph...
[NX Daemon Server] - 2024-04-21T22:05:29.629Z - Time taken for 'hash changed files from watcher' 6.1841000020504ms
[NX Daemon Server] - 2024-04-21T22:05:29.686Z - [WATCHER]: 0 file(s) created or restored, 2 file(s) modified, 0 file(s) deleted
[NX Daemon Server] - 2024-04-21T22:05:36.123Z - [REQUEST]: Updated file-hasher based on watched changes, recomputing project graph...
[NX Daemon Server] - 2024-04-21T22:05:36.157Z - Time taken for 'hash changed files from watcher' 6.773999996483326ms
[NX Daemon Server] - 2024-04-21T22:05:36.218Z - [WATCHER]: 0 file(s) created or restored, 2 file(s) modified, 0 file(s) deleted
[NX Daemon Server] - 2024-04-21T22:05:42.648Z - [REQUEST]: Updated file-hasher based on watched changes, recomputing project graph...
[NX Daemon Server] - 2024-04-21T22:05:42.681Z - Time taken for 'hash changed files from watcher' 6.61939999461174ms
[NX Daemon Server] - 2024-04-21T22:05:42.743Z - [WATCHER]: 0 file(s) created or restored, 2 file(s) modified, 0 file(s) deleted
[NX Daemon Server] - 2024-04-21T22:05:49.176Z - [REQUEST]: Updated file-hasher based on watched changes, recomputing project graph...
[NX Daemon Server] - 2024-04-21T22:05:49.210Z - Time taken for 'hash changed files from watcher' 6.212899997830391ms
[NX Daemon Server] - 2024-04-21T22:05:49.269Z - [WATCHER]: 0 file(s) created or restored, 2 file(s) modified, 0 file(s) deleted
[NX Daemon Server] - 2024-04-21T22:05:55.701Z - [REQUEST]: Updated file-hasher based on watched changes, recomputing project graph...
[NX Daemon Server] - 2024-04-21T22:05:55.734Z - Time taken for 'hash changed files from watcher' 6.222300000488758ms
[NX Daemon Server] - 2024-04-21T22:05:55.795Z - [WATCHER]: 0 file(s) created or restored, 2 file(s) modified, 0 file(s) deleted
[NX Daemon Server] - 2024-04-21T22:06:02.232Z - [REQUEST]: Updated file-hasher based on watched changes, recomputing project graph...
[NX Daemon Server] - 2024-04-21T22:06:02.266Z - Time taken for 'hash changed files from watcher' 5.812200002372265ms
[NX Daemon Server] - 2024-04-21T22:06:02.326Z - [WATCHER]: 0 file(s) created or restored, 2 file(s) modified, 0 file(s) deleted
[NX Daemon Server] - 2024-04-21T22:06:08.764Z - [REQUEST]: Updated file-hasher based on watched changes, recomputing project graph...
[NX Daemon Server] - 2024-04-21T22:06:08.799Z - Time taken for 'hash changed files from watcher' 6.171799995005131ms
[NX Daemon Server] - 2024-04-21T22:06:08.857Z - [WATCHER]: 0 file(s) created or restored, 2 file(s) modified, 0 file(s) deleted
[NX Daemon Server] - 2024-04-21T22:06:15.283Z - [REQUEST]: Updated file-hasher based on watched changes, recomputing project graph...
[NX Daemon Server] - 2024-04-21T22:06:15.316Z - Time taken for 'hash changed files from watcher' 6.046799995005131ms
[NX Daemon Server] - 2024-04-21T22:06:15.378Z - [WATCHER]: 0 file(s) created or restored, 2 file(s) modified, 0 file(s) deleted
[NX Daemon Server] - 2024-04-21T22:06:21.804Z - [REQUEST]: Updated file-hasher based on watched changes, recomputing project graph...
[NX Daemon Server] - 2024-04-21T22:06:21.836Z - Time taken for 'hash changed files from watcher' 6.734700001776218ms
[NX Daemon Server] - 2024-04-21T22:06:21.898Z - [WATCHER]: 0 file(s) created or restored, 2 file(s) modified, 0 file(s) deleted
[NX Daemon Server] - 2024-04-21T22:06:28.333Z - [REQUEST]: Updated file-hasher based on watched changes, recomputing project graph...
[NX Daemon Server] - 2024-04-21T22:06:28.367Z - Time taken for 'hash changed files from watcher' 5.948499999940395ms
[NX Daemon Server] - 2024-04-21T22:06:28.429Z - [WATCHER]: 0 file(s) created or restored, 2 file(s) modified, 0 file(s) deleted
[NX Daemon Server] - 2024-04-21T22:06:34.854Z - [REQUEST]: Updated file-hasher based on watched changes, recomputing project graph...
[NX Daemon Server] - 2024-04-21T22:06:34.888Z - Time taken for 'hash changed files from watcher' 6.377399995923042ms
[NX Daemon Server] - 2024-04-21T22:06:34.949Z - [WATCHER]: 0 file(s) created or restored, 2 file(s) modified, 0 file(s) deleted
[NX Daemon Server] - 2024-04-21T22:06:41.388Z - [REQUEST]: Updated file-hasher based on watched changes, recomputing project graph...
[NX Daemon Server] - 2024-04-21T22:06:41.422Z - Time taken for 'hash changed files from watcher' 7.98930000513792ms
[NX Daemon Server] - 2024-04-21T22:06:41.481Z - [WATCHER]: 0 file(s) created or restored, 2 file(s) modified, 0 file(s) deleted
[NX Daemon Server] - 2024-04-21T22:06:47.911Z - [REQUEST]: Updated file-hasher based on watched changes, recomputing project graph...
[NX Daemon Server] - 2024-04-21T22:06:47.944Z - Time taken for 'hash changed files from watcher' 5.969499997794628ms
[NX Daemon Server] - 2024-04-21T22:06:48.006Z - [WATCHER]: 0 file(s) created or restored, 2 file(s) modified, 0 file(s) deleted
[NX Daemon Server] - 2024-04-21T22:06:54.430Z - [REQUEST]: Updated file-hasher based on watched changes, recomputing project graph...
[NX Daemon Server] - 2024-04-21T22:06:54.463Z - Time taken for 'hash changed files from watcher' 5.957699999213219ms
[NX Daemon Server] - 2024-04-21T22:06:54.524Z - [WATCHER]: 0 file(s) created or restored, 2 file(s) modified, 0 file(s) deleted
[NX Daemon Server] - 2024-04-21T22:07:00.952Z - [REQUEST]: Updated file-hasher based on watched changes, recomputing project graph...
[NX Daemon Server] - 2024-04-21T22:07:00.989Z - Time taken for 'hash changed files from watcher' 6.043299995362759ms
[NX Daemon Server] - 2024-04-21T22:07:01.047Z - [WATCHER]: 0 file(s) created or restored, 2 file(s) modified, 0 file(s) deleted
[NX Daemon Server] - 2024-04-21T22:07:07.477Z - [REQUEST]: Updated file-hasher based on watched changes, recomputing project graph...
[NX Daemon Server] - 2024-04-21T22:07:07.511Z - Time taken for 'hash changed files from watcher' 5.941500000655651ms
[NX Daemon Server] - 2024-04-21T22:07:07.572Z - [WATCHER]: 0 file(s) created or restored, 2 file(s) modified, 0 file(s) deleted
[NX Daemon Server] - 2024-04-21T22:07:14.001Z - [REQUEST]: Updated file-hasher based on watched changes, recomputing project graph...
[NX Daemon Server] - 2024-04-21T22:07:14.034Z - Time taken for 'hash changed files from watcher' 6.0204000025987625ms
[NX Daemon Server] - 2024-04-21T22:07:14.095Z - [WATCHER]: 0 file(s) created or restored, 2 file(s) modified, 0 file(s) deleted
[NX Daemon Server] - 2024-04-21T22:07:20.518Z - [REQUEST]: Updated file-hasher based on watched changes, recomputing project graph...
[NX Daemon Server] - 2024-04-21T22:07:20.551Z - Time taken for 'hash changed files from watcher' 5.999100007116795ms
[NX Daemon Server] - 2024-04-21T22:07:20.613Z - [WATCHER]: 0 file(s) created or restored, 2 file(s) modified, 0 file(s) deleted
[NX Daemon Server] - 2024-04-21T22:07:27.047Z - [REQUEST]: Updated file-hasher based on watched changes, recomputing project graph...
[NX Daemon Server] - 2024-04-21T22:07:27.080Z - Time taken for 'hash changed files from watcher' 5.852500006556511ms
[NX Daemon Server] - 2024-04-21T22:07:27.143Z - [WATCHER]: 0 file(s) created or restored, 2 file(s) modified, 0 file(s) deleted
[NX Daemon Server] - 2024-04-21T22:07:33.580Z - [REQUEST]: Updated file-hasher based on watched changes, recomputing project graph...
[NX Daemon Server] - 2024-04-21T22:07:33.616Z - Time taken for 'hash changed files from watcher' 12.6013999953866ms
[NX Daemon Server] - 2024-04-21T22:07:33.680Z - [WATCHER]: 0 file(s) created or restored, 2 file(s) modified, 0 file(s) deleted
[NX Daemon Server] - 2024-04-21T22:07:40.106Z - [REQUEST]: Updated file-hasher based on watched changes, recomputing project graph...
[NX Daemon Server] - 2024-04-21T22:07:40.141Z - Time taken for 'hash changed files from watcher' 6.836199998855591ms
[NX Daemon Server] - 2024-04-21T22:07:40.260Z - [WATCHER]: 0 file(s) created or restored, 2 file(s) modified, 0 file(s) deleted
[NX Daemon Server] - 2024-04-21T22:07:46.693Z - [REQUEST]: Updated file-hasher based on watched changes, recomputing project graph...
[NX Daemon Server] - 2024-04-21T22:07:46.725Z - Time taken for 'hash changed files from watcher' 5.912299998104572ms
[NX Daemon Server] - 2024-04-21T22:07:46.787Z - [WATCHER]: 0 file(s) created or restored, 2 file(s) modified, 0 file(s) deleted
[NX Daemon Server] - 2024-04-21T22:07:53.211Z - [REQUEST]: Updated file-hasher based on watched changes, recomputing project graph...
[NX Daemon Server] - 2024-04-21T22:07:53.245Z - Time taken for 'hash changed files from watcher' 5.99770000576973ms
[NX Daemon Server] - 2024-04-21T22:07:53.306Z - [WATCHER]: 0 file(s) created or restored, 2 file(s) modified, 0 file(s) deleted
[NX Daemon Server] - 2024-04-21T22:07:59.740Z - [REQUEST]: Updated file-hasher based on watched changes, recomputing project graph...
[NX Daemon Server] - 2024-04-21T22:07:59.772Z - Time taken for 'hash changed files from watcher' 6.096100002527237ms
[NX Daemon Server] - 2024-04-21T22:07:59.834Z - [WATCHER]: 0 file(s) created or restored, 2 file(s) modified, 0 file(s) deleted
[NX Daemon Server] - 2024-04-21T22:08:06.262Z - [REQUEST]: Updated file-hasher based on watched changes, recomputing project graph...
[NX Daemon Server] - 2024-04-21T22:08:06.299Z - Time taken for 'hash changed files from watcher' 5.916799999773502ms
[NX Daemon Server] - 2024-04-21T22:08:06.357Z - [WATCHER]: 0 file(s) created or restored, 2 file(s) modified, 0 file(s) deleted
[NX Daemon Server] - 2024-04-21T22:08:12.790Z - [REQUEST]: Updated file-hasher based on watched changes, recomputing project graph...
[NX Daemon Server] - 2024-04-21T22:08:12.825Z - Time taken for 'hash changed files from watcher' 6.074400000274181ms
[NX Daemon Server] - 2024-04-21T22:08:12.884Z - [WATCHER]: 0 file(s) created or restored, 2 file(s) modified, 0 file(s) deleted
[NX Daemon Server] - 2024-04-21T22:08:19.319Z - [REQUEST]: Updated file-hasher based on watched changes, recomputing project graph...
[NX Daemon Server] - 2024-04-21T22:08:19.352Z - Time taken for 'hash changed files from watcher' 6.088699996471405ms
[NX Daemon Server] - 2024-04-21T22:08:19.413Z - [WATCHER]: 0 file(s) created or restored, 2 file(s) modified, 0 file(s) deleted
[NX Daemon Server] - 2024-04-21T22:08:25.846Z - [REQUEST]: Updated file-hasher based on watched changes, recomputing project graph...
[NX Daemon Server] - 2024-04-21T22:08:25.878Z - Time taken for 'hash changed files from watcher' 5.822300001978874ms
[NX Daemon Server] - 2024-04-21T22:08:25.942Z - [WATCHER]: 0 file(s) created or restored, 2 file(s) modified, 0 file(s) deleted
[NX Daemon Server] - 2024-04-21T22:08:32.371Z - [REQUEST]: Updated file-hasher based on watched changes, recomputing project graph...
[NX Daemon Server] - 2024-04-21T22:08:32.410Z - Time taken for 'hash changed files from watcher' 6.052400000393391ms
[NX Daemon Server] - 2024-04-21T22:08:32.479Z - [WATCHER]: 0 file(s) created or restored, 2 file(s) modified, 1 file(s) deleted
[NX Daemon Server] - 2024-04-21T22:08:38.908Z - [REQUEST]: Updated file-hasher based on watched changes, recomputing project graph...
[NX Daemon Server] - 2024-04-21T22:08:38.942Z - Time taken for 'hash changed files from watcher' 6.039200000464916ms
[NX Daemon Server] - 2024-04-21T22:08:39.002Z - [WATCHER]: 0 file(s) created or restored, 2 file(s) modified, 0 file(s) deleted
[NX Daemon Server] - 2024-04-21T22:08:45.431Z - [REQUEST]: Updated file-hasher based on watched changes, recomputing project graph...
[NX Daemon Server] - 2024-04-21T22:08:45.464Z - Time taken for 'hash changed files from watcher' 7.523400001227856ms
[NX Daemon Server] - 2024-04-21T22:08:45.524Z - [WATCHER]: 0 file(s) created or restored, 2 file(s) modified, 0 file(s) deleted
[NX Daemon Server] - 2024-04-21T22:08:51.954Z - [REQUEST]: Updated file-hasher based on watched changes, recomputing project graph...
[NX Daemon Server] - 2024-04-21T22:08:51.986Z - Time taken for 'hash changed files from watcher' 5.959999993443489ms
[NX Daemon Server] - 2024-04-21T22:08:52.049Z - [WATCHER]: 0 file(s) created or restored, 2 file(s) modified, 0 file(s) deleted
[NX Daemon Server] - 2024-04-21T22:08:58.483Z - [REQUEST]: Updated file-hasher based on watched changes, recomputing project graph...
[NX Daemon Server] - 2024-04-21T22:08:58.515Z - Time taken for 'hash changed files from watcher' 6.0076999962329865ms
[NX Daemon Server] - 2024-04-21T22:08:58.578Z - [WATCHER]: 0 file(s) created or restored, 2 file(s) modified, 0 file(s) deleted
[NX Daemon Server] - 2024-04-21T22:09:05.003Z - [REQUEST]: Updated file-hasher based on watched changes, recomputing project graph...
[NX Daemon Server] - 2024-04-21T22:09:05.034Z - Time taken for 'hash changed files from watcher' 5.918200001120567ms
[NX Daemon Server] - 2024-04-21T22:09:05.098Z - [WATCHER]: 0 file(s) created or restored, 2 file(s) modified, 0 file(s) deleted
[NX Daemon Server] - 2024-04-21T22:09:11.520Z - [REQUEST]: Updated file-hasher based on watched changes, recomputing project graph...
[NX Daemon Server] - 2024-04-21T22:09:11.552Z - Time taken for 'hash changed files from watcher' 6.214600004255772ms
[NX Daemon Server] - 2024-04-21T22:09:11.614Z - [WATCHER]: 0 file(s) created or restored, 2 file(s) modified, 0 file(s) deleted
[NX Daemon Server] - 2024-04-21T22:09:18.049Z - [REQUEST]: Updated file-hasher based on watched changes, recomputing project graph...
[NX Daemon Server] - 2024-04-21T22:09:18.082Z - Time taken for 'hash changed files from watcher' 7.180699996650219ms
[NX Daemon Server] - 2024-04-21T22:09:18.142Z - [WATCHER]: 0 file(s) created or restored, 2 file(s) modified, 0 file(s) deleted
[NX Daemon Server] - 2024-04-21T22:09:24.565Z - [REQUEST]: Updated file-hasher based on watched changes, recomputing project graph...
[NX Daemon Server] - 2024-04-21T22:09:24.598Z - Time taken for 'hash changed files from watcher' 5.811599999666214ms
[NX Daemon Server] - 2024-04-21T22:09:24.660Z - [WATCHER]: 0 file(s) created or restored, 2 file(s) modified, 0 file(s) deleted
[NX Daemon Server] - 2024-04-21T22:09:31.085Z - [REQUEST]: Updated file-hasher based on watched changes, recomputing project graph...
[NX Daemon Server] - 2024-04-21T22:09:31.118Z - Time taken for 'hash changed files from watcher' 5.859499998390675ms
[NX Daemon Server] - 2024-04-21T22:09:31.180Z - [WATCHER]: 0 file(s) created or restored, 2 file(s) modified, 0 file(s) deleted
[NX Daemon Server] - 2024-04-21T22:09:37.608Z - [REQUEST]: Updated file-hasher based on watched changes, recomputing project graph...
[NX Daemon Server] - 2024-04-21T22:09:37.640Z - Time taken for 'hash changed files from watcher' 5.958099998533726ms
[NX Daemon Server] - 2024-04-21T22:09:37.703Z - [WATCHER]: 0 file(s) created or restored, 2 file(s) modified, 0 file(s) deleted
[NX Daemon Server] - 2024-04-21T22:09:44.126Z - [REQUEST]: Updated file-hasher based on watched changes, recomputing project graph...
[NX Daemon Server] - 2024-04-21T22:09:44.158Z - Time taken for 'hash changed files from watcher' 6.4800999984145164ms
[NX Daemon Server] - 2024-04-21T22:09:44.220Z - [WATCHER]: 0 file(s) created or restored, 2 file(s) modified, 0 file(s) deleted
[NX Daemon Server] - 2024-04-21T22:09:50.643Z - [REQUEST]: Updated file-hasher based on watched changes, recomputing project graph...
[NX Daemon Server] - 2024-04-21T22:09:50.675Z - Time taken for 'hash changed files from watcher' 5.837899997830391ms
[NX Daemon Server] - 2024-04-21T22:09:50.737Z - [WATCHER]: 0 file(s) created or restored, 2 file(s) modified, 0 file(s) deleted
[NX Daemon Server] - 2024-04-21T22:09:57.165Z - [REQUEST]: Updated file-hasher based on watched changes, recomputing project graph...
[NX Daemon Server] - 2024-04-21T22:09:57.200Z - Time taken for 'hash changed files from watcher' 5.944899998605251ms
[NX Daemon Server] - 2024-04-21T22:09:57.258Z - [WATCHER]: 0 file(s) created or restored, 2 file(s) modified, 0 file(s) deleted
[NX Daemon Server] - 2024-04-21T22:10:03.681Z - [REQUEST]: Updated file-hasher based on watched changes, recomputing project graph...
[NX Daemon Server] - 2024-04-21T22:10:03.712Z - Time taken for 'hash changed files from watcher' 5.7893999963998795ms
[NX Daemon Server] - 2024-04-21T22:10:03.775Z - [WATCHER]: 0 file(s) created or restored, 2 file(s) modified, 0 file(s) deleted
[NX Daemon Server] - 2024-04-21T22:10:10.208Z - [REQUEST]: Updated file-hasher based on watched changes, recomputing project graph...
[NX Daemon Server] - 2024-04-21T22:10:10.240Z - Time taken for 'hash changed files from watcher' 5.69709999859333ms
[NX Daemon Server] - 2024-04-21T22:10:10.304Z - [WATCHER]: 0 file(s) created or restored, 2 file(s) modified, 0 file(s) deleted
[NX Daemon Server] - 2024-04-21T22:10:16.736Z - [REQUEST]: Updated file-hasher based on watched changes, recomputing project graph...
[NX Daemon Server] - 2024-04-21T22:10:16.769Z - Time taken for 'hash changed files from watcher' 6.804399996995926ms
[NX Daemon Server] - 2024-04-21T22:10:16.829Z - [WATCHER]: 0 file(s) created or restored, 2 file(s) modified, 0 file(s) deleted
[NX Daemon Server] - 2024-04-21T22:10:23.255Z - [REQUEST]: Updated file-hasher based on watched changes, recomputing project graph...
[NX Daemon Server] - 2024-04-21T22:10:23.288Z - Time taken for 'hash changed files from watcher' 6.106699995696545ms
[NX Daemon Server] - 2024-04-21T22:10:23.350Z - [WATCHER]: 0 file(s) created or restored, 2 file(s) modified, 0 file(s) deleted
[NX Daemon Server] - 2024-04-21T22:10:29.779Z - [REQUEST]: Updated file-hasher based on watched changes, recomputing project graph...
[NX Daemon Server] - 2024-04-21T22:10:29.812Z - Time taken for 'hash changed files from watcher' 5.917899996042252ms
[NX Daemon Server] - 2024-04-21T22:10:29.873Z - [WATCHER]: 0 file(s) created or restored, 2 file(s) modified, 0 file(s) deleted
[NX Daemon Server] - 2024-04-21T22:10:36.297Z - [REQUEST]: Updated file-hasher based on watched changes, recomputing project graph...
[NX Daemon Server] - 2024-04-21T22:10:36.329Z - Time taken for 'hash changed files from watcher' 6.028099998831749ms
[NX Daemon Server] - 2024-04-21T22:10:36.393Z - [WATCHER]: 0 file(s) created or restored, 2 file(s) modified, 0 file(s) deleted
[NX Daemon Server] - 2024-04-21T22:10:42.828Z - [REQUEST]: Updated file-hasher based on watched changes, recomputing project graph...
[NX Daemon Server] - 2024-04-21T22:10:42.861Z - Time taken for 'hash changed files from watcher' 6.543099999427795ms
[NX Daemon Server] - 2024-04-21T22:10:42.922Z - [WATCHER]: 0 file(s) created or restored, 2 file(s) modified, 0 file(s) deleted
[NX Daemon Server] - 2024-04-21T22:10:49.346Z - [REQUEST]: Updated file-hasher based on watched changes, recomputing project graph...
[NX Daemon Server] - 2024-04-21T22:10:49.378Z - Time taken for 'hash changed files from watcher' 5.752199999988079ms
[NX Daemon Server] - 2024-04-21T22:10:49.440Z - [WATCHER]: 0 file(s) created or restored, 2 file(s) modified, 0 file(s) deleted
[NX Daemon Server] - 2024-04-21T22:10:55.868Z - [REQUEST]: Updated file-hasher based on watched changes, recomputing project graph...
[NX Daemon Server] - 2024-04-21T22:10:55.900Z - Time taken for 'hash changed files from watcher' 5.915799997746944ms
[NX Daemon Server] - 2024-04-21T22:10:55.963Z - [WATCHER]: 0 file(s) created or restored, 2 file(s) modified, 0 file(s) deleted
[NX Daemon Server] - 2024-04-21T22:11:02.385Z - [REQUEST]: Updated file-hasher based on watched changes, recomputing project graph...
[NX Daemon Server] - 2024-04-21T22:11:02.418Z - Time taken for 'hash changed files from watcher' 6.22189999371767ms
[NX Daemon Server] - 2024-04-21T22:11:02.479Z - [WATCHER]: 0 file(s) created or restored, 2 file(s) modified, 0 file(s) deleted
[NX Daemon Server] - 2024-04-21T22:11:08.911Z - [REQUEST]: Updated file-hasher based on watched changes, recomputing project graph...
[NX Daemon Server] - 2024-04-21T22:11:08.943Z - Time taken for 'hash changed files from watcher' 5.86089999973774ms
[NX Daemon Server] - 2024-04-21T22:11:09.005Z - [WATCHER]: 0 file(s) created or restored, 2 file(s) modified, 0 file(s) deleted
[NX Daemon Server] - 2024-04-21T22:11:15.434Z - [REQUEST]: Updated file-hasher based on watched changes, recomputing project graph...
[NX Daemon Server] - 2024-04-21T22:11:15.466Z - Time taken for 'hash changed files from watcher' 6.703900001943111ms
[NX Daemon Server] - 2024-04-21T22:11:15.527Z - [WATCHER]: 0 file(s) created or restored, 2 file(s) modified, 0 file(s) deleted
[NX Daemon Server] - 2024-04-21T22:11:21.950Z - [REQUEST]: Updated file-hasher based on watched changes, recomputing project graph...
[NX Daemon Server] - 2024-04-21T22:11:21.982Z - Time taken for 'hash changed files from watcher' 6.024499997496605ms
[NX Daemon Server] - 2024-04-21T22:11:22.045Z - [WATCHER]: 0 file(s) created or restored, 2 file(s) modified, 0 file(s) deleted
[NX Daemon Server] - 2024-04-21T22:11:28.473Z - [REQUEST]: Updated file-hasher based on watched changes, recomputing project graph...
[NX Daemon Server] - 2024-04-21T22:11:28.508Z - Time taken for 'hash changed files from watcher' 5.928700000047684ms
[NX Daemon Server] - 2024-04-21T22:11:28.567Z - [WATCHER]: 0 file(s) created or restored, 2 file(s) modified, 0 file(s) deleted
[NX Daemon Server] - 2024-04-21T22:11:34.998Z - [REQUEST]: Updated file-hasher based on watched changes, recomputing project graph...
[NX Daemon Server] - 2024-04-21T22:11:35.031Z - Time taken for 'hash changed files from watcher' 5.818999998271465ms
[NX Daemon Server] - 2024-04-21T22:11:35.094Z - [WATCHER]: 0 file(s) created or restored, 2 file(s) modified, 0 file(s) deleted
[NX Daemon Server] - 2024-04-21T22:11:41.524Z - [REQUEST]: Updated file-hasher based on watched changes, recomputing project graph...
[NX Daemon Server] - 2024-04-21T22:11:41.559Z - Time taken for 'hash changed files from watcher' 7.0824000015854836ms
[NX Daemon Server] - 2024-04-21T22:11:41.618Z - [WATCHER]: 0 file(s) created or restored, 2 file(s) modified, 0 file(s) deleted
[NX Daemon Server] - 2024-04-21T22:11:48.043Z - [REQUEST]: Updated file-hasher based on watched changes, recomputing project graph...
[NX Daemon Server] - 2024-04-21T22:11:48.077Z - Time taken for 'hash changed files from watcher' 6.561800003051758ms
[NX Daemon Server] - 2024-04-21T22:11:48.136Z - [WATCHER]: 0 file(s) created or restored, 2 file(s) modified, 0 file(s) deleted
[NX Daemon Server] - 2024-04-21T22:11:54.562Z - [REQUEST]: Updated file-hasher based on watched changes, recomputing project graph...
[NX Daemon Server] - 2024-04-21T22:11:54.594Z - Time taken for 'hash changed files from watcher' 5.913900002837181ms
[NX Daemon Server] - 2024-04-21T22:11:54.656Z - [WATCHER]: 0 file(s) created or restored, 2 file(s) modified, 0 file(s) deleted
[NX Daemon Server] - 2024-04-21T22:12:01.086Z - [REQUEST]: Updated file-hasher based on watched changes, recomputing project graph...
[NX Daemon Server] - 2024-04-21T22:12:01.117Z - Time taken for 'hash changed files from watcher' 5.908699996769428ms
[NX Daemon Server] - 2024-04-21T22:12:01.180Z - [WATCHER]: 0 file(s) created or restored, 2 file(s) modified, 0 file(s) deleted
[NX Daemon Server] - 2024-04-21T22:12:07.606Z - [REQUEST]: Updated file-hasher based on watched changes, recomputing project graph...
[NX Daemon Server] - 2024-04-21T22:12:07.639Z - Time taken for 'hash changed files from watcher' 6.09910000115633ms
[NX Daemon Server] - 2024-04-21T22:12:07.700Z - [WATCHER]: 0 file(s) created or restored, 2 file(s) modified, 0 file(s) deleted
[NX Daemon Server] - 2024-04-21T22:12:14.125Z - [REQUEST]: Updated file-hasher based on watched changes, recomputing project graph...
[NX Daemon Server] - 2024-04-21T22:12:14.157Z - Time taken for 'hash changed files from watcher' 5.866200000047684ms
[NX Daemon Server] - 2024-04-21T22:12:14.219Z - [WATCHER]: 0 file(s) created or restored, 2 file(s) modified, 0 file(s) deleted
[NX Daemon Server] - 2024-04-21T22:12:20.651Z - [REQUEST]: Updated file-hasher based on watched changes, recomputing project graph...
[NX Daemon Server] - 2024-04-21T22:12:20.683Z - Time taken for 'hash changed files from watcher' 6.616300001740456ms
[NX Daemon Server] - 2024-04-21T22:12:20.745Z - [WATCHER]: 0 file(s) created or restored, 2 file(s) modified, 0 file(s) deleted
[NX Daemon Server] - 2024-04-21T22:12:27.169Z - [REQUEST]: Updated file-hasher based on watched changes, recomputing project graph...
[NX Daemon Server] - 2024-04-21T22:12:27.201Z - Time taken for 'hash changed files from watcher' 5.7884999960660934ms
[NX Daemon Server] - 2024-04-21T22:12:27.264Z - [WATCHER]: 0 file(s) created or restored, 2 file(s) modified, 0 file(s) deleted
[NX Daemon Server] - 2024-04-21T22:12:33.695Z - [REQUEST]: Updated file-hasher based on watched changes, recomputing project graph...
[NX Daemon Server] - 2024-04-21T22:12:33.726Z - Time taken for 'hash changed files from watcher' 5.905900001525879ms
[NX Daemon Server] - 2024-04-21T22:12:33.790Z - [WATCHER]: 0 file(s) created or restored, 2 file(s) modified, 0 file(s) deleted
[NX Daemon Server] - 2024-04-21T22:12:40.215Z - [REQUEST]: Updated file-hasher based on watched changes, recomputing project graph...
[NX Daemon Server] - 2024-04-21T22:12:40.247Z - Time taken for 'hash changed files from watcher' 5.933300003409386ms
[NX Daemon Server] - 2024-04-21T22:12:40.310Z - [WATCHER]: 0 file(s) created or restored, 2 file(s) modified, 0 file(s) deleted
[NX Daemon Server] - 2024-04-21T22:12:46.738Z - [REQUEST]: Updated file-hasher based on watched changes, recomputing project graph...
[NX Daemon Server] - 2024-04-21T22:12:46.771Z - Time taken for 'hash changed files from watcher' 8.197899997234344ms
[NX Daemon Server] - 2024-04-21T22:12:46.830Z - [WATCHER]: 0 file(s) created or restored, 2 file(s) modified, 0 file(s) deleted
[NX Daemon Server] - 2024-04-21T22:12:53.252Z - [REQUEST]: Updated file-hasher based on watched changes, recomputing project graph...
[NX Daemon Server] - 2024-04-21T22:12:53.285Z - Time taken for 'hash changed files from watcher' 5.873599998652935ms
[NX Daemon Server] - 2024-04-21T22:12:53.347Z - [WATCHER]: 0 file(s) created or restored, 2 file(s) modified, 0 file(s) deleted
[NX Daemon Server] - 2024-04-21T22:12:59.776Z - [REQUEST]: Updated file-hasher based on watched changes, recomputing project graph...
[NX Daemon Server] - 2024-04-21T22:12:59.811Z - Time taken for 'hash changed files from watcher' 6.070299997925758ms
[NX Daemon Server] - 2024-04-21T22:12:59.870Z - [WATCHER]: 0 file(s) created or restored, 2 file(s) modified, 0 file(s) deleted
[NX Daemon Server] - 2024-04-21T22:13:06.294Z - [REQUEST]: Updated file-hasher based on watched changes, recomputing project graph...
[NX Daemon Server] - 2024-04-21T22:13:06.327Z - Time taken for 'hash changed files from watcher' 5.820299997925758ms
[NX Daemon Server] - 2024-04-21T22:13:06.389Z - [WATCHER]: 0 file(s) created or restored, 2 file(s) modified, 0 file(s) deleted
[NX Daemon Server] - 2024-04-21T22:13:12.817Z - [REQUEST]: Updated file-hasher based on watched changes, recomputing project graph...
[NX Daemon Server] - 2024-04-21T22:13:12.850Z - Time taken for 'hash changed files from watcher' 5.964000001549721ms
[NX Daemon Server] - 2024-04-21T22:13:12.912Z - [WATCHER]: 0 file(s) created or restored, 2 file(s) modified, 0 file(s) deleted
[NX Daemon Server] - 2024-04-21T22:13:19.337Z - [REQUEST]: Updated file-hasher based on watched changes, recomputing project graph...
[NX Daemon Server] - 2024-04-21T22:13:19.369Z - Time taken for 'hash changed files from watcher' 6.2759000062942505ms
[NX Daemon Server] - 2024-04-21T22:13:19.431Z - [WATCHER]: 0 file(s) created or restored, 2 file(s) modified, 0 file(s) deleted
[NX Daemon Server] - 2024-04-21T22:13:25.866Z - [REQUEST]: Updated file-hasher based on watched changes, recomputing project graph...
[NX Daemon Server] - 2024-04-21T22:13:25.898Z - Time taken for 'hash changed files from watcher' 5.892099998891354ms
[NX Daemon Server] - 2024-04-21T22:13:25.961Z - [WATCHER]: 0 file(s) created or restored, 2 file(s) modified, 0 file(s) deleted
[NX Daemon Server] - 2024-04-21T22:13:32.398Z - [REQUEST]: Updated file-hasher based on watched changes, recomputing project graph...
[NX Daemon Server] - 2024-04-21T22:13:32.430Z - Time taken for 'hash changed files from watcher' 6.309600003063679ms
[NX Daemon Server] - 2024-04-21T22:13:32.492Z - [WATCHER]: 0 file(s) created or restored, 2 file(s) modified, 0 file(s) deleted
[NX Daemon Server] - 2024-04-21T22:13:38.921Z - [REQUEST]: Updated file-hasher based on watched changes, recomputing project graph...
[NX Daemon Server] - 2024-04-21T22:13:38.952Z - Time taken for 'hash changed files from watcher' 5.784800000488758ms
[NX Daemon Server] - 2024-04-21T22:13:39.015Z - [WATCHER]: 0 file(s) created or restored, 2 file(s) modified, 0 file(s) deleted
[NX Daemon Server] - 2024-04-21T22:13:45.453Z - [REQUEST]: Updated file-hasher based on watched changes, recomputing project graph...
[NX Daemon Server] - 2024-04-21T22:13:45.486Z - Time taken for 'hash changed files from watcher' 7.63289999961853ms
[NX Daemon Server] - 2024-04-21T22:13:45.546Z - [WATCHER]: 0 file(s) created or restored, 2 file(s) modified, 0 file(s) deleted
[NX Daemon Server] - 2024-04-21T22:13:51.970Z - [REQUEST]: Updated file-hasher based on watched changes, recomputing project graph...
[NX Daemon Server] - 2024-04-21T22:13:52.001Z - Time taken for 'hash changed files from watcher' 5.85809999704361ms
[NX Daemon Server] - 2024-04-21T22:13:52.064Z - [WATCHER]: 0 file(s) created or restored, 2 file(s) modified, 0 file(s) deleted
[NX Daemon Server] - 2024-04-21T22:13:58.501Z - [REQUEST]: Updated file-hasher based on watched changes, recomputing project graph...
[NX Daemon Server] - 2024-04-21T22:13:58.533Z - Time taken for 'hash changed files from watcher' 5.892099998891354ms
[NX Daemon Server] - 2024-04-21T22:13:58.594Z - [WATCHER]: 0 file(s) created or restored, 2 file(s) modified, 0 file(s) deleted
[NX Daemon Server] - 2024-04-21T22:14:05.017Z - [REQUEST]: Updated file-hasher based on watched changes, recomputing project graph...
[NX Daemon Server] - 2024-04-21T22:14:05.050Z - Time taken for 'hash changed files from watcher' 6.302099995315075ms
[NX Daemon Server] - 2024-04-21T22:14:05.112Z - [WATCHER]: 0 file(s) created or restored, 2 file(s) modified, 0 file(s) deleted
[NX Daemon Server] - 2024-04-21T22:14:11.545Z - [REQUEST]: Updated file-hasher based on watched changes, recomputing project graph...
[NX Daemon Server] - 2024-04-21T22:14:11.578Z - Time taken for 'hash changed files from watcher' 5.962099999189377ms
[NX Daemon Server] - 2024-04-21T22:14:11.639Z - [WATCHER]: 0 file(s) created or restored, 2 file(s) modified, 0 file(s) deleted
[NX Daemon Server] - 2024-04-21T22:14:18.064Z - [REQUEST]: Updated file-hasher based on watched changes, recomputing project graph...
[NX Daemon Server] - 2024-04-21T22:14:18.096Z - Time taken for 'hash changed files from watcher' 5.840899996459484ms
[NX Daemon Server] - 2024-04-21T22:14:18.158Z - [WATCHER]: 0 file(s) created or restored, 2 file(s) modified, 0 file(s) deleted
[NX Daemon Server] - 2024-04-21T22:14:24.583Z - [REQUEST]: Updated file-hasher based on watched changes, recomputing project graph...
[NX Daemon Server] - 2024-04-21T22:14:24.617Z - Time taken for 'hash changed files from watcher' 5.888300001621246ms
[NX Daemon Server] - 2024-04-21T22:14:24.677Z - [WATCHER]: 0 file(s) created or restored, 2 file(s) modified, 0 file(s) deleted
[NX Daemon Server] - 2024-04-21T22:14:31.102Z - [REQUEST]: Updated file-hasher based on watched changes, recomputing project graph...
[NX Daemon Server] - 2024-04-21T22:14:31.135Z - Time taken for 'hash changed files from watcher' 5.82770000398159ms
[NX Daemon Server] - 2024-04-21T22:14:31.197Z - [WATCHER]: 0 file(s) created or restored, 2 file(s) modified, 0 file(s) deleted
[NX Daemon Server] - 2024-04-21T22:14:37.625Z - [REQUEST]: Updated file-hasher based on watched changes, recomputing project graph...
[NX Daemon Server] - 2024-04-21T22:14:37.660Z - Time taken for 'hash changed files from watcher' 6.18129999935627ms
[NX Daemon Server] - 2024-04-21T22:14:37.720Z - [WATCHER]: 0 file(s) created or restored, 2 file(s) modified, 0 file(s) deleted
[NX Daemon Server] - 2024-04-21T22:14:44.143Z - [REQUEST]: Updated file-hasher based on watched changes, recomputing project graph...
[NX Daemon Server] - 2024-04-21T22:14:44.175Z - Time taken for 'hash changed files from watcher' 7.179300002753735ms
[NX Daemon Server] - 2024-04-21T22:14:44.237Z - [WATCHER]: 0 file(s) created or restored, 2 file(s) modified, 0 file(s) deleted
[NX Daemon Server] - 2024-04-21T22:14:50.670Z - [REQUEST]: Updated file-hasher based on watched changes, recomputing project graph...
[NX Daemon Server] - 2024-04-21T22:14:50.702Z - Time taken for 'hash changed files from watcher' 6.474299997091293ms
[NX Daemon Server] - 2024-04-21T22:14:50.764Z - [WATCHER]: 0 file(s) created or restored, 2 file(s) modified, 0 file(s) deleted
[NX Daemon Server] - 2024-04-21T22:14:57.187Z - [REQUEST]: Updated file-hasher based on watched changes, recomputing project graph...
[NX Daemon Server] - 2024-04-21T22:14:57.219Z - Time taken for 'hash changed files from watcher' 5.836199998855591ms
[NX Daemon Server] - 2024-04-21T22:14:57.281Z - [WATCHER]: 0 file(s) created or restored, 2 file(s) modified, 0 file(s) deleted
[NX Daemon Server] - 2024-04-21T22:15:03.706Z - [REQUEST]: Updated file-hasher based on watched changes, recomputing project graph...
[NX Daemon Server] - 2024-04-21T22:15:03.738Z - Time taken for 'hash changed files from watcher' 6.313500002026558ms
[NX Daemon Server] - 2024-04-21T22:15:03.800Z - [WATCHER]: 0 file(s) created or restored, 2 file(s) modified, 0 file(s) deleted
[NX Daemon Server] - 2024-04-21T22:15:10.226Z - [REQUEST]: Updated file-hasher based on watched changes, recomputing project graph...
[NX Daemon Server] - 2024-04-21T22:15:10.258Z - Time taken for 'hash changed files from watcher' 5.800599999725819ms
[NX Daemon Server] - 2024-04-21T22:15:10.321Z - [WATCHER]: 0 file(s) created or restored, 2 file(s) modified, 0 file(s) deleted
[NX Daemon Server] - 2024-04-21T22:15:16.748Z - [REQUEST]: Updated file-hasher based on watched changes, recomputing project graph...
[NX Daemon Server] - 2024-04-21T22:15:16.780Z - Time taken for 'hash changed files from watcher' 5.934000000357628ms
[NX Daemon Server] - 2024-04-21T22:15:16.841Z - [WATCHER]: 0 file(s) created or restored, 2 file(s) modified, 0 file(s) deleted
[NX Daemon Server] - 2024-04-21T22:15:23.266Z - [REQUEST]: Updated file-hasher based on watched changes, recomputing project graph...
[NX Daemon Server] - 2024-04-21T22:15:23.298Z - Time taken for 'hash changed files from watcher' 5.814800001680851ms
[NX Daemon Server] - 2024-04-21T22:15:23.361Z - [WATCHER]: 0 file(s) created or restored, 2 file(s) modified, 0 file(s) deleted
[NX Daemon Server] - 2024-04-21T22:15:29.790Z - [REQUEST]: Updated file-hasher based on watched changes, recomputing project graph...
[NX Daemon Server] - 2024-04-21T22:15:29.825Z - Time taken for 'hash changed files from watcher' 6.4809999987483025ms
[NX Daemon Server] - 2024-04-21T22:15:29.884Z - [WATCHER]: 0 file(s) created or restored, 2 file(s) modified, 0 file(s) deleted
[NX Daemon Server] - 2024-04-21T22:15:36.312Z - [REQUEST]: Updated file-hasher based on watched changes, recomputing project graph...
[NX Daemon Server] - 2024-04-21T22:15:36.345Z - Time taken for 'hash changed files from watcher' 5.99210000038147ms
[NX Daemon Server] - 2024-04-21T22:15:36.405Z - [WATCHER]: 0 file(s) created or restored, 2 file(s) modified, 0 file(s) deleted
[NX Daemon Server] - 2024-04-21T22:15:42.838Z - [REQUEST]: Updated file-hasher based on watched changes, recomputing project graph...
[NX Daemon Server] - 2024-04-21T22:15:42.871Z - Time taken for 'hash changed files from watcher' 7.073499999940395ms
[NX Daemon Server] - 2024-04-21T22:15:42.931Z - [WATCHER]: 0 file(s) created or restored, 2 file(s) modified, 0 file(s) deleted
[NX Daemon Server] - 2024-04-21T22:15:49.357Z - [REQUEST]: Updated file-hasher based on watched changes, recomputing project graph...
[NX Daemon Server] - 2024-04-21T22:15:49.390Z - Time taken for 'hash changed files from watcher' 6.119300000369549ms
[NX Daemon Server] - 2024-04-21T22:15:49.452Z - [WATCHER]: 0 file(s) created or restored, 2 file(s) modified, 0 file(s) deleted
[NX Daemon Server] - 2024-04-21T22:15:55.881Z - [REQUEST]: Updated file-hasher based on watched changes, recomputing project graph...
[NX Daemon Server] - 2024-04-21T22:15:55.917Z - Time taken for 'hash changed files from watcher' 6.1794000044465065ms
[NX Daemon Server] - 2024-04-21T22:15:55.975Z - [WATCHER]: 0 file(s) created or restored, 2 file(s) modified, 0 file(s) deleted
[NX Daemon Server] - 2024-04-21T22:16:02.402Z - [REQUEST]: Updated file-hasher based on watched changes, recomputing project graph...
[NX Daemon Server] - 2024-04-21T22:16:02.436Z - Time taken for 'hash changed files from watcher' 6.088699996471405ms
[NX Daemon Server] - 2024-04-21T22:16:02.497Z - [WATCHER]: 0 file(s) created or restored, 2 file(s) modified, 0 file(s) deleted
[NX Daemon Server] - 2024-04-21T22:16:08.922Z - [REQUEST]: Updated file-hasher based on watched changes, recomputing project graph...
[NX Daemon Server] - 2024-04-21T22:16:08.955Z - Time taken for 'hash changed files from watcher' 5.845099993050098ms
[NX Daemon Server] - 2024-04-21T22:16:09.017Z - [WATCHER]: 0 file(s) created or restored, 2 file(s) modified, 0 file(s) deleted
[NX Daemon Server] - 2024-04-21T22:16:15.446Z - [REQUEST]: Updated file-hasher based on watched changes, recomputing project graph...
[NX Daemon Server] - 2024-04-21T22:16:15.478Z - Time taken for 'hash changed files from watcher' 5.895300000905991ms
[NX Daemon Server] - 2024-04-21T22:16:15.540Z - [WATCHER]: 0 file(s) created or restored, 2 file(s) modified, 0 file(s) deleted
[NX Daemon Server] - 2024-04-21T22:16:21.970Z - [REQUEST]: Updated file-hasher based on watched changes, recomputing project graph...
[NX Daemon Server] - 2024-04-21T22:16:22.001Z - Time taken for 'hash changed files from watcher' 5.958999998867512ms
[NX Daemon Server] - 2024-04-21T22:16:22.064Z - [WATCHER]: 0 file(s) created or restored, 2 file(s) modified, 0 file(s) deleted
[NX Daemon Server] - 2024-04-21T22:16:28.495Z - [REQUEST]: Updated file-hasher based on watched changes, recomputing project graph...
[NX Daemon Server] - 2024-04-21T22:16:28.527Z - Time taken for 'hash changed files from watcher' 6.408600002527237ms
[NX Daemon Server] - 2024-04-21T22:16:28.587Z - [WATCHER]: 0 file(s) created or restored, 2 file(s) modified, 0 file(s) deleted
[NX Daemon Server] - 2024-04-21T22:16:35.015Z - [REQUEST]: Updated file-hasher based on watched changes, recomputing project graph...
[NX Daemon Server] - 2024-04-21T22:16:35.047Z - Time taken for 'hash changed files from watcher' 5.939100004732609ms
[NX Daemon Server] - 2024-04-21T22:16:35.110Z - [WATCHER]: 0 file(s) created or restored, 2 file(s) modified, 0 file(s) deleted
[NX Daemon Server] - 2024-04-21T22:16:41.533Z - [REQUEST]: Updated file-hasher based on watched changes, recomputing project graph...
[NX Daemon Server] - 2024-04-21T22:16:41.566Z - Time taken for 'hash changed files from watcher' 5.852400004863739ms
[NX Daemon Server] - 2024-04-21T22:16:41.628Z - [WATCHER]: 0 file(s) created or restored, 2 file(s) modified, 0 file(s) deleted
[NX Daemon Server] - 2024-04-21T22:16:48.054Z - [REQUEST]: Updated file-hasher based on watched changes, recomputing project graph...
[NX Daemon Server] - 2024-04-21T22:16:48.088Z - Time taken for 'hash changed files from watcher' 6.043000005185604ms
[NX Daemon Server] - 2024-04-21T22:16:48.148Z - [WATCHER]: 0 file(s) created or restored, 2 file(s) modified, 0 file(s) deleted
[NX Daemon Server] - 2024-04-21T22:16:54.578Z - [REQUEST]: Updated file-hasher based on watched changes, recomputing project graph...
[NX Daemon Server] - 2024-04-21T22:16:54.610Z - Time taken for 'hash changed files from watcher' 6.034200005233288ms
[NX Daemon Server] - 2024-04-21T22:16:54.672Z - [WATCHER]: 0 file(s) created or restored, 2 file(s) modified, 0 file(s) deleted
[NX Daemon Server] - 2024-04-21T22:17:01.102Z - [REQUEST]: Updated file-hasher based on watched changes, recomputing project graph...
[NX Daemon Server] - 2024-04-21T22:17:01.134Z - Time taken for 'hash changed files from watcher' 6.657800003886223ms
[NX Daemon Server] - 2024-04-21T22:17:01.195Z - [WATCHER]: 0 file(s) created or restored, 2 file(s) modified, 0 file(s) deleted
[NX Daemon Server] - 2024-04-21T22:17:07.632Z - [REQUEST]: Updated file-hasher based on watched changes, recomputing project graph...
[NX Daemon Server] - 2024-04-21T22:17:07.663Z - Time taken for 'hash changed files from watcher' 5.8269999995827675ms
[NX Daemon Server] - 2024-04-21T22:17:07.726Z - [WATCHER]: 0 file(s) created or restored, 2 file(s) modified, 0 file(s) deleted
[NX Daemon Server] - 2024-04-21T22:17:14.155Z - [REQUEST]: Updated file-hasher based on watched changes, recomputing project graph...
[NX Daemon Server] - 2024-04-21T22:17:14.187Z - Time taken for 'hash changed files from watcher' 5.995600000023842ms
[NX Daemon Server] - 2024-04-21T22:17:14.249Z - [WATCHER]: 0 file(s) created or restored, 2 file(s) modified, 0 file(s) deleted
[NX Daemon Server] - 2024-04-21T22:17:20.672Z - [REQUEST]: Updated file-hasher based on watched changes, recomputing project graph...
[NX Daemon Server] - 2024-04-21T22:17:20.706Z - Time taken for 'hash changed files from watcher' 6.256900005042553ms
[NX Daemon Server] - 2024-04-21T22:17:20.765Z - [WATCHER]: 0 file(s) created or restored, 2 file(s) modified, 0 file(s) deleted
[NX Daemon Server] - 2024-04-21T22:17:27.198Z - [REQUEST]: Updated file-hasher based on watched changes, recomputing project graph...
[NX Daemon Server] - 2024-04-21T22:17:27.233Z - Time taken for 'hash changed files from watcher' 6.034600004553795ms
[NX Daemon Server] - 2024-04-21T22:17:27.293Z - [WATCHER]: 0 file(s) created or restored, 2 file(s) modified, 0 file(s) deleted
[NX Daemon Server] - 2024-04-21T22:17:33.724Z - [REQUEST]: Updated file-hasher based on watched changes, recomputing project graph...
[NX Daemon Server] - 2024-04-21T22:17:33.757Z - Time taken for 'hash changed files from watcher' 5.756599999964237ms
[NX Daemon Server] - 2024-04-21T22:17:33.819Z - [WATCHER]: 0 file(s) created or restored, 2 file(s) modified, 0 file(s) deleted
[NX Daemon Server] - 2024-04-21T22:17:40.246Z - [REQUEST]: Updated file-hasher based on watched changes, recomputing project graph...
[NX Daemon Server] - 2024-04-21T22:17:40.278Z - Time taken for 'hash changed files from watcher' 5.8329000025987625ms
[NX Daemon Server] - 2024-04-21T22:17:40.340Z - [WATCHER]: 0 file(s) created or restored, 2 file(s) modified, 0 file(s) deleted
[NX Daemon Server] - 2024-04-21T22:17:46.775Z - [REQUEST]: Updated file-hasher based on watched changes, recomputing project graph...
[NX Daemon Server] - 2024-04-21T22:17:46.806Z - Time taken for 'hash changed files from watcher' 7.117899999022484ms
[NX Daemon Server] - 2024-04-21T22:17:46.868Z - [WATCHER]: 0 file(s) created or restored, 2 file(s) modified, 0 file(s) deleted
[NX Daemon Server] - 2024-04-21T22:17:53.302Z - [REQUEST]: Updated file-hasher based on watched changes, recomputing project graph...
[NX Daemon Server] - 2024-04-21T22:17:53.335Z - Time taken for 'hash changed files from watcher' 5.932900004088879ms
[NX Daemon Server] - 2024-04-21T22:17:53.397Z - [WATCHER]: 0 file(s) created or restored, 2 file(s) modified, 0 file(s) deleted
[NX Daemon Server] - 2024-04-21T22:17:59.820Z - [REQUEST]: Updated file-hasher based on watched changes, recomputing project graph...
[NX Daemon Server] - 2024-04-21T22:17:59.852Z - Time taken for 'hash changed files from watcher' 6.01969999819994ms
[NX Daemon Server] - 2024-04-21T22:17:59.914Z - [WATCHER]: 0 file(s) created or restored, 2 file(s) modified, 0 file(s) deleted
[NX Daemon Server] - 2024-04-21T22:18:06.340Z - [REQUEST]: Updated file-hasher based on watched changes, recomputing project graph...
[NX Daemon Server] - 2024-04-21T22:18:06.372Z - Time taken for 'hash changed files from watcher' 6.004200004041195ms
[NX Daemon Server] - 2024-04-21T22:18:06.434Z - [WATCHER]: 0 file(s) created or restored, 2 file(s) modified, 0 file(s) deleted
[NX Daemon Server] - 2024-04-21T22:18:12.865Z - [REQUEST]: Updated file-hasher based on watched changes, recomputing project graph...
[NX Daemon Server] - 2024-04-21T22:18:12.897Z - Time taken for 'hash changed files from watcher' 6.531499996781349ms
[NX Daemon Server] - 2024-04-21T22:18:12.959Z - [WATCHER]: 0 file(s) created or restored, 2 file(s) modified, 0 file(s) deleted
[NX Daemon Server] - 2024-04-21T22:18:19.382Z - [REQUEST]: Updated file-hasher based on watched changes, recomputing project graph...
[NX Daemon Server] - 2024-04-21T22:18:19.414Z - Time taken for 'hash changed files from watcher' 5.722199998795986ms
[NX Daemon Server] - 2024-04-21T22:18:19.476Z - [WATCHER]: 0 file(s) created or restored, 2 file(s) modified, 0 file(s) deleted
[NX Daemon Server] - 2024-04-21T22:18:25.903Z - [REQUEST]: Updated file-hasher based on watched changes, recomputing project graph...
[NX Daemon Server] - 2024-04-21T22:18:25.935Z - Time taken for 'hash changed files from watcher' 5.7621999979019165ms
[NX Daemon Server] - 2024-04-21T22:18:25.997Z - [WATCHER]: 0 file(s) created or restored, 2 file(s) modified, 0 file(s) deleted
[NX Daemon Server] - 2024-04-21T22:18:32.428Z - [REQUEST]: Updated file-hasher based on watched changes, recomputing project graph...
[NX Daemon Server] - 2024-04-21T22:18:32.461Z - Time taken for 'hash changed files from watcher' 6.297899998724461ms
[NX Daemon Server] - 2024-04-21T22:18:32.523Z - [WATCHER]: 0 file(s) created or restored, 2 file(s) modified, 0 file(s) deleted
[NX Daemon Server] - 2024-04-21T22:18:38.949Z - [REQUEST]: Updated file-hasher based on watched changes, recomputing project graph...
[NX Daemon Server] - 2024-04-21T22:18:38.981Z - Time taken for 'hash changed files from watcher' 5.915899999439716ms
[NX Daemon Server] - 2024-04-21T22:18:39.043Z - [WATCHER]: 0 file(s) created or restored, 2 file(s) modified, 0 file(s) deleted
[NX Daemon Server] - 2024-04-21T22:18:45.469Z - [REQUEST]: Updated file-hasher based on watched changes, recomputing project graph...
[NX Daemon Server] - 2024-04-21T22:18:45.501Z - Time taken for 'hash changed files from watcher' 7.124899998307228ms
[NX Daemon Server] - 2024-04-21T22:18:45.563Z - [WATCHER]: 0 file(s) created or restored, 2 file(s) modified, 0 file(s) deleted
[NX Daemon Server] - 2024-04-21T22:18:51.984Z - [REQUEST]: Updated file-hasher based on watched changes, recomputing project graph...
[NX Daemon Server] - 2024-04-21T22:18:52.017Z - Time taken for 'hash changed files from watcher' 6.596900001168251ms
[NX Daemon Server] - 2024-04-21T22:18:52.078Z - [WATCHER]: 0 file(s) created or restored, 2 file(s) modified, 0 file(s) deleted
[NX Daemon Server] - 2024-04-21T22:18:58.502Z - [REQUEST]: Updated file-hasher based on watched changes, recomputing project graph...
[NX Daemon Server] - 2024-04-21T22:18:58.537Z - Time taken for 'hash changed files from watcher' 5.839500002563ms
[NX Daemon Server] - 2024-04-21T22:18:58.596Z - [WATCHER]: 0 file(s) created or restored, 2 file(s) modified, 0 file(s) deleted
[NX Daemon Server] - 2024-04-21T22:19:05.022Z - [REQUEST]: Updated file-hasher based on watched changes, recomputing project graph...
[NX Daemon Server] - 2024-04-21T22:19:05.054Z - Time taken for 'hash changed files from watcher' 5.968199998140335ms
[NX Daemon Server] - 2024-04-21T22:19:05.117Z - [WATCHER]: 0 file(s) created or restored, 2 file(s) modified, 0 file(s) deleted
[NX Daemon Server] - 2024-04-21T22:19:11.548Z - [REQUEST]: Updated file-hasher based on watched changes, recomputing project graph...
[NX Daemon Server] - 2024-04-21T22:19:11.587Z - Time taken for 'hash changed files from watcher' 6.400600001215935ms
[NX Daemon Server] - 2024-04-21T22:19:11.680Z - [WATCHER]: 0 file(s) created or restored, 2 file(s) modified, 0 file(s) deleted
[NX Daemon Server] - 2024-04-21T22:19:18.106Z - [REQUEST]: Updated file-hasher based on watched changes, recomputing project graph...
[NX Daemon Server] - 2024-04-21T22:19:18.140Z - Time taken for 'hash changed files from watcher' 7.049300000071526ms
[NX Daemon Server] - 2024-04-21T22:19:18.198Z - [WATCHER]: 0 file(s) created or restored, 2 file(s) modified, 0 file(s) deleted
[NX Daemon Server] - 2024-04-21T22:19:24.633Z - [REQUEST]: Updated file-hasher based on watched changes, recomputing project graph...
[NX Daemon Server] - 2024-04-21T22:19:24.670Z - Time taken for 'hash changed files from watcher' 6.432900004088879ms
[NX Daemon Server] - 2024-04-21T22:19:24.739Z - [WATCHER]: 0 file(s) created or restored, 2 file(s) modified, 0 file(s) deleted
[NX Daemon Server] - 2024-04-21T22:19:31.175Z - [REQUEST]: Updated file-hasher based on watched changes, recomputing project graph...
[NX Daemon Server] - 2024-04-21T22:19:31.207Z - Time taken for 'hash changed files from watcher' 6.452799998223782ms
[NX Daemon Server] - 2024-04-21T22:19:31.268Z - [WATCHER]: 0 file(s) created or restored, 2 file(s) modified, 0 file(s) deleted
[NX Daemon Server] - 2024-04-21T22:19:37.695Z - [REQUEST]: Updated file-hasher based on watched changes, recomputing project graph...
[NX Daemon Server] - 2024-04-21T22:19:37.727Z - Time taken for 'hash changed files from watcher' 6.3012000024318695ms
[NX Daemon Server] - 2024-04-21T22:19:37.789Z - [WATCHER]: 0 file(s) created or restored, 2 file(s) modified, 0 file(s) deleted
[NX Daemon Server] - 2024-04-21T22:19:44.225Z - [REQUEST]: Updated file-hasher based on watched changes, recomputing project graph...
[NX Daemon Server] - 2024-04-21T22:19:44.257Z - Time taken for 'hash changed files from watcher' 6.640999995172024ms
[NX Daemon Server] - 2024-04-21T22:19:44.319Z - [WATCHER]: 0 file(s) created or restored, 2 file(s) modified, 0 file(s) deleted
[NX Daemon Server] - 2024-04-21T22:19:50.744Z - [REQUEST]: Updated file-hasher based on watched changes, recomputing project graph...
[NX Daemon Server] - 2024-04-21T22:19:50.776Z - Time taken for 'hash changed files from watcher' 6.231100000441074ms
[NX Daemon Server] - 2024-04-21T22:19:50.838Z - [WATCHER]: 0 file(s) created or restored, 2 file(s) modified, 0 file(s) deleted
[NX Daemon Server] - 2024-04-21T22:19:57.274Z - [REQUEST]: Updated file-hasher based on watched changes, recomputing project graph...
[NX Daemon Server] - 2024-04-21T22:19:57.307Z - Time taken for 'hash changed files from watcher' 6.057300001382828ms
[NX Daemon Server] - 2024-04-21T22:19:57.369Z - [WATCHER]: 0 file(s) created or restored, 2 file(s) modified, 0 file(s) deleted
[NX Daemon Server] - 2024-04-21T22:20:03.794Z - [REQUEST]: Updated file-hasher based on watched changes, recomputing project graph...
[NX Daemon Server] - 2024-04-21T22:20:03.826Z - Time taken for 'hash changed files from watcher' 5.925999999046326ms
[NX Daemon Server] - 2024-04-21T22:20:03.889Z - [WATCHER]: 0 file(s) created or restored, 2 file(s) modified, 0 file(s) deleted
[NX Daemon Server] - 2024-04-21T22:20:10.316Z - [REQUEST]: Updated file-hasher based on watched changes, recomputing project graph...
[NX Daemon Server] - 2024-04-21T22:20:10.349Z - Time taken for 'hash changed files from watcher' 6.443199999630451ms
[NX Daemon Server] - 2024-04-21T22:20:10.409Z - [WATCHER]: 0 file(s) created or restored, 2 file(s) modified, 0 file(s) deleted
[NX Daemon Server] - 2024-04-21T22:20:16.839Z - [REQUEST]: Updated file-hasher based on watched changes, recomputing project graph...
[NX Daemon Server] - 2024-04-21T22:20:16.871Z - Time taken for 'hash changed files from watcher' 5.940200001001358ms
[NX Daemon Server] - 2024-04-21T22:20:16.934Z - [WATCHER]: 0 file(s) created or restored, 2 file(s) modified, 0 file(s) deleted
[NX Daemon Server] - 2024-04-21T22:20:23.357Z - [REQUEST]: Updated file-hasher based on watched changes, recomputing project graph...
[NX Daemon Server] - 2024-04-21T22:20:23.389Z - Time taken for 'hash changed files from watcher' 6.295000001788139ms
[NX Daemon Server] - 2024-04-21T22:20:23.450Z - [WATCHER]: 0 file(s) created or restored, 2 file(s) modified, 0 file(s) deleted
[NX Daemon Server] - 2024-04-21T22:20:29.876Z - [REQUEST]: Updated file-hasher based on watched changes, recomputing project graph...
[NX Daemon Server] - 2024-04-21T22:20:29.912Z - Time taken for 'hash changed files from watcher' 5.916000001132488ms
[NX Daemon Server] - 2024-04-21T22:20:29.970Z - [WATCHER]: 0 file(s) created or restored, 2 file(s) modified, 0 file(s) deleted
[NX Daemon Server] - 2024-04-21T22:20:36.403Z - [REQUEST]: Updated file-hasher based on watched changes, recomputing project graph...
[NX Daemon Server] - 2024-04-21T22:20:36.438Z - Time taken for 'hash changed files from watcher' 5.948899999260902ms
[NX Daemon Server] - 2024-04-21T22:20:36.498Z - [WATCHER]: 0 file(s) created or restored, 2 file(s) modified, 0 file(s) deleted
[NX Daemon Server] - 2024-04-21T22:20:42.936Z - [REQUEST]: Updated file-hasher based on watched changes, recomputing project graph...
[NX Daemon Server] - 2024-04-21T22:20:42.968Z - Time taken for 'hash changed files from watcher' 6.583700001239777ms
[NX Daemon Server] - 2024-04-21T22:20:43.030Z - [WATCHER]: 0 file(s) created or restored, 2 file(s) modified, 0 file(s) deleted
[NX Daemon Server] - 2024-04-21T22:20:49.453Z - [REQUEST]: Updated file-hasher based on watched changes, recomputing project graph...
[NX Daemon Server] - 2024-04-21T22:20:49.485Z - Time taken for 'hash changed files from watcher' 5.931599996984005ms
[NX Daemon Server] - 2024-04-21T22:20:49.548Z - [WATCHER]: 0 file(s) created or restored, 2 file(s) modified, 0 file(s) deleted
[NX Daemon Server] - 2024-04-21T22:20:55.971Z - [REQUEST]: Updated file-hasher based on watched changes, recomputing project graph...
[NX Daemon Server] - 2024-04-21T22:20:56.004Z - Time taken for 'hash changed files from watcher' 5.946399994194508ms
[NX Daemon Server] - 2024-04-21T22:20:56.066Z - [WATCHER]: 0 file(s) created or restored, 2 file(s) modified, 0 file(s) deleted
[NX Daemon Server] - 2024-04-21T22:21:02.493Z - [REQUEST]: Updated file-hasher based on watched changes, recomputing project graph...
[NX Daemon Server] - 2024-04-21T22:21:02.525Z - Time taken for 'hash changed files from watcher' 5.818599998950958ms
[NX Daemon Server] - 2024-04-21T22:21:02.587Z - [WATCHER]: 0 file(s) created or restored, 2 file(s) modified, 0 file(s) deleted
[NX Daemon Server] - 2024-04-21T22:21:09.013Z - [REQUEST]: Updated file-hasher based on watched changes, recomputing project graph...
[NX Daemon Server] - 2024-04-21T22:21:09.045Z - Time taken for 'hash changed files from watcher' 6.1099999994039536ms
[NX Daemon Server] - 2024-04-21T22:21:09.107Z - [WATCHER]: 0 file(s) created or restored, 2 file(s) modified, 0 file(s) deleted
[NX Daemon Server] - 2024-04-21T22:21:15.538Z - [REQUEST]: Updated file-hasher based on watched changes, recomputing project graph...
[NX Daemon Server] - 2024-04-21T22:21:15.571Z - Time taken for 'hash changed files from watcher' 5.914499998092651ms
[NX Daemon Server] - 2024-04-21T22:21:15.633Z - [WATCHER]: 0 file(s) created or restored, 2 file(s) modified, 0 file(s) deleted
[NX Daemon Server] - 2024-04-21T22:21:22.055Z - [REQUEST]: Updated file-hasher based on watched changes, recomputing project graph...
[NX Daemon Server] - 2024-04-21T22:21:22.088Z - Time taken for 'hash changed files from watcher' 5.897499993443489ms
[NX Daemon Server] - 2024-04-21T22:21:22.150Z - [WATCHER]: 0 file(s) created or restored, 2 file(s) modified, 0 file(s) deleted
[NX Daemon Server] - 2024-04-21T22:21:28.585Z - [REQUEST]: Updated file-hasher based on watched changes, recomputing project graph...
[NX Daemon Server] - 2024-04-21T22:21:28.617Z - Time taken for 'hash changed files from watcher' 5.905000001192093ms
[NX Daemon Server] - 2024-04-21T22:21:28.679Z - [WATCHER]: 0 file(s) created or restored, 2 file(s) modified, 0 file(s) deleted
[NX Daemon Server] - 2024-04-21T22:21:35.111Z - [REQUEST]: Updated file-hasher based on watched changes, recomputing project graph...
[NX Daemon Server] - 2024-04-21T22:21:35.145Z - Time taken for 'hash changed files from watcher' 6.478799998760223ms
[NX Daemon Server] - 2024-04-21T22:21:35.205Z - [WATCHER]: 0 file(s) created or restored, 2 file(s) modified, 0 file(s) deleted
[NX Daemon Server] - 2024-04-21T22:21:41.632Z - [REQUEST]: Updated file-hasher based on watched changes, recomputing project graph...
[NX Daemon Server] - 2024-04-21T22:21:41.664Z - Time taken for 'hash changed files from watcher' 5.93469999730587ms
[NX Daemon Server] - 2024-04-21T22:21:41.726Z - [WATCHER]: 0 file(s) created or restored, 2 file(s) modified, 0 file(s) deleted
[NX Daemon Server] - 2024-04-21T22:21:48.152Z - [REQUEST]: Updated file-hasher based on watched changes, recomputing project graph...
[NX Daemon Server] - 2024-04-21T22:21:48.184Z - Time taken for 'hash changed files from watcher' 6.555500000715256ms
[NX Daemon Server] - 2024-04-21T22:21:48.246Z - [WATCHER]: 0 file(s) created or restored, 2 file(s) modified, 0 file(s) deleted
[NX Daemon Server] - 2024-04-21T22:21:54.677Z - [REQUEST]: Updated file-hasher based on watched changes, recomputing project graph...
[NX Daemon Server] - 2024-04-21T22:21:54.709Z - Time taken for 'hash changed files from watcher' 5.943300001323223ms
[NX Daemon Server] - 2024-04-21T22:21:54.771Z - [WATCHER]: 0 file(s) created or restored, 2 file(s) modified, 0 file(s) deleted
[NX Daemon Server] - 2024-04-21T22:22:01.195Z - [REQUEST]: Updated file-hasher based on watched changes, recomputing project graph...
[NX Daemon Server] - 2024-04-21T22:22:01.231Z - Time taken for 'hash changed files from watcher' 5.803400002419949ms
[NX Daemon Server] - 2024-04-21T22:22:01.290Z - [WATCHER]: 0 file(s) created or restored, 2 file(s) modified, 0 file(s) deleted
[NX Daemon Server] - 2024-04-21T22:22:07.714Z - [REQUEST]: Updated file-hasher based on watched changes, recomputing project graph...
[NX Daemon Server] - 2024-04-21T22:22:07.748Z - Time taken for 'hash changed files from watcher' 6.4842000007629395ms
[NX Daemon Server] - 2024-04-21T22:22:07.808Z - [WATCHER]: 0 file(s) created or restored, 2 file(s) modified, 0 file(s) deleted
[NX Daemon Server] - 2024-04-21T22:22:14.238Z - [REQUEST]: Updated file-hasher based on watched changes, recomputing project graph...
[NX Daemon Server] - 2024-04-21T22:22:14.273Z - Time taken for 'hash changed files from watcher' 6.67229999601841ms
[NX Daemon Server] - 2024-04-21T22:22:14.331Z - [WATCHER]: 0 file(s) created or restored, 2 file(s) modified, 0 file(s) deleted
[NX Daemon Server] - 2024-04-21T22:22:20.762Z - [REQUEST]: Updated file-hasher based on watched changes, recomputing project graph...
[NX Daemon Server] - 2024-04-21T22:22:20.794Z - Time taken for 'hash changed files from watcher' 6.440600000321865ms
[NX Daemon Server] - 2024-04-21T22:22:20.855Z - [WATCHER]: 0 file(s) created or restored, 2 file(s) modified, 0 file(s) deleted
[NX Daemon Server] - 2024-04-21T22:22:27.278Z - [REQUEST]: Updated file-hasher based on watched changes, recomputing project graph...
[NX Daemon Server] - 2024-04-21T22:22:27.312Z - Time taken for 'hash changed files from watcher' 5.942299999296665ms
[NX Daemon Server] - 2024-04-21T22:22:27.373Z - [WATCHER]: 0 file(s) created or restored, 2 file(s) modified, 0 file(s) deleted
[NX Daemon Server] - 2024-04-21T22:22:33.799Z - [REQUEST]: Updated file-hasher based on watched changes, recomputing project graph...
[NX Daemon Server] - 2024-04-21T22:22:33.831Z - Time taken for 'hash changed files from watcher' 5.878600001335144ms
[NX Daemon Server] - 2024-04-21T22:22:33.894Z - [WATCHER]: 0 file(s) created or restored, 2 file(s) modified, 0 file(s) deleted
[NX Daemon Server] - 2024-04-21T22:22:40.321Z - [REQUEST]: Updated file-hasher based on watched changes, recomputing project graph...
[NX Daemon Server] - 2024-04-21T22:22:40.353Z - Time taken for 'hash changed files from watcher' 6.098999999463558ms
[NX Daemon Server] - 2024-04-21T22:22:40.416Z - [WATCHER]: 0 file(s) created or restored, 2 file(s) modified, 0 file(s) deleted
[NX Daemon Server] - 2024-04-21T22:22:46.841Z - [REQUEST]: Updated file-hasher based on watched changes, recomputing project graph...
[NX Daemon Server] - 2024-04-21T22:22:46.873Z - Time taken for 'hash changed files from watcher' 7.82769999653101ms
[NX Daemon Server] - 2024-04-21T22:22:46.933Z - [WATCHER]: 0 file(s) created or restored, 2 file(s) modified, 0 file(s) deleted
[NX Daemon Server] - 2024-04-21T22:22:53.361Z - [REQUEST]: Updated file-hasher based on watched changes, recomputing project graph...
[NX Daemon Server] - 2024-04-21T22:22:53.392Z - Time taken for 'hash changed files from watcher' 5.830700002610683ms
[NX Daemon Server] - 2024-04-21T22:22:53.455Z - [WATCHER]: 0 file(s) created or restored, 2 file(s) modified, 0 file(s) deleted
[NX Daemon Server] - 2024-04-21T22:22:59.888Z - [REQUEST]: Updated file-hasher based on watched changes, recomputing project graph...
[NX Daemon Server] - 2024-04-21T22:22:59.919Z - Time taken for 'hash changed files from watcher' 5.9869000017642975ms
[NX Daemon Server] - 2024-04-21T22:22:59.982Z - [WATCHER]: 0 file(s) created or restored, 2 file(s) modified, 0 file(s) deleted
[NX Daemon Server] - 2024-04-21T22:23:06.405Z - [REQUEST]: Updated file-hasher based on watched changes, recomputing project graph...
[NX Daemon Server] - 2024-04-21T22:23:06.438Z - Time taken for 'hash changed files from watcher' 5.801399998366833ms
[NX Daemon Server] - 2024-04-21T22:23:06.501Z - [WATCHER]: 0 file(s) created or restored, 2 file(s) modified, 0 file(s) deleted
[NX Daemon Server] - 2024-04-21T22:23:12.928Z - [REQUEST]: Updated file-hasher based on watched changes, recomputing project graph...
[NX Daemon Server] - 2024-04-21T22:23:12.961Z - Time taken for 'hash changed files from watcher' 5.930999994277954ms
[NX Daemon Server] - 2024-04-21T22:23:13.023Z - [WATCHER]: 0 file(s) created or restored, 2 file(s) modified, 0 file(s) deleted
[NX Daemon Server] - 2024-04-21T22:23:19.450Z - [REQUEST]: Updated file-hasher based on watched changes, recomputing project graph...
[NX Daemon Server] - 2024-04-21T22:23:19.482Z - Time taken for 'hash changed files from watcher' 5.757500000298023ms
[NX Daemon Server] - 2024-04-21T22:23:19.544Z - [WATCHER]: 0 file(s) created or restored, 2 file(s) modified, 0 file(s) deleted
[NX Daemon Server] - 2024-04-21T22:23:25.976Z - [REQUEST]: Updated file-hasher based on watched changes, recomputing project graph...
[NX Daemon Server] - 2024-04-21T22:23:26.009Z - Time taken for 'hash changed files from watcher' 5.8834999948740005ms
[NX Daemon Server] - 2024-04-21T22:23:26.070Z - [WATCHER]: 0 file(s) created or restored, 2 file(s) modified, 0 file(s) deleted
[NX Daemon Server] - 2024-04-21T22:23:32.497Z - [REQUEST]: Updated file-hasher based on watched changes, recomputing project graph...
[NX Daemon Server] - 2024-04-21T22:23:32.530Z - Time taken for 'hash changed files from watcher' 6.05630000680685ms
[NX Daemon Server] - 2024-04-21T22:23:32.591Z - [WATCHER]: 0 file(s) created or restored, 2 file(s) modified, 0 file(s) deleted
[NX Daemon Server] - 2024-04-21T22:23:39.017Z - [REQUEST]: Updated file-hasher based on watched changes, recomputing project graph...
[NX Daemon Server] - 2024-04-21T22:23:39.049Z - Time taken for 'hash changed files from watcher' 6.5116999968886375ms
[NX Daemon Server] - 2024-04-21T22:23:39.110Z - [WATCHER]: 0 file(s) created or restored, 2 file(s) modified, 0 file(s) deleted
[NX Daemon Server] - 2024-04-21T22:23:45.550Z - [REQUEST]: Updated file-hasher based on watched changes, recomputing project graph...
[NX Daemon Server] - 2024-04-21T22:23:45.588Z - Time taken for 'hash changed files from watcher' 7.265500001609325ms
[NX Daemon Server] - 2024-04-21T22:23:45.657Z - [WATCHER]: 0 file(s) created or restored, 2 file(s) modified, 0 file(s) deleted
[NX Daemon Server] - 2024-04-21T22:23:52.089Z - [REQUEST]: Updated file-hasher based on watched changes, recomputing project graph...
[NX Daemon Server] - 2024-04-21T22:23:52.122Z - Time taken for 'hash changed files from watcher' 6.135999999940395ms
[NX Daemon Server] - 2024-04-21T22:23:52.183Z - [WATCHER]: 0 file(s) created or restored, 2 file(s) modified, 0 file(s) deleted
[NX Daemon Server] - 2024-04-21T22:23:58.614Z - [REQUEST]: Updated file-hasher based on watched changes, recomputing project graph...
[NX Daemon Server] - 2024-04-21T22:23:58.646Z - Time taken for 'hash changed files from watcher' 5.950900003314018ms
[NX Daemon Server] - 2024-04-21T22:23:58.708Z - [WATCHER]: 0 file(s) created or restored, 2 file(s) modified, 0 file(s) deleted
[NX Daemon Server] - 2024-04-21T22:24:05.137Z - [REQUEST]: Updated file-hasher based on watched changes, recomputing project graph...
[NX Daemon Server] - 2024-04-21T22:24:05.169Z - Time taken for 'hash changed files from watcher' 6.058200001716614ms
[NX Daemon Server] - 2024-04-21T22:24:05.231Z - [WATCHER]: 0 file(s) created or restored, 2 file(s) modified, 0 file(s) deleted
[NX Daemon Server] - 2024-04-21T22:24:11.661Z - [REQUEST]: Updated file-hasher based on watched changes, recomputing project graph...
[NX Daemon Server] - 2024-04-21T22:24:11.694Z - Time taken for 'hash changed files from watcher' 5.77309999614954ms
[NX Daemon Server] - 2024-04-21T22:24:11.756Z - [WATCHER]: 0 file(s) created or restored, 2 file(s) modified, 0 file(s) deleted
[NX Daemon Server] - 2024-04-21T22:24:18.179Z - [REQUEST]: Updated file-hasher based on watched changes, recomputing project graph...
[NX Daemon Server] - 2024-04-21T22:24:18.211Z - Time taken for 'hash changed files from watcher' 5.782000005245209ms
[NX Daemon Server] - 2024-04-21T22:24:18.274Z - [WATCHER]: 0 file(s) created or restored, 2 file(s) modified, 0 file(s) deleted
[NX Daemon Server] - 2024-04-21T22:24:24.700Z - [REQUEST]: Updated file-hasher based on watched changes, recomputing project graph...
[NX Daemon Server] - 2024-04-21T22:24:24.732Z - Time taken for 'hash changed files from watcher' 6.117899999022484ms
[NX Daemon Server] - 2024-04-21T22:24:24.793Z - [WATCHER]: 0 file(s) created or restored, 2 file(s) modified, 0 file(s) deleted
[NX Daemon Server] - 2024-04-21T22:24:31.220Z - [REQUEST]: Updated file-hasher based on watched changes, recomputing project graph...
[NX Daemon Server] - 2024-04-21T22:24:31.253Z - Time taken for 'hash changed files from watcher' 5.9822999984025955ms
[NX Daemon Server] - 2024-04-21T22:24:31.314Z - [WATCHER]: 0 file(s) created or restored, 2 file(s) modified, 0 file(s) deleted
[NX Daemon Server] - 2024-04-21T22:24:37.740Z - [REQUEST]: Updated file-hasher based on watched changes, recomputing project graph...
[NX Daemon Server] - 2024-04-21T22:24:37.772Z - Time taken for 'hash changed files from watcher' 6.316100001335144ms
[NX Daemon Server] - 2024-04-21T22:24:37.834Z - [WATCHER]: 0 file(s) created or restored, 2 file(s) modified, 0 file(s) deleted
[NX Daemon Server] - 2024-04-21T22:24:44.268Z - [REQUEST]: Updated file-hasher based on watched changes, recomputing project graph...
[NX Daemon Server] - 2024-04-21T22:24:44.300Z - Time taken for 'hash changed files from watcher' 6.218999996781349ms
[NX Daemon Server] - 2024-04-21T22:24:44.362Z - [WATCHER]: 0 file(s) created or restored, 2 file(s) modified, 0 file(s) deleted
[NX Daemon Server] - 2024-04-21T22:24:50.788Z - [REQUEST]: Updated file-hasher based on watched changes, recomputing project graph...
[NX Daemon Server] - 2024-04-21T22:24:50.823Z - Time taken for 'hash changed files from watcher' 6.072499997913837ms
[NX Daemon Server] - 2024-04-21T22:24:50.882Z - [WATCHER]: 0 file(s) created or restored, 2 file(s) modified, 0 file(s) deleted
[NX Daemon Server] - 2024-04-21T22:24:57.303Z - [REQUEST]: Updated file-hasher based on watched changes, recomputing project graph...
[NX Daemon Server] - 2024-04-21T22:24:57.336Z - Time taken for 'hash changed files from watcher' 5.9482999965548515ms
[NX Daemon Server] - 2024-04-21T22:24:57.398Z - [WATCHER]: 0 file(s) created or restored, 2 file(s) modified, 0 file(s) deleted
[NX Daemon Server] - 2024-04-21T22:25:03.833Z - [REQUEST]: Updated file-hasher based on watched changes, recomputing project graph...
[NX Daemon Server] - 2024-04-21T22:25:03.865Z - Time taken for 'hash changed files from watcher' 5.870000004768372ms
[NX Daemon Server] - 2024-04-21T22:25:03.929Z - [WATCHER]: 0 file(s) created or restored, 2 file(s) modified, 0 file(s) deleted
[NX Daemon Server] - 2024-04-21T22:25:10.368Z - [REQUEST]: Updated file-hasher based on watched changes, recomputing project graph...
[NX Daemon Server] - 2024-04-21T22:25:10.402Z - Time taken for 'hash changed files from watcher' 7.217000000178814ms
[NX Daemon Server] - 2024-04-21T22:25:10.461Z - [WATCHER]: 0 file(s) created or restored, 2 file(s) modified, 0 file(s) deleted
[NX Daemon Server] - 2024-04-21T22:25:16.890Z - [REQUEST]: Updated file-hasher based on watched changes, recomputing project graph...
[NX Daemon Server] - 2024-04-21T22:25:16.924Z - Time taken for 'hash changed files from watcher' 6.718400001525879ms
[NX Daemon Server] - 2024-04-21T22:25:16.982Z - [WATCHER]: 0 file(s) created or restored, 2 file(s) modified, 0 file(s) deleted
[NX Daemon Server] - 2024-04-21T22:25:23.408Z - [REQUEST]: Updated file-hasher based on watched changes, recomputing project graph...
[NX Daemon Server] - 2024-04-21T22:25:23.441Z - Time taken for 'hash changed files from watcher' 5.876199997961521ms
[NX Daemon Server] - 2024-04-21T22:25:23.503Z - [WATCHER]: 0 file(s) created or restored, 2 file(s) modified, 0 file(s) deleted
[NX Daemon Server] - 2024-04-21T22:25:29.934Z - [REQUEST]: Updated file-hasher based on watched changes, recomputing project graph...
[NX Daemon Server] - 2024-04-21T22:25:29.966Z - Time taken for 'hash changed files from watcher' 6.333000004291534ms
[NX Daemon Server] - 2024-04-21T22:25:30.028Z - [WATCHER]: 0 file(s) created or restored, 2 file(s) modified, 0 file(s) deleted
[NX Daemon Server] - 2024-04-21T22:25:36.454Z - [REQUEST]: Updated file-hasher based on watched changes, recomputing project graph...
[NX Daemon Server] - 2024-04-21T22:25:36.486Z - Time taken for 'hash changed files from watcher' 5.780300006270409ms
[NX Daemon Server] - 2024-04-21T22:25:36.548Z - [WATCHER]: 0 file(s) created or restored, 2 file(s) modified, 0 file(s) deleted
[NX Daemon Server] - 2024-04-21T22:25:42.974Z - [REQUEST]: Updated file-hasher based on watched changes, recomputing project graph...
[NX Daemon Server] - 2024-04-21T22:25:43.007Z - Time taken for 'hash changed files from watcher' 6.134500004351139ms
[NX Daemon Server] - 2024-04-21T22:25:43.068Z - [WATCHER]: 0 file(s) created or restored, 2 file(s) modified, 0 file(s) deleted
[NX Daemon Server] - 2024-04-21T22:25:49.501Z - [REQUEST]: Updated file-hasher based on watched changes, recomputing project graph...
[NX Daemon Server] - 2024-04-21T22:25:49.533Z - Time taken for 'hash changed files from watcher' 5.942500002682209ms
[NX Daemon Server] - 2024-04-21T22:25:49.596Z - [WATCHER]: 0 file(s) created or restored, 2 file(s) modified, 0 file(s) deleted
[NX Daemon Server] - 2024-04-21T22:25:56.033Z - [REQUEST]: Updated file-hasher based on watched changes, recomputing project graph...
[NX Daemon Server] - 2024-04-21T22:25:56.066Z - Time taken for 'hash changed files from watcher' 5.850299999117851ms
[NX Daemon Server] - 2024-04-21T22:25:56.127Z - [WATCHER]: 0 file(s) created or restored, 2 file(s) modified, 0 file(s) deleted
[NX Daemon Server] - 2024-04-21T22:26:02.557Z - [REQUEST]: Updated file-hasher based on watched changes, recomputing project graph...
[NX Daemon Server] - 2024-04-21T22:26:02.590Z - Time taken for 'hash changed files from watcher' 5.944300003349781ms
[NX Daemon Server] - 2024-04-21T22:26:02.652Z - [WATCHER]: 0 file(s) created or restored, 2 file(s) modified, 0 file(s) deleted
[NX Daemon Server] - 2024-04-21T22:26:09.087Z - [REQUEST]: Updated file-hasher based on watched changes, recomputing project graph...
[NX Daemon Server] - 2024-04-21T22:26:09.120Z - Time taken for 'hash changed files from watcher' 5.906399995088577ms
[NX Daemon Server] - 2024-04-21T22:26:09.181Z - [WATCHER]: 0 file(s) created or restored, 2 file(s) modified, 0 file(s) deleted
[NX Daemon Server] - 2024-04-21T22:26:15.617Z - [REQUEST]: Updated file-hasher based on watched changes, recomputing project graph...
[NX Daemon Server] - 2024-04-21T22:26:15.649Z - Time taken for 'hash changed files from watcher' 5.864100001752377ms
[NX Daemon Server] - 2024-04-21T22:26:15.712Z - [WATCHER]: 0 file(s) created or restored, 2 file(s) modified, 0 file(s) deleted
[NX Daemon Server] - 2024-04-21T22:26:22.139Z - [REQUEST]: Updated file-hasher based on watched changes, recomputing project graph...
[NX Daemon Server] - 2024-04-21T22:26:22.174Z - Time taken for 'hash changed files from watcher' 6.017099998891354ms
[NX Daemon Server] - 2024-04-21T22:26:22.232Z - [WATCHER]: 0 file(s) created or restored, 2 file(s) modified, 0 file(s) deleted
[NX Daemon Server] - 2024-04-21T22:26:28.656Z - [REQUEST]: Updated file-hasher based on watched changes, recomputing project graph...
[NX Daemon Server] - 2024-04-21T22:26:28.689Z - Time taken for 'hash changed files from watcher' 5.9514999985694885ms
[NX Daemon Server] - 2024-04-21T22:26:28.750Z - [WATCHER]: 0 file(s) created or restored, 2 file(s) modified, 0 file(s) deleted
[NX Daemon Server] - 2024-04-21T22:26:35.173Z - [REQUEST]: Updated file-hasher based on watched changes, recomputing project graph...
[NX Daemon Server] - 2024-04-21T22:26:35.206Z - Time taken for 'hash changed files from watcher' 5.908500000834465ms
[NX Daemon Server] - 2024-04-21T22:26:35.267Z - [WATCHER]: 0 file(s) created or restored, 2 file(s) modified, 0 file(s) deleted
[NX Daemon Server] - 2024-04-21T22:26:41.691Z - [REQUEST]: Updated file-hasher based on watched changes, recomputing project graph...
[NX Daemon Server] - 2024-04-21T22:26:41.723Z - Time taken for 'hash changed files from watcher' 6.035099998116493ms
[NX Daemon Server] - 2024-04-21T22:26:41.785Z - [WATCHER]: 0 file(s) created or restored, 2 file(s) modified, 0 file(s) deleted
[NX Daemon Server] - 2024-04-21T22:26:48.213Z - [REQUEST]: Updated file-hasher based on watched changes, recomputing project graph...
[NX Daemon Server] - 2024-04-21T22:26:48.245Z - Time taken for 'hash changed files from watcher' 7.064900003373623ms
[NX Daemon Server] - 2024-04-21T22:26:48.307Z - [WATCHER]: 0 file(s) created or restored, 2 file(s) modified, 0 file(s) deleted
[NX Daemon Server] - 2024-04-21T22:26:54.740Z - [REQUEST]: Updated file-hasher based on watched changes, recomputing project graph...
[NX Daemon Server] - 2024-04-21T22:26:54.772Z - Time taken for 'hash changed files from watcher' 5.984700001776218ms
[NX Daemon Server] - 2024-04-21T22:26:54.835Z - [WATCHER]: 0 file(s) created or restored, 2 file(s) modified, 0 file(s) deleted
[NX Daemon Server] - 2024-04-21T22:27:01.262Z - [REQUEST]: Updated file-hasher based on watched changes, recomputing project graph...
[NX Daemon Server] - 2024-04-21T22:27:01.293Z - Time taken for 'hash changed files from watcher' 6.333700001239777ms
[NX Daemon Server] - 2024-04-21T22:27:01.356Z - [WATCHER]: 0 file(s) created or restored, 2 file(s) modified, 0 file(s) deleted
[NX Daemon Server] - 2024-04-21T22:27:07.781Z - [REQUEST]: Updated file-hasher based on watched changes, recomputing project graph...
[NX Daemon Server] - 2024-04-21T22:27:07.814Z - Time taken for 'hash changed files from watcher' 6.104800000786781ms
[NX Daemon Server] - 2024-04-21T22:27:07.875Z - [WATCHER]: 0 file(s) created or restored, 2 file(s) modified, 0 file(s) deleted
[NX Daemon Server] - 2024-04-21T22:27:14.305Z - [REQUEST]: Updated file-hasher based on watched changes, recomputing project graph...
[NX Daemon Server] - 2024-04-21T22:27:14.338Z - Time taken for 'hash changed files from watcher' 5.9869000017642975ms
[NX Daemon Server] - 2024-04-21T22:27:14.398Z - [WATCHER]: 0 file(s) created or restored, 2 file(s) modified, 0 file(s) deleted
[NX Daemon Server] - 2024-04-21T22:27:20.822Z - [REQUEST]: Updated file-hasher based on watched changes, recomputing project graph...
[NX Daemon Server] - 2024-04-21T22:27:20.854Z - Time taken for 'hash changed files from watcher' 5.888000003993511ms
[NX Daemon Server] - 2024-04-21T22:27:20.917Z - [WATCHER]: 0 file(s) created or restored, 2 file(s) modified, 0 file(s) deleted
[NX Daemon Server] - 2024-04-21T22:27:27.342Z - [REQUEST]: Updated file-hasher based on watched changes, recomputing project graph...
[NX Daemon Server] - 2024-04-21T22:27:27.375Z - Time taken for 'hash changed files from watcher' 6.201399996876717ms
[NX Daemon Server] - 2024-04-21T22:27:27.436Z - [WATCHER]: 0 file(s) created or restored, 2 file(s) modified, 0 file(s) deleted
[NX Daemon Server] - 2024-04-21T22:27:33.860Z - [REQUEST]: Updated file-hasher based on watched changes, recomputing project graph...
[NX Daemon Server] - 2024-04-21T22:27:33.893Z - Time taken for 'hash changed files from watcher' 6.023699998855591ms
[NX Daemon Server] - 2024-04-21T22:27:33.953Z - [WATCHER]: 0 file(s) created or restored, 2 file(s) modified, 0 file(s) deleted
[NX Daemon Server] - 2024-04-21T22:27:40.374Z - [REQUEST]: Updated file-hasher based on watched changes, recomputing project graph...
[NX Daemon Server] - 2024-04-21T22:27:40.406Z - Time taken for 'hash changed files from watcher' 5.8834999948740005ms
[NX Daemon Server] - 2024-04-21T22:27:40.469Z - [WATCHER]: 0 file(s) created or restored, 2 file(s) modified, 0 file(s) deleted
[NX Daemon Server] - 2024-04-21T22:27:46.901Z - [REQUEST]: Updated file-hasher based on watched changes, recomputing project graph...
[NX Daemon Server] - 2024-04-21T22:27:46.933Z - Time taken for 'hash changed files from watcher' 7.030100002884865ms
[NX Daemon Server] - 2024-04-21T22:27:46.993Z - [WATCHER]: 0 file(s) created or restored, 2 file(s) modified, 0 file(s) deleted
[NX Daemon Server] - 2024-04-21T22:27:53.421Z - [REQUEST]: Updated file-hasher based on watched changes, recomputing project graph...
[NX Daemon Server] - 2024-04-21T22:27:53.457Z - Time taken for 'hash changed files from watcher' 5.841899998486042ms
[NX Daemon Server] - 2024-04-21T22:27:53.516Z - [WATCHER]: 0 file(s) created or restored, 2 file(s) modified, 0 file(s) deleted
[NX Daemon Server] - 2024-04-21T22:27:59.940Z - [REQUEST]: Updated file-hasher based on watched changes, recomputing project graph...
[NX Daemon Server] - 2024-04-21T22:27:59.972Z - Time taken for 'hash changed files from watcher' 5.752999998629093ms
[NX Daemon Server] - 2024-04-21T22:28:00.035Z - [WATCHER]: 0 file(s) created or restored, 2 file(s) modified, 0 file(s) deleted
[NX Daemon Server] - 2024-04-21T22:28:06.468Z - [REQUEST]: Updated file-hasher based on watched changes, recomputing project graph...
[NX Daemon Server] - 2024-04-21T22:28:06.503Z - Time taken for 'hash changed files from watcher' 7.16160000115633ms
[NX Daemon Server] - 2024-04-21T22:28:06.621Z - [WATCHER]: 0 file(s) created or restored, 2 file(s) modified, 0 file(s) deleted
[NX Daemon Server] - 2024-04-21T22:28:13.055Z - [REQUEST]: Updated file-hasher based on watched changes, recomputing project graph...
[NX Daemon Server] - 2024-04-21T22:28:13.087Z - Time taken for 'hash changed files from watcher' 6.437999993562698ms
[NX Daemon Server] - 2024-04-21T22:28:13.149Z - [WATCHER]: 0 file(s) created or restored, 2 file(s) modified, 0 file(s) deleted
[NX Daemon Server] - 2024-04-21T22:28:19.584Z - [REQUEST]: Updated file-hasher based on watched changes, recomputing project graph...
[NX Daemon Server] - 2024-04-21T22:28:19.616Z - Time taken for 'hash changed files from watcher' 5.941100001335144ms
[NX Daemon Server] - 2024-04-21T22:28:19.678Z - [WATCHER]: 0 file(s) created or restored, 2 file(s) modified, 0 file(s) deleted
[NX Daemon Server] - 2024-04-21T22:28:26.106Z - [REQUEST]: Updated file-hasher based on watched changes, recomputing project graph...
[NX Daemon Server] - 2024-04-21T22:28:26.138Z - Time taken for 'hash changed files from watcher' 6.03099999576807ms
[NX Daemon Server] - 2024-04-21T22:28:26.201Z - [WATCHER]: 0 file(s) created or restored, 2 file(s) modified, 0 file(s) deleted
[NX Daemon Server] - 2024-04-21T22:28:32.625Z - [REQUEST]: Updated file-hasher based on watched changes, recomputing project graph...
[NX Daemon Server] - 2024-04-21T22:28:32.657Z - Time taken for 'hash changed files from watcher' 6.184900000691414ms
[NX Daemon Server] - 2024-04-21T22:28:32.719Z - [WATCHER]: 0 file(s) created or restored, 2 file(s) modified, 0 file(s) deleted
[NX Daemon Server] - 2024-04-21T22:28:39.146Z - [REQUEST]: Updated file-hasher based on watched changes, recomputing project graph...
[NX Daemon Server] - 2024-04-21T22:28:39.178Z - Time taken for 'hash changed files from watcher' 5.79839999973774ms
[NX Daemon Server] - 2024-04-21T22:28:39.240Z - [WATCHER]: 0 file(s) created or restored, 2 file(s) modified, 0 file(s) deleted
[NX Daemon Server] - 2024-04-21T22:28:45.668Z - [REQUEST]: Updated file-hasher based on watched changes, recomputing project graph...
[NX Daemon Server] - 2024-04-21T22:28:45.701Z - Time taken for 'hash changed files from watcher' 7.85699999332428ms
[NX Daemon Server] - 2024-04-21T22:28:45.760Z - [WATCHER]: 0 file(s) created or restored, 2 file(s) modified, 0 file(s) deleted
[NX Daemon Server] - 2024-04-21T22:28:52.195Z - [REQUEST]: Updated file-hasher based on watched changes, recomputing project graph...
[NX Daemon Server] - 2024-04-21T22:28:52.227Z - Time taken for 'hash changed files from watcher' 6.10419999808073ms
[NX Daemon Server] - 2024-04-21T22:28:52.289Z - [WATCHER]: 0 file(s) created or restored, 2 file(s) modified, 0 file(s) deleted
[NX Daemon Server] - 2024-04-21T22:28:58.722Z - [REQUEST]: Updated file-hasher based on watched changes, recomputing project graph...
[NX Daemon Server] - 2024-04-21T22:28:58.756Z - Time taken for 'hash changed files from watcher' 6.089699998497963ms
[NX Daemon Server] - 2024-04-21T22:28:58.826Z - [WATCHER]: 0 file(s) created or restored, 2 file(s) modified, 0 file(s) deleted
[NX Daemon Server] - 2024-04-21T22:29:05.251Z - [REQUEST]: Updated file-hasher based on watched changes, recomputing project graph...
[NX Daemon Server] - 2024-04-21T22:29:05.282Z - Time taken for 'hash changed files from watcher' 5.71509999781847ms
[NX Daemon Server] - 2024-04-21T22:29:05.345Z - [WATCHER]: 0 file(s) created or restored, 2 file(s) modified, 0 file(s) deleted
[NX Daemon Server] - 2024-04-21T22:29:11.776Z - [REQUEST]: Updated file-hasher based on watched changes, recomputing project graph...
[NX Daemon Server] - 2024-04-21T22:29:11.807Z - Time taken for 'hash changed files from watcher' 6.023500002920628ms
[NX Daemon Server] - 2024-04-21T22:29:11.870Z - [WATCHER]: 0 file(s) created or restored, 2 file(s) modified, 0 file(s) deleted
[NX Daemon Server] - 2024-04-21T22:29:18.292Z - [REQUEST]: Updated file-hasher based on watched changes, recomputing project graph...
[NX Daemon Server] - 2024-04-21T22:29:18.325Z - Time taken for 'hash changed files from watcher' 5.980599999427795ms
[NX Daemon Server] - 2024-04-21T22:29:18.387Z - [WATCHER]: 0 file(s) created or restored, 2 file(s) modified, 0 file(s) deleted
[NX Daemon Server] - 2024-04-21T22:29:24.811Z - [REQUEST]: Updated file-hasher based on watched changes, recomputing project graph...
[NX Daemon Server] - 2024-04-21T22:29:24.845Z - Time taken for 'hash changed files from watcher' 6.218399994075298ms
[NX Daemon Server] - 2024-04-21T22:29:24.905Z - [WATCHER]: 0 file(s) created or restored, 2 file(s) modified, 0 file(s) deleted
[NX Daemon Server] - 2024-04-21T22:29:31.329Z - [REQUEST]: Updated file-hasher based on watched changes, recomputing project graph...
[NX Daemon Server] - 2024-04-21T22:29:31.363Z - Time taken for 'hash changed files from watcher' 5.770899996161461ms
[NX Daemon Server] - 2024-04-21T22:29:31.424Z - [WATCHER]: 0 file(s) created or restored, 2 file(s) modified, 0 file(s) deleted
[NX Daemon Server] - 2024-04-21T22:29:37.853Z - [REQUEST]: Updated file-hasher based on watched changes, recomputing project graph...
[NX Daemon Server] - 2024-04-21T22:29:37.885Z - Time taken for 'hash changed files from watcher' 6.054999999701977ms
[NX Daemon Server] - 2024-04-21T22:29:37.948Z - [WATCHER]: 0 file(s) created or restored, 2 file(s) modified, 0 file(s) deleted
[NX Daemon Server] - 2024-04-21T22:29:44.377Z - [REQUEST]: Updated file-hasher based on watched changes, recomputing project graph...
[NX Daemon Server] - 2024-04-21T22:29:44.409Z - Time taken for 'hash changed files from watcher' 7.298799999058247ms
[NX Daemon Server] - 2024-04-21T22:29:44.470Z - [WATCHER]: 0 file(s) created or restored, 2 file(s) modified, 0 file(s) deleted
[NX Daemon Server] - 2024-04-21T22:29:50.905Z - [REQUEST]: Updated file-hasher based on watched changes, recomputing project graph...
[NX Daemon Server] - 2024-04-21T22:29:50.937Z - Time taken for 'hash changed files from watcher' 9.937299996614456ms
[NX Daemon Server] - 2024-04-21T22:29:50.995Z - [WATCHER]: 0 file(s) created or restored, 2 file(s) modified, 0 file(s) deleted
[NX Daemon Server] - 2024-04-21T22:29:57.422Z - [REQUEST]: Updated file-hasher based on watched changes, recomputing project graph...
[NX Daemon Server] - 2024-04-21T22:29:57.454Z - Time taken for 'hash changed files from watcher' 6.4224999994039536ms
[NX Daemon Server] - 2024-04-21T22:29:57.515Z - [WATCHER]: 0 file(s) created or restored, 2 file(s) modified, 0 file(s) deleted
[NX Daemon Server] - 2024-04-21T22:30:03.946Z - [REQUEST]: Updated file-hasher based on watched changes, recomputing project graph...
[NX Daemon Server] - 2024-04-21T22:30:03.978Z - Time taken for 'hash changed files from watcher' 5.844800002872944ms
[NX Daemon Server] - 2024-04-21T22:30:04.039Z - [WATCHER]: 0 file(s) created or restored, 2 file(s) modified, 0 file(s) deleted
[NX Daemon Server] - 2024-04-21T22:30:10.465Z - [REQUEST]: Updated file-hasher based on watched changes, recomputing project graph...
[NX Daemon Server] - 2024-04-21T22:30:10.498Z - Time taken for 'hash changed files from watcher' 6.465700000524521ms
[NX Daemon Server] - 2024-04-21T22:30:10.559Z - [WATCHER]: 0 file(s) created or restored, 2 file(s) modified, 0 file(s) deleted
[NX Daemon Server] - 2024-04-21T22:30:16.984Z - [REQUEST]: Updated file-hasher based on watched changes, recomputing project graph...
[NX Daemon Server] - 2024-04-21T22:30:17.016Z - Time taken for 'hash changed files from watcher' 6.383100003004074ms
[NX Daemon Server] - 2024-04-21T22:30:17.078Z - [WATCHER]: 0 file(s) created or restored, 2 file(s) modified, 0 file(s) deleted
[NX Daemon Server] - 2024-04-21T22:30:23.510Z - [REQUEST]: Updated file-hasher based on watched changes, recomputing project graph...
[NX Daemon Server] - 2024-04-21T22:30:23.542Z - Time taken for 'hash changed files from watcher' 5.910099998116493ms
[NX Daemon Server] - 2024-04-21T22:30:23.604Z - [WATCHER]: 0 file(s) created or restored, 2 file(s) modified, 0 file(s) deleted
[NX Daemon Server] - 2024-04-21T22:30:30.036Z - [REQUEST]: Updated file-hasher based on watched changes, recomputing project graph...
[NX Daemon Server] - 2024-04-21T22:30:30.068Z - Time taken for 'hash changed files from watcher' 5.889400005340576ms
[NX Daemon Server] - 2024-04-21T22:30:30.130Z - [WATCHER]: 0 file(s) created or restored, 2 file(s) modified, 0 file(s) deleted
[NX Daemon Server] - 2024-04-21T22:30:36.560Z - [REQUEST]: Updated file-hasher based on watched changes, recomputing project graph...
[NX Daemon Server] - 2024-04-21T22:30:36.592Z - Time taken for 'hash changed files from watcher' 5.7336999997496605ms
[NX Daemon Server] - 2024-04-21T22:30:36.655Z - [WATCHER]: 0 file(s) created or restored, 2 file(s) modified, 0 file(s) deleted
[NX Daemon Server] - 2024-04-21T22:30:43.088Z - [REQUEST]: Updated file-hasher based on watched changes, recomputing project graph...
[NX Daemon Server] - 2024-04-21T22:30:43.121Z - Time taken for 'hash changed files from watcher' 6.615399993956089ms
[NX Daemon Server] - 2024-04-21T22:30:43.182Z - [WATCHER]: 0 file(s) created or restored, 2 file(s) modified, 0 file(s) deleted
[NX Daemon Server] - 2024-04-21T22:30:49.610Z - [REQUEST]: Updated file-hasher based on watched changes, recomputing project graph...
[NX Daemon Server] - 2024-04-21T22:30:49.644Z - Time taken for 'hash changed files from watcher' 5.994300000369549ms
[NX Daemon Server] - 2024-04-21T22:30:49.703Z - [WATCHER]: 0 file(s) created or restored, 2 file(s) modified, 0 file(s) deleted
[NX Daemon Server] - 2024-04-21T22:30:56.127Z - [REQUEST]: Updated file-hasher based on watched changes, recomputing project graph...
[NX Daemon Server] - 2024-04-21T22:30:56.162Z - Time taken for 'hash changed files from watcher' 5.954999998211861ms
[NX Daemon Server] - 2024-04-21T22:30:56.222Z - [WATCHER]: 0 file(s) created or restored, 2 file(s) modified, 0 file(s) deleted
[NX Daemon Server] - 2024-04-21T22:31:02.657Z - [REQUEST]: Updated file-hasher based on watched changes, recomputing project graph...
[NX Daemon Server] - 2024-04-21T22:31:02.691Z - Time taken for 'hash changed files from watcher' 6.416299998760223ms
[NX Daemon Server] - 2024-04-21T22:31:02.752Z - [WATCHER]: 0 file(s) created or restored, 2 file(s) modified, 0 file(s) deleted
[NX Daemon Server] - 2024-04-21T22:31:09.177Z - [REQUEST]: Updated file-hasher based on watched changes, recomputing project graph...
[NX Daemon Server] - 2024-04-21T22:31:09.210Z - Time taken for 'hash changed files from watcher' 5.733300000429153ms
[NX Daemon Server] - 2024-04-21T22:31:09.272Z - [WATCHER]: 0 file(s) created or restored, 2 file(s) modified, 0 file(s) deleted
[NX Daemon Server] - 2024-04-21T22:31:15.704Z - [REQUEST]: Updated file-hasher based on watched changes, recomputing project graph...
[NX Daemon Server] - 2024-04-21T22:31:15.742Z - Time taken for 'hash changed files from watcher' 6.2355000004172325ms
[NX Daemon Server] - 2024-04-21T22:31:15.813Z - [WATCHER]: 0 file(s) created or restored, 2 file(s) modified, 0 file(s) deleted
[NX Daemon Server] - 2024-04-21T22:31:22.237Z - [REQUEST]: Updated file-hasher based on watched changes, recomputing project graph...
[NX Daemon Server] - 2024-04-21T22:31:22.270Z - Time taken for 'hash changed files from watcher' 5.901699997484684ms
[NX Daemon Server] - 2024-04-21T22:31:22.332Z - [WATCHER]: 0 file(s) created or restored, 2 file(s) modified, 0 file(s) deleted
[NX Daemon Server] - 2024-04-21T22:31:28.755Z - [REQUEST]: Updated file-hasher based on watched changes, recomputing project graph...
[NX Daemon Server] - 2024-04-21T22:31:28.788Z - Time taken for 'hash changed files from watcher' 5.943099997937679ms
[NX Daemon Server] - 2024-04-21T22:31:28.850Z - [WATCHER]: 0 file(s) created or restored, 2 file(s) modified, 0 file(s) deleted
[NX Daemon Server] - 2024-04-21T22:31:35.299Z - [REQUEST]: Updated file-hasher based on watched changes, recomputing project graph...
[NX Daemon Server] - 2024-04-21T22:31:35.352Z - Time taken for 'hash changed files from watcher' 8.29160000383854ms
[NX Daemon Server] - 2024-04-21T22:31:35.417Z - [WATCHER]: 0 file(s) created or restored, 2 file(s) modified, 0 file(s) deleted
[NX Daemon Server] - 2024-04-21T22:31:41.852Z - [REQUEST]: Updated file-hasher based on watched changes, recomputing project graph...
[NX Daemon Server] - 2024-04-21T22:31:41.891Z - Time taken for 'hash changed files from watcher' 6.270499996840954ms
[NX Daemon Server] - 2024-04-21T22:31:41.961Z - [WATCHER]: 0 file(s) created or restored, 2 file(s) modified, 0 file(s) deleted
[NX Daemon Server] - 2024-04-21T22:31:48.395Z - [REQUEST]: Updated file-hasher based on watched changes, recomputing project graph...
[NX Daemon Server] - 2024-04-21T22:31:48.446Z - Time taken for 'hash changed files from watcher' 6.6459000036120415ms
[NX Daemon Server] - 2024-04-21T22:31:48.518Z - [WATCHER]: 0 file(s) created or restored, 2 file(s) modified, 0 file(s) deleted
[NX Daemon Server] - 2024-04-21T22:31:54.954Z - [REQUEST]: Updated file-hasher based on watched changes, recomputing project graph...
[NX Daemon Server] - 2024-04-21T22:31:54.986Z - Time taken for 'hash changed files from watcher' 5.895599998533726ms
[NX Daemon Server] - 2024-04-21T22:31:55.047Z - [WATCHER]: 0 file(s) created or restored, 2 file(s) modified, 0 file(s) deleted
[NX Daemon Server] - 2024-04-21T22:32:01.476Z - [REQUEST]: Updated file-hasher based on watched changes, recomputing project graph...
[NX Daemon Server] - 2024-04-21T22:32:01.508Z - Time taken for 'hash changed files from watcher' 6.088899999856949ms
[NX Daemon Server] - 2024-04-21T22:32:01.570Z - [WATCHER]: 0 file(s) created or restored, 2 file(s) modified, 0 file(s) deleted
[NX Daemon Server] - 2024-04-21T22:32:07.993Z - [REQUEST]: Updated file-hasher based on watched changes, recomputing project graph...
[NX Daemon Server] - 2024-04-21T22:32:08.024Z - Time taken for 'hash changed files from watcher' 5.852099999785423ms
[NX Daemon Server] - 2024-04-21T22:32:08.088Z - [WATCHER]: 0 file(s) created or restored, 2 file(s) modified, 0 file(s) deleted
[NX Daemon Server] - 2024-04-21T22:32:14.514Z - [REQUEST]: Updated file-hasher based on watched changes, recomputing project graph...
[NX Daemon Server] - 2024-04-21T22:32:14.545Z - Time taken for 'hash changed files from watcher' 5.874199993908405ms
[NX Daemon Server] - 2024-04-21T22:32:14.608Z - [WATCHER]: 0 file(s) created or restored, 2 file(s) modified, 0 file(s) deleted
[NX Daemon Server] - 2024-04-21T22:32:21.035Z - [REQUEST]: Updated file-hasher based on watched changes, recomputing project graph...
[NX Daemon Server] - 2024-04-21T22:32:21.066Z - Time taken for 'hash changed files from watcher' 5.850599996745586ms
[NX Daemon Server] - 2024-04-21T22:32:21.130Z - [WATCHER]: 0 file(s) created or restored, 2 file(s) modified, 0 file(s) deleted
[NX Daemon Server] - 2024-04-21T22:32:27.555Z - [REQUEST]: Updated file-hasher based on watched changes, recomputing project graph...
[NX Daemon Server] - 2024-04-21T22:32:27.590Z - Time taken for 'hash changed files from watcher' 6.042900003492832ms
[NX Daemon Server] - 2024-04-21T22:32:27.661Z - [WATCHER]: 0 file(s) created or restored, 2 file(s) modified, 0 file(s) deleted
[NX Daemon Server] - 2024-04-21T22:32:34.086Z - [REQUEST]: Updated file-hasher based on watched changes, recomputing project graph...
[NX Daemon Server] - 2024-04-21T22:32:34.118Z - Time taken for 'hash changed files from watcher' 5.855600006878376ms
[NX Daemon Server] - 2024-04-21T22:32:34.181Z - [WATCHER]: 0 file(s) created or restored, 2 file(s) modified, 0 file(s) deleted
[NX Daemon Server] - 2024-04-21T22:32:40.613Z - [REQUEST]: Updated file-hasher based on watched changes, recomputing project graph...
[NX Daemon Server] - 2024-04-21T22:32:40.645Z - Time taken for 'hash changed files from watcher' 6.199500001966953ms
[NX Daemon Server] - 2024-04-21T22:32:40.707Z - [WATCHER]: 0 file(s) created or restored, 2 file(s) modified, 0 file(s) deleted
[NX Daemon Server] - 2024-04-21T22:32:47.142Z - [REQUEST]: Updated file-hasher based on watched changes, recomputing project graph...
[NX Daemon Server] - 2024-04-21T22:32:47.174Z - Time taken for 'hash changed files from watcher' 6.14979999512434ms
[NX Daemon Server] - 2024-04-21T22:32:47.237Z - [WATCHER]: 0 file(s) created or restored, 2 file(s) modified, 0 file(s) deleted
[NX Daemon Server] - 2024-04-21T22:32:53.667Z - [REQUEST]: Updated file-hasher based on watched changes, recomputing project graph...
[NX Daemon Server] - 2024-04-21T22:32:53.699Z - Time taken for 'hash changed files from watcher' 5.8655000030994415ms
[NX Daemon Server] - 2024-04-21T22:32:53.762Z - [WATCHER]: 0 file(s) created or restored, 2 file(s) modified, 0 file(s) deleted
[NX Daemon Server] - 2024-04-21T22:33:00.193Z - [REQUEST]: Updated file-hasher based on watched changes, recomputing project graph...
[NX Daemon Server] - 2024-04-21T22:33:00.226Z - Time taken for 'hash changed files from watcher' 5.9846000000834465ms
[NX Daemon Server] - 2024-04-21T22:33:00.287Z - [WATCHER]: 0 file(s) created or restored, 2 file(s) modified, 0 file(s) deleted
[NX Daemon Server] - 2024-04-21T22:33:06.710Z - [REQUEST]: Updated file-hasher based on watched changes, recomputing project graph...
[NX Daemon Server] - 2024-04-21T22:33:06.742Z - Time taken for 'hash changed files from watcher' 5.790799997746944ms
[NX Daemon Server] - 2024-04-21T22:33:06.804Z - [WATCHER]: 0 file(s) created or restored, 2 file(s) modified, 0 file(s) deleted
[NX Daemon Server] - 2024-04-21T22:33:13.235Z - [REQUEST]: Updated file-hasher based on watched changes, recomputing project graph...
[NX Daemon Server] - 2024-04-21T22:33:13.267Z - Time taken for 'hash changed files from watcher' 5.887800000607967ms
[NX Daemon Server] - 2024-04-21T22:33:13.338Z - [WATCHER]: 0 file(s) created or restored, 2 file(s) modified, 0 file(s) deleted
[NX Daemon Server] - 2024-04-21T22:33:19.766Z - [REQUEST]: Updated file-hasher based on watched changes, recomputing project graph...
[NX Daemon Server] - 2024-04-21T22:33:19.799Z - Time taken for 'hash changed files from watcher' 5.948600001633167ms
[NX Daemon Server] - 2024-04-21T22:33:19.861Z - [WATCHER]: 0 file(s) created or restored, 2 file(s) modified, 0 file(s) deleted
[NX Daemon Server] - 2024-04-21T22:33:26.286Z - [REQUEST]: Updated file-hasher based on watched changes, recomputing project graph...
[NX Daemon Server] - 2024-04-21T22:33:26.318Z - Time taken for 'hash changed files from watcher' 5.966400004923344ms
[NX Daemon Server] - 2024-04-21T22:33:26.380Z - [WATCHER]: 0 file(s) created or restored, 2 file(s) modified, 0 file(s) deleted
[NX Daemon Server] - 2024-04-21T22:33:32.815Z - [REQUEST]: Updated file-hasher based on watched changes, recomputing project graph...
[NX Daemon Server] - 2024-04-21T22:33:32.847Z - Time taken for 'hash changed files from watcher' 5.893200002610683ms
[NX Daemon Server] - 2024-04-21T22:33:32.909Z - [WATCHER]: 0 file(s) created or restored, 2 file(s) modified, 0 file(s) deleted
[NX Daemon Server] - 2024-04-21T22:33:39.332Z - [REQUEST]: Updated file-hasher based on watched changes, recomputing project graph...
[NX Daemon Server] - 2024-04-21T22:33:39.364Z - Time taken for 'hash changed files from watcher' 6.054499998688698ms
[NX Daemon Server] - 2024-04-21T22:33:39.426Z - [WATCHER]: 0 file(s) created or restored, 2 file(s) modified, 0 file(s) deleted
[NX Daemon Server] - 2024-04-21T22:33:45.853Z - [REQUEST]: Updated file-hasher based on watched changes, recomputing project graph...
[NX Daemon Server] - 2024-04-21T22:33:45.884Z - Time taken for 'hash changed files from watcher' 6.096900001168251ms
[NX Daemon Server] - 2024-04-21T22:33:45.947Z - [WATCHER]: 0 file(s) created or restored, 2 file(s) modified, 0 file(s) deleted
[NX Daemon Server] - 2024-04-21T22:33:52.381Z - [REQUEST]: Updated file-hasher based on watched changes, recomputing project graph...
[NX Daemon Server] - 2024-04-21T22:33:52.413Z - Time taken for 'hash changed files from watcher' 5.7630999982357025ms
[NX Daemon Server] - 2024-04-21T22:33:52.475Z - [WATCHER]: 0 file(s) created or restored, 2 file(s) modified, 0 file(s) deleted
[NX Daemon Server] - 2024-04-21T22:33:58.910Z - [REQUEST]: Updated file-hasher based on watched changes, recomputing project graph...
[NX Daemon Server] - 2024-04-21T22:33:58.945Z - Time taken for 'hash changed files from watcher' 5.9491999968886375ms
[NX Daemon Server] - 2024-04-21T22:33:59.004Z - [WATCHER]: 0 file(s) created or restored, 2 file(s) modified, 0 file(s) deleted
[NX Daemon Server] - 2024-04-21T22:34:05.427Z - [REQUEST]: Updated file-hasher based on watched changes, recomputing project graph...
[NX Daemon Server] - 2024-04-21T22:34:05.460Z - Time taken for 'hash changed files from watcher' 6.28660000115633ms
[NX Daemon Server] - 2024-04-21T22:34:05.522Z - [WATCHER]: 0 file(s) created or restored, 2 file(s) modified, 0 file(s) deleted
[NX Daemon Server] - 2024-04-21T22:34:11.947Z - [REQUEST]: Updated file-hasher based on watched changes, recomputing project graph...
[NX Daemon Server] - 2024-04-21T22:34:11.978Z - Time taken for 'hash changed files from watcher' 5.881100006401539ms
[NX Daemon Server] - 2024-04-21T22:34:12.041Z - [WATCHER]: 0 file(s) created or restored, 2 file(s) modified, 0 file(s) deleted
[NX Daemon Server] - 2024-04-21T22:34:18.467Z - [REQUEST]: Updated file-hasher based on watched changes, recomputing project graph...
[NX Daemon Server] - 2024-04-21T22:34:18.499Z - Time taken for 'hash changed files from watcher' 5.940800003707409ms
[NX Daemon Server] - 2024-04-21T22:34:18.562Z - [WATCHER]: 0 file(s) created or restored, 2 file(s) modified, 0 file(s) deleted
[NX Daemon Server] - 2024-04-21T22:34:24.992Z - [REQUEST]: Updated file-hasher based on watched changes, recomputing project graph...
[NX Daemon Server] - 2024-04-21T22:34:25.025Z - Time taken for 'hash changed files from watcher' 5.939400002360344ms
[NX Daemon Server] - 2024-04-21T22:34:25.086Z - [WATCHER]: 0 file(s) created or restored, 2 file(s) modified, 0 file(s) deleted
[NX Daemon Server] - 2024-04-21T22:34:31.518Z - [REQUEST]: Updated file-hasher based on watched changes, recomputing project graph...
[NX Daemon Server] - 2024-04-21T22:34:31.551Z - Time taken for 'hash changed files from watcher' 7.66780000180006ms
[NX Daemon Server] - 2024-04-21T22:34:31.609Z - [WATCHER]: 0 file(s) created or restored, 2 file(s) modified, 0 file(s) deleted
[NX Daemon Server] - 2024-04-21T22:34:38.031Z - [REQUEST]: Updated file-hasher based on watched changes, recomputing project graph...
[NX Daemon Server] - 2024-04-21T22:34:38.063Z - Time taken for 'hash changed files from watcher' 5.976599998772144ms
[NX Daemon Server] - 2024-04-21T22:34:38.125Z - [WATCHER]: 0 file(s) created or restored, 2 file(s) modified, 0 file(s) deleted
[NX Daemon Server] - 2024-04-21T22:34:44.553Z - [REQUEST]: Updated file-hasher based on watched changes, recomputing project graph...
[NX Daemon Server] - 2024-04-21T22:34:44.586Z - Time taken for 'hash changed files from watcher' 6.222399994730949ms
[NX Daemon Server] - 2024-04-21T22:34:44.647Z - [WATCHER]: 0 file(s) created or restored, 2 file(s) modified, 0 file(s) deleted
[NX Daemon Server] - 2024-04-21T22:34:51.070Z - [REQUEST]: Updated file-hasher based on watched changes, recomputing project graph...
[NX Daemon Server] - 2024-04-21T22:34:51.103Z - Time taken for 'hash changed files from watcher' 5.963300004601479ms
[NX Daemon Server] - 2024-04-21T22:34:51.165Z - [WATCHER]: 0 file(s) created or restored, 2 file(s) modified, 0 file(s) deleted
[NX Daemon Server] - 2024-04-21T22:34:57.591Z - [REQUEST]: Updated file-hasher based on watched changes, recomputing project graph...
[NX Daemon Server] - 2024-04-21T22:34:57.624Z - Time taken for 'hash changed files from watcher' 5.972300000488758ms
[NX Daemon Server] - 2024-04-21T22:34:57.685Z - [WATCHER]: 0 file(s) created or restored, 2 file(s) modified, 0 file(s) deleted
[NX Daemon Server] - 2024-04-21T22:35:04.110Z - [REQUEST]: Updated file-hasher based on watched changes, recomputing project graph...
[NX Daemon Server] - 2024-04-21T22:35:04.142Z - Time taken for 'hash changed files from watcher' 6.003299996256828ms
[NX Daemon Server] - 2024-04-21T22:35:04.205Z - [WATCHER]: 0 file(s) created or restored, 2 file(s) modified, 0 file(s) deleted
[NX Daemon Server] - 2024-04-21T22:35:10.633Z - [REQUEST]: Updated file-hasher based on watched changes, recomputing project graph...
[NX Daemon Server] - 2024-04-21T22:35:10.666Z - Time taken for 'hash changed files from watcher' 6.026299998164177ms
[NX Daemon Server] - 2024-04-21T22:35:10.728Z - [WATCHER]: 0 file(s) created or restored, 2 file(s) modified, 0 file(s) deleted
[NX Daemon Server] - 2024-04-21T22:35:17.156Z - [REQUEST]: Updated file-hasher based on watched changes, recomputing project graph...
[NX Daemon Server] - 2024-04-21T22:35:17.188Z - Time taken for 'hash changed files from watcher' 5.808799996972084ms
[NX Daemon Server] - 2024-04-21T22:35:17.250Z - [WATCHER]: 0 file(s) created or restored, 2 file(s) modified, 0 file(s) deleted
[NX Daemon Server] - 2024-04-21T22:35:23.675Z - [REQUEST]: Updated file-hasher based on watched changes, recomputing project graph...
[NX Daemon Server] - 2024-04-21T22:35:23.707Z - Time taken for 'hash changed files from watcher' 5.895799994468689ms
[NX Daemon Server] - 2024-04-21T22:35:23.771Z - [WATCHER]: 0 file(s) created or restored, 2 file(s) modified, 0 file(s) deleted
[NX Daemon Server] - 2024-04-21T22:35:30.204Z - [REQUEST]: Updated file-hasher based on watched changes, recomputing project graph...
[NX Daemon Server] - 2024-04-21T22:35:30.243Z - Time taken for 'hash changed files from watcher' 8.315999999642372ms
[NX Daemon Server] - 2024-04-21T22:35:30.309Z - [WATCHER]: 0 file(s) created or restored, 2 file(s) modified, 0 file(s) deleted
[NX Daemon Server] - 2024-04-21T22:35:36.748Z - [REQUEST]: Updated file-hasher based on watched changes, recomputing project graph...
[NX Daemon Server] - 2024-04-21T22:35:36.783Z - Time taken for 'hash changed files from watcher' 7.9121999964118ms
[NX Daemon Server] - 2024-04-21T22:35:36.847Z - [WATCHER]: 0 file(s) created or restored, 2 file(s) modified, 0 file(s) deleted
[NX Daemon Server] - 2024-04-21T22:35:43.274Z - [REQUEST]: Updated file-hasher based on watched changes, recomputing project graph...
[NX Daemon Server] - 2024-04-21T22:35:43.306Z - Time taken for 'hash changed files from watcher' 6.074700005352497ms
[NX Daemon Server] - 2024-04-21T22:35:43.368Z - [WATCHER]: 0 file(s) created or restored, 2 file(s) modified, 0 file(s) deleted
[NX Daemon Server] - 2024-04-21T22:35:49.790Z - [REQUEST]: Updated file-hasher based on watched changes, recomputing project graph...
[NX Daemon Server] - 2024-04-21T22:35:49.823Z - Time taken for 'hash changed files from watcher' 6.345900006592274ms
[NX Daemon Server] - 2024-04-21T22:35:49.884Z - [WATCHER]: 0 file(s) created or restored, 2 file(s) modified, 0 file(s) deleted
[NX Daemon Server] - 2024-04-21T22:35:56.320Z - [REQUEST]: Updated file-hasher based on watched changes, recomputing project graph...
[NX Daemon Server] - 2024-04-21T22:35:56.352Z - Time taken for 'hash changed files from watcher' 6.004799999296665ms
[NX Daemon Server] - 2024-04-21T22:35:56.413Z - [WATCHER]: 0 file(s) created or restored, 2 file(s) modified, 0 file(s) deleted
[NX Daemon Server] - 2024-04-21T22:36:02.839Z - [REQUEST]: Updated file-hasher based on watched changes, recomputing project graph...
[NX Daemon Server] - 2024-04-21T22:36:02.871Z - Time taken for 'hash changed files from watcher' 5.927500002086163ms
[NX Daemon Server] - 2024-04-21T22:36:02.934Z - [WATCHER]: 0 file(s) created or restored, 2 file(s) modified, 0 file(s) deleted
[NX Daemon Server] - 2024-04-21T22:36:09.364Z - [REQUEST]: Updated file-hasher based on watched changes, recomputing project graph...
[NX Daemon Server] - 2024-04-21T22:36:09.396Z - Time taken for 'hash changed files from watcher' 5.948699995875359ms
[NX Daemon Server] - 2024-04-21T22:36:09.458Z - [WATCHER]: 0 file(s) created or restored, 2 file(s) modified, 0 file(s) deleted
[NX Daemon Server] - 2024-04-21T22:36:15.889Z - [REQUEST]: Updated file-hasher based on watched changes, recomputing project graph...
[NX Daemon Server] - 2024-04-21T22:36:15.920Z - Time taken for 'hash changed files from watcher' 5.962099999189377ms
[NX Daemon Server] - 2024-04-21T22:36:15.982Z - [WATCHER]: 0 file(s) created or restored, 2 file(s) modified, 0 file(s) deleted
[NX Daemon Server] - 2024-04-21T22:36:22.411Z - [REQUEST]: Updated file-hasher based on watched changes, recomputing project graph...
[NX Daemon Server] - 2024-04-21T22:36:22.444Z - Time taken for 'hash changed files from watcher' 6.802500002086163ms
[NX Daemon Server] - 2024-04-21T22:36:22.504Z - [WATCHER]: 0 file(s) created or restored, 2 file(s) modified, 0 file(s) deleted
[NX Daemon Server] - 2024-04-21T22:36:28.931Z - [REQUEST]: Updated file-hasher based on watched changes, recomputing project graph...
[NX Daemon Server] - 2024-04-21T22:36:28.963Z - Time taken for 'hash changed files from watcher' 6.292199999094009ms
[NX Daemon Server] - 2024-04-21T22:36:29.026Z - [WATCHER]: 0 file(s) created or restored, 2 file(s) modified, 0 file(s) deleted
[NX Daemon Server] - 2024-04-21T22:36:35.451Z - [REQUEST]: Updated file-hasher based on watched changes, recomputing project graph...
[NX Daemon Server] - 2024-04-21T22:36:35.484Z - Time taken for 'hash changed files from watcher' 6.254199996590614ms
[NX Daemon Server] - 2024-04-21T22:36:35.545Z - [WATCHER]: 0 file(s) created or restored, 2 file(s) modified, 0 file(s) deleted
[NX Daemon Server] - 2024-04-21T22:36:41.977Z - [REQUEST]: Updated file-hasher based on watched changes, recomputing project graph...
[NX Daemon Server] - 2024-04-21T22:36:42.009Z - Time taken for 'hash changed files from watcher' 5.9842000007629395ms
[NX Daemon Server] - 2024-04-21T22:36:42.073Z - [WATCHER]: 0 file(s) created or restored, 2 file(s) modified, 0 file(s) deleted
[NX Daemon Server] - 2024-04-21T22:36:48.501Z - [REQUEST]: Updated file-hasher based on watched changes, recomputing project graph...
[NX Daemon Server] - 2024-04-21T22:36:48.533Z - Time taken for 'hash changed files from watcher' 6.127999998629093ms
[NX Daemon Server] - 2024-04-21T22:36:48.595Z - [WATCHER]: 0 file(s) created or restored, 2 file(s) modified, 0 file(s) deleted
[NX Daemon Server] - 2024-04-21T22:36:55.027Z - [REQUEST]: Updated file-hasher based on watched changes, recomputing project graph...
[NX Daemon Server] - 2024-04-21T22:36:55.063Z - Time taken for 'hash changed files from watcher' 5.704000003635883ms
[NX Daemon Server] - 2024-04-21T22:36:55.121Z - [WATCHER]: 0 file(s) created or restored, 2 file(s) modified, 0 file(s) deleted
[NX Daemon Server] - 2024-04-21T22:37:01.551Z - [REQUEST]: Updated file-hasher based on watched changes, recomputing project graph...
[NX Daemon Server] - 2024-04-21T22:37:01.583Z - Time taken for 'hash changed files from watcher' 6.151699997484684ms
[NX Daemon Server] - 2024-04-21T22:37:01.645Z - [WATCHER]: 0 file(s) created or restored, 2 file(s) modified, 0 file(s) deleted
[NX Daemon Server] - 2024-04-21T22:37:08.075Z - [REQUEST]: Updated file-hasher based on watched changes, recomputing project graph...
[NX Daemon Server] - 2024-04-21T22:37:08.107Z - Time taken for 'hash changed files from watcher' 6.352099999785423ms
[NX Daemon Server] - 2024-04-21T22:37:08.170Z - [WATCHER]: 0 file(s) created or restored, 2 file(s) modified, 0 file(s) deleted
[NX Daemon Server] - 2024-04-21T22:37:14.600Z - [REQUEST]: Updated file-hasher based on watched changes, recomputing project graph...
[NX Daemon Server] - 2024-04-21T22:37:14.634Z - Time taken for 'hash changed files from watcher' 6.004699997603893ms
[NX Daemon Server] - 2024-04-21T22:37:14.753Z - [WATCHER]: 0 file(s) created or restored, 2 file(s) modified, 0 file(s) deleted
[NX Daemon Server] - 2024-04-21T22:37:21.187Z - [REQUEST]: Updated file-hasher based on watched changes, recomputing project graph...
[NX Daemon Server] - 2024-04-21T22:37:21.219Z - Time taken for 'hash changed files from watcher' 5.9473999962210655ms
[NX Daemon Server] - 2024-04-21T22:37:21.279Z - [WATCHER]: 0 file(s) created or restored, 2 file(s) modified, 0 file(s) deleted
[NX Daemon Server] - 2024-04-21T22:37:27.711Z - [REQUEST]: Updated file-hasher based on watched changes, recomputing project graph...
[NX Daemon Server] - 2024-04-21T22:37:27.744Z - Time taken for 'hash changed files from watcher' 5.910099998116493ms
[NX Daemon Server] - 2024-04-21T22:37:27.805Z - [WATCHER]: 0 file(s) created or restored, 2 file(s) modified, 0 file(s) deleted
[NX Daemon Server] - 2024-04-21T22:37:34.229Z - [REQUEST]: Updated file-hasher based on watched changes, recomputing project graph...
[NX Daemon Server] - 2024-04-21T22:37:34.261Z - Time taken for 'hash changed files from watcher' 6.017499998211861ms
[NX Daemon Server] - 2024-04-21T22:37:34.324Z - [WATCHER]: 0 file(s) created or restored, 2 file(s) modified, 0 file(s) deleted
[NX Daemon Server] - 2024-04-21T22:37:40.753Z - [REQUEST]: Updated file-hasher based on watched changes, recomputing project graph...
[NX Daemon Server] - 2024-04-21T22:37:40.785Z - Time taken for 'hash changed files from watcher' 5.952200002968311ms
[NX Daemon Server] - 2024-04-21T22:37:40.847Z - [WATCHER]: 0 file(s) created or restored, 2 file(s) modified, 0 file(s) deleted
[NX Daemon Server] - 2024-04-21T22:37:47.272Z - [REQUEST]: Updated file-hasher based on watched changes, recomputing project graph...
[NX Daemon Server] - 2024-04-21T22:37:47.304Z - Time taken for 'hash changed files from watcher' 6.108800001442432ms
[NX Daemon Server] - 2024-04-21T22:37:47.367Z - [WATCHER]: 0 file(s) created or restored, 2 file(s) modified, 0 file(s) deleted
[NX Daemon Server] - 2024-04-21T22:37:53.801Z - [REQUEST]: Updated file-hasher based on watched changes, recomputing project graph...
[NX Daemon Server] - 2024-04-21T22:37:53.833Z - Time taken for 'hash changed files from watcher' 6.006800003349781ms
[NX Daemon Server] - 2024-04-21T22:37:53.894Z - [WATCHER]: 0 file(s) created or restored, 2 file(s) modified, 0 file(s) deleted
[NX Daemon Server] - 2024-04-21T22:38:00.321Z - [REQUEST]: Updated file-hasher based on watched changes, recomputing project graph...
[NX Daemon Server] - 2024-04-21T22:38:00.353Z - Time taken for 'hash changed files from watcher' 5.857200004160404ms
[NX Daemon Server] - 2024-04-21T22:38:00.416Z - [WATCHER]: 0 file(s) created or restored, 2 file(s) modified, 0 file(s) deleted
[NX Daemon Server] - 2024-04-21T22:38:06.844Z - [REQUEST]: Updated file-hasher based on watched changes, recomputing project graph...
[NX Daemon Server] - 2024-04-21T22:38:06.877Z - Time taken for 'hash changed files from watcher' 6.178399994969368ms
[NX Daemon Server] - 2024-04-21T22:38:06.937Z - [WATCHER]: 0 file(s) created or restored, 2 file(s) modified, 0 file(s) deleted
[NX Daemon Server] - 2024-04-21T22:38:13.388Z - [REQUEST]: Updated file-hasher based on watched changes, recomputing project graph...
[NX Daemon Server] - 2024-04-21T22:38:13.442Z - Time taken for 'hash changed files from watcher' 8.670999996364117ms
[NX Daemon Server] - 2024-04-21T22:38:13.500Z - [WATCHER]: 0 file(s) created or restored, 2 file(s) modified, 0 file(s) deleted
[NX Daemon Server] - 2024-04-21T22:38:19.930Z - [REQUEST]: Updated file-hasher based on watched changes, recomputing project graph...
[NX Daemon Server] - 2024-04-21T22:38:19.963Z - Time taken for 'hash changed files from watcher' 6.465399995446205ms
[NX Daemon Server] - 2024-04-21T22:38:20.024Z - [WATCHER]: 0 file(s) created or restored, 2 file(s) modified, 0 file(s) deleted
[NX Daemon Server] - 2024-04-21T22:38:26.456Z - [REQUEST]: Updated file-hasher based on watched changes, recomputing project graph...
[NX Daemon Server] - 2024-04-21T22:38:26.490Z - Time taken for 'hash changed files from watcher' 6.303599998354912ms
[NX Daemon Server] - 2024-04-21T22:38:26.549Z - [WATCHER]: 0 file(s) created or restored, 2 file(s) modified, 0 file(s) deleted
[NX Daemon Server] - 2024-04-21T22:38:32.975Z - [REQUEST]: Updated file-hasher based on watched changes, recomputing project graph...
[NX Daemon Server] - 2024-04-21T22:38:33.011Z - Time taken for 'hash changed files from watcher' 6.075399994850159ms
[NX Daemon Server] - 2024-04-21T22:38:33.069Z - [WATCHER]: 0 file(s) created or restored, 2 file(s) modified, 0 file(s) deleted
[NX Daemon Server] - 2024-04-21T22:38:39.495Z - [REQUEST]: Updated file-hasher based on watched changes, recomputing project graph...
[NX Daemon Server] - 2024-04-21T22:38:39.527Z - Time taken for 'hash changed files from watcher' 6.15429999679327ms
[NX Daemon Server] - 2024-04-21T22:38:39.590Z - [WATCHER]: 0 file(s) created or restored, 2 file(s) modified, 0 file(s) deleted
[NX Daemon Server] - 2024-04-21T22:38:46.021Z - [REQUEST]: Updated file-hasher based on watched changes, recomputing project graph...
[NX Daemon Server] - 2024-04-21T22:38:46.053Z - Time taken for 'hash changed files from watcher' 6.1486000046133995ms
[NX Daemon Server] - 2024-04-21T22:38:46.115Z - [WATCHER]: 0 file(s) created or restored, 2 file(s) modified, 0 file(s) deleted
[NX Daemon Server] - 2024-04-21T22:38:52.542Z - [REQUEST]: Updated file-hasher based on watched changes, recomputing project graph...
[NX Daemon Server] - 2024-04-21T22:38:52.573Z - Time taken for 'hash changed files from watcher' 6.21900000423193ms
[NX Daemon Server] - 2024-04-21T22:38:52.636Z - [WATCHER]: 0 file(s) created or restored, 2 file(s) modified, 0 file(s) deleted
[NX Daemon Server] - 2024-04-21T22:38:59.064Z - [REQUEST]: Updated file-hasher based on watched changes, recomputing project graph...
[NX Daemon Server] - 2024-04-21T22:38:59.097Z - Time taken for 'hash changed files from watcher' 6.347000002861023ms
[NX Daemon Server] - 2024-04-21T22:38:59.159Z - [WATCHER]: 0 file(s) created or restored, 2 file(s) modified, 0 file(s) deleted
[NX Daemon Server] - 2024-04-21T22:39:05.587Z - [REQUEST]: Updated file-hasher based on watched changes, recomputing project graph...
[NX Daemon Server] - 2024-04-21T22:39:05.620Z - Time taken for 'hash changed files from watcher' 5.882299996912479ms
[NX Daemon Server] - 2024-04-21T22:39:05.682Z - [WATCHER]: 0 file(s) created or restored, 2 file(s) modified, 0 file(s) deleted
[NX Daemon Server] - 2024-04-21T22:39:12.117Z - [REQUEST]: Updated file-hasher based on watched changes, recomputing project graph...
[NX Daemon Server] - 2024-04-21T22:39:12.151Z - Time taken for 'hash changed files from watcher' 6.832099996507168ms
[NX Daemon Server] - 2024-04-21T22:39:12.210Z - [WATCHER]: 0 file(s) created or restored, 2 file(s) modified, 0 file(s) deleted
[NX Daemon Server] - 2024-04-21T22:39:18.632Z - [REQUEST]: Updated file-hasher based on watched changes, recomputing project graph...
[NX Daemon Server] - 2024-04-21T22:39:18.664Z - Time taken for 'hash changed files from watcher' 6.17230000346899ms
[NX Daemon Server] - 2024-04-21T22:39:18.726Z - [WATCHER]: 0 file(s) created or restored, 2 file(s) modified, 0 file(s) deleted
[NX Daemon Server] - 2024-04-21T22:39:25.154Z - [REQUEST]: Updated file-hasher based on watched changes, recomputing project graph...
[NX Daemon Server] - 2024-04-21T22:39:25.186Z - Time taken for 'hash changed files from watcher' 5.839299999177456ms
[NX Daemon Server] - 2024-04-21T22:39:25.249Z - [WATCHER]: 0 file(s) created or restored, 2 file(s) modified, 0 file(s) deleted
[NX Daemon Server] - 2024-04-21T22:39:31.671Z - [REQUEST]: Updated file-hasher based on watched changes, recomputing project graph...
[NX Daemon Server] - 2024-04-21T22:39:31.704Z - Time taken for 'hash changed files from watcher' 6.031099997460842ms
[NX Daemon Server] - 2024-04-21T22:39:31.766Z - [WATCHER]: 0 file(s) created or restored, 2 file(s) modified, 0 file(s) deleted
[NX Daemon Server] - 2024-04-21T22:39:38.196Z - [REQUEST]: Updated file-hasher based on watched changes, recomputing project graph...
[NX Daemon Server] - 2024-04-21T22:39:38.229Z - Time taken for 'hash changed files from watcher' 6.710899993777275ms
[NX Daemon Server] - 2024-04-21T22:39:38.291Z - [WATCHER]: 0 file(s) created or restored, 2 file(s) modified, 0 file(s) deleted
[NX Daemon Server] - 2024-04-21T22:39:44.714Z - [REQUEST]: Updated file-hasher based on watched changes, recomputing project graph...
[NX Daemon Server] - 2024-04-21T22:39:44.748Z - Time taken for 'hash changed files from watcher' 6.606499999761581ms
[NX Daemon Server] - 2024-04-21T22:39:44.808Z - [WATCHER]: 0 file(s) created or restored, 2 file(s) modified, 0 file(s) deleted
[NX Daemon Server] - 2024-04-21T22:39:51.234Z - [REQUEST]: Updated file-hasher based on watched changes, recomputing project graph...
[NX Daemon Server] - 2024-04-21T22:39:51.270Z - Time taken for 'hash changed files from watcher' 5.924699999392033ms
[NX Daemon Server] - 2024-04-21T22:39:51.328Z - [WATCHER]: 0 file(s) created or restored, 2 file(s) modified, 0 file(s) deleted
[NX Daemon Server] - 2024-04-21T22:39:57.761Z - [REQUEST]: Updated file-hasher based on watched changes, recomputing project graph...
[NX Daemon Server] - 2024-04-21T22:39:57.793Z - Time taken for 'hash changed files from watcher' 6.121799997985363ms
[NX Daemon Server] - 2024-04-21T22:39:57.856Z - [WATCHER]: 0 file(s) created or restored, 2 file(s) modified, 0 file(s) deleted
[NX Daemon Server] - 2024-04-21T22:40:04.290Z - [REQUEST]: Updated file-hasher based on watched changes, recomputing project graph...
[NX Daemon Server] - 2024-04-21T22:40:04.323Z - Time taken for 'hash changed files from watcher' 6.418800003826618ms
[NX Daemon Server] - 2024-04-21T22:40:04.385Z - [WATCHER]: 0 file(s) created or restored, 2 file(s) modified, 0 file(s) deleted
[NX Daemon Server] - 2024-04-21T22:40:10.815Z - [REQUEST]: Updated file-hasher based on watched changes, recomputing project graph...
[NX Daemon Server] - 2024-04-21T22:40:10.849Z - Time taken for 'hash changed files from watcher' 6.020499996840954ms
[NX Daemon Server] - 2024-04-21T22:40:10.909Z - [WATCHER]: 0 file(s) created or restored, 2 file(s) modified, 0 file(s) deleted
[NX Daemon Server] - 2024-04-21T22:40:17.339Z - [REQUEST]: Updated file-hasher based on watched changes, recomputing project graph...
[NX Daemon Server] - 2024-04-21T22:40:17.372Z - Time taken for 'hash changed files from watcher' 5.902499996125698ms
[NX Daemon Server] - 2024-04-21T22:40:17.434Z - [WATCHER]: 0 file(s) created or restored, 2 file(s) modified, 0 file(s) deleted
[NX Daemon Server] - 2024-04-21T22:40:23.867Z - [REQUEST]: Updated file-hasher based on watched changes, recomputing project graph...
[NX Daemon Server] - 2024-04-21T22:40:23.899Z - Time taken for 'hash changed files from watcher' 6.087700001895428ms
[NX Daemon Server] - 2024-04-21T22:40:23.962Z - [WATCHER]: 0 file(s) created or restored, 2 file(s) modified, 0 file(s) deleted
[NX Daemon Server] - 2024-04-21T22:40:30.387Z - [REQUEST]: Updated file-hasher based on watched changes, recomputing project graph...
[NX Daemon Server] - 2024-04-21T22:40:30.419Z - Time taken for 'hash changed files from watcher' 5.834499999880791ms
[NX Daemon Server] - 2024-04-21T22:40:30.480Z - [WATCHER]: 0 file(s) created or restored, 2 file(s) modified, 0 file(s) deleted
[NX Daemon Server] - 2024-04-21T22:40:36.909Z - [REQUEST]: Updated file-hasher based on watched changes, recomputing project graph...
[NX Daemon Server] - 2024-04-21T22:40:36.942Z - Time taken for 'hash changed files from watcher' 6.314699999988079ms
[NX Daemon Server] - 2024-04-21T22:40:37.004Z - [WATCHER]: 0 file(s) created or restored, 2 file(s) modified, 0 file(s) deleted
[NX Daemon Server] - 2024-04-21T22:40:43.438Z - [REQUEST]: Updated file-hasher based on watched changes, recomputing project graph...
[NX Daemon Server] - 2024-04-21T22:40:43.471Z - Time taken for 'hash changed files from watcher' 6.757700003683567ms
[NX Daemon Server] - 2024-04-21T22:40:43.531Z - [WATCHER]: 0 file(s) created or restored, 2 file(s) modified, 0 file(s) deleted
[NX Daemon Server] - 2024-04-21T22:40:49.962Z - [REQUEST]: Updated file-hasher based on watched changes, recomputing project graph...
[NX Daemon Server] - 2024-04-21T22:40:49.994Z - Time taken for 'hash changed files from watcher' 6.400600001215935ms
[NX Daemon Server] - 2024-04-21T22:40:50.055Z - [WATCHER]: 0 file(s) created or restored, 2 file(s) modified, 0 file(s) deleted
[NX Daemon Server] - 2024-04-21T22:40:56.487Z - [REQUEST]: Updated file-hasher based on watched changes, recomputing project graph...
[NX Daemon Server] - 2024-04-21T22:40:56.520Z - Time taken for 'hash changed files from watcher' 6.2648999989032745ms
[NX Daemon Server] - 2024-04-21T22:40:56.581Z - [WATCHER]: 0 file(s) created or restored, 2 file(s) modified, 0 file(s) deleted
[NX Daemon Server] - 2024-04-21T22:41:03.011Z - [REQUEST]: Updated file-hasher based on watched changes, recomputing project graph...
[NX Daemon Server] - 2024-04-21T22:41:03.044Z - Time taken for 'hash changed files from watcher' 6.052299998700619ms
[NX Daemon Server] - 2024-04-21T22:41:03.106Z - [WATCHER]: 0 file(s) created or restored, 2 file(s) modified, 0 file(s) deleted
[NX Daemon Server] - 2024-04-21T22:41:09.529Z - [REQUEST]: Updated file-hasher based on watched changes, recomputing project graph...
[NX Daemon Server] - 2024-04-21T22:41:09.562Z - Time taken for 'hash changed files from watcher' 6.104400001466274ms
[NX Daemon Server] - 2024-04-21T22:41:09.623Z - [WATCHER]: 0 file(s) created or restored, 2 file(s) modified, 0 file(s) deleted
[NX Daemon Server] - 2024-07-14T22:14:56.400Z - Started listening on: \\.\pipe\nx\C:\Users\LUISAN~1\AppData\Local\Temp\645c1dcf57c8c7367e4e\d.sock
[NX Daemon Server] - 2024-07-14T22:14:56.407Z - [WATCHER]: Subscribed to changes within: c:\Users\Luis Angel\Desktop\Proyectos\Proyectos Publicados\Angular\medigo
[NX Daemon Server] - 2024-07-14T22:14:56.414Z - Established a connection. Number of open connections: 1
[NX Daemon Server] - 2024-07-14T22:14:56.416Z - Closed a connection. Number of open connections: 0
[NX Daemon Server] - 2024-07-14T22:14:56.416Z - Established a connection. Number of open connections: 1
[NX Daemon Server] - 2024-07-14T22:14:56.420Z - [REQUEST]: Client Request for Project Graph Received
[NX Daemon Server] - 2024-07-14T22:14:57.165Z - [REQUEST]: Updated file-hasher based on watched changes, recomputing project graph...
[NX Daemon Server] - 2024-07-14T22:14:57.645Z - [REQUEST]: Responding to the client. project-graph
[NX Daemon Server] - 2024-07-14T22:14:57.646Z - Time taken for 'total for creating and serializing project graph' 1224.661600008607ms
[NX Daemon Server] - 2024-07-14T22:14:57.651Z - [WATCHER]: .nx/cache/lockfile.hash was modified
[NX Daemon Server] - 2024-07-14T22:14:57.652Z - Done responding to the client project-graph
[NX Daemon Server] - 2024-07-14T22:14:57.652Z - Closed a connection. Number of open connections: 0
[NX Daemon Server] - 2024-07-14T22:14:57.704Z - [WATCHER]: 0 file(s) created or restored, 1 file(s) modified, 1 file(s) deleted
[NX Daemon Server] - 2024-07-14T22:14:57.852Z - [REQUEST]: Updated file-hasher based on watched changes, recomputing project graph...
[NX Daemon Server] - 2024-07-14T22:14:57.934Z - Time taken for 'hash changed files from watcher' 29.00059999525547ms
[NX Daemon Server] - 2024-07-14T22:14:58.003Z - [WATCHER]: 0 file(s) created or restored, 2 file(s) modified, 0 file(s) deleted
[NX Daemon Server] - 2024-07-14T22:14:58.297Z - [REQUEST]: Updated file-hasher based on watched changes, recomputing project graph...
[NX Daemon Server] - 2024-07-14T22:14:58.339Z - Time taken for 'hash changed files from watcher' 18.874800011515617ms
[NX Daemon Server] - 2024-07-14T22:14:58.402Z - [WATCHER]: 0 file(s) created or restored, 2 file(s) modified, 0 file(s) deleted
[NX Daemon Server] - 2024-07-14T22:14:58.850Z - [REQUEST]: Updated file-hasher based on watched changes, recomputing project graph...
[NX Daemon Server] - 2024-07-14T22:14:58.906Z - Time taken for 'hash changed files from watcher' 12.612999990582466ms
[NX Daemon Server] - 2024-07-14T22:14:58.987Z - [WATCHER]: 0 file(s) created or restored, 2 file(s) modified, 0 file(s) deleted
[NX Daemon Server] - 2024-07-14T22:14:59.858Z - [REQUEST]: Updated file-hasher based on watched changes, recomputing project graph...
[NX Daemon Server] - 2024-07-14T22:14:59.955Z - Time taken for 'hash changed files from watcher' 17.843199998140335ms
[NX Daemon Server] - 2024-07-14T22:15:00.023Z - [WATCHER]: 0 file(s) created or restored, 2 file(s) modified, 0 file(s) deleted
[NX Daemon Server] - 2024-07-14T22:15:01.681Z - [REQUEST]: Updated file-hasher based on watched changes, recomputing project graph...
[NX Daemon Server] - 2024-07-14T22:15:01.724Z - Time taken for 'hash changed files from watcher' 19.562600001692772ms
[NX Daemon Server] - 2024-07-14T22:15:01.779Z - [WATCHER]: 0 file(s) created or restored, 2 file(s) modified, 0 file(s) deleted
[NX Daemon Server] - 2024-07-14T22:15:05.009Z - [REQUEST]: Updated file-hasher based on watched changes, recomputing project graph...
[NX Daemon Server] - 2024-07-14T22:15:05.045Z - Time taken for 'hash changed files from watcher' 6.221100002527237ms
[NX Daemon Server] - 2024-07-14T22:15:05.109Z - [WATCHER]: 0 file(s) created or restored, 2 file(s) modified, 0 file(s) deleted
[NX Daemon Server] - 2024-07-14T22:15:11.533Z - [REQUEST]: Updated file-hasher based on watched changes, recomputing project graph...
[NX Daemon Server] - 2024-07-14T22:15:11.566Z - Time taken for 'hash changed files from watcher' 1.7460999935865402ms
[NX Daemon Server] - 2024-07-14T22:15:11.625Z - [WATCHER]: 0 file(s) created or restored, 2 file(s) modified, 0 file(s) deleted
[NX Daemon Server] - 2024-07-14T22:15:18.069Z - [REQUEST]: Updated file-hasher based on watched changes, recomputing project graph...
[NX Daemon Server] - 2024-07-14T22:15:18.102Z - Time taken for 'hash changed files from watcher' 21.023400008678436ms
[NX Daemon Server] - 2024-07-14T22:15:18.167Z - [WATCHER]: 0 file(s) created or restored, 2 file(s) modified, 0 file(s) deleted
[NX Daemon Server] - 2024-07-14T22:15:24.608Z - [REQUEST]: Updated file-hasher based on watched changes, recomputing project graph...
[NX Daemon Server] - 2024-07-14T22:15:24.658Z - Time taken for 'hash changed files from watcher' 6.862600013613701ms
[NX Daemon Server] - 2024-07-14T22:15:24.725Z - [WATCHER]: 0 file(s) created or restored, 2 file(s) modified, 0 file(s) deleted
[NX Daemon Server] - 2024-07-14T22:15:31.169Z - [REQUEST]: Updated file-hasher based on watched changes, recomputing project graph...
[NX Daemon Server] - 2024-07-14T22:15:31.206Z - Time taken for 'hash changed files from watcher' 8.320000007748604ms
[NX Daemon Server] - 2024-07-14T22:15:31.261Z - [WATCHER]: 0 file(s) created or restored, 2 file(s) modified, 0 file(s) deleted
[NX Daemon Server] - 2024-07-14T22:15:37.697Z - [REQUEST]: Updated file-hasher based on watched changes, recomputing project graph...
[NX Daemon Server] - 2024-07-14T22:15:37.732Z - Time taken for 'hash changed files from watcher' 7.480200007557869ms
[NX Daemon Server] - 2024-07-14T22:15:37.799Z - [WATCHER]: 0 file(s) created or restored, 2 file(s) modified, 0 file(s) deleted
[NX Daemon Server] - 2024-07-14T22:15:44.237Z - [REQUEST]: Updated file-hasher based on watched changes, recomputing project graph...
[NX Daemon Server] - 2024-07-14T22:15:44.277Z - Time taken for 'hash changed files from watcher' 7.345200002193451ms
[NX Daemon Server] - 2024-07-14T22:15:44.339Z - [WATCHER]: 0 file(s) created or restored, 2 file(s) modified, 0 file(s) deleted
[NX Daemon Server] - 2024-07-14T22:15:50.778Z - [REQUEST]: Updated file-hasher based on watched changes, recomputing project graph...
[NX Daemon Server] - 2024-07-14T22:15:50.811Z - Time taken for 'hash changed files from watcher' 6.543499991297722ms
[NX Daemon Server] - 2024-07-14T22:15:50.866Z - [WATCHER]: 0 file(s) created or restored, 2 file(s) modified, 0 file(s) deleted
[NX Daemon Server] - 2024-07-14T22:15:57.293Z - [REQUEST]: Updated file-hasher based on watched changes, recomputing project graph...
[NX Daemon Server] - 2024-07-14T22:15:57.325Z - Time taken for 'hash changed files from watcher' 7.741799995303154ms
[NX Daemon Server] - 2024-07-14T22:15:57.381Z - [WATCHER]: 0 file(s) created or restored, 2 file(s) modified, 0 file(s) deleted
[NX Daemon Server] - 2024-07-14T22:16:03.809Z - [REQUEST]: Updated file-hasher based on watched changes, recomputing project graph...
[NX Daemon Server] - 2024-07-14T22:16:03.839Z - Time taken for 'hash changed files from watcher' 6.099500000476837ms
[NX Daemon Server] - 2024-07-14T22:16:03.897Z - [WATCHER]: 0 file(s) created or restored, 2 file(s) modified, 0 file(s) deleted
[NX Daemon Server] - 2024-07-14T22:16:10.330Z - [REQUEST]: Updated file-hasher based on watched changes, recomputing project graph...
[NX Daemon Server] - 2024-07-14T22:16:10.366Z - Time taken for 'hash changed files from watcher' 7.815799996256828ms
[NX Daemon Server] - 2024-07-14T22:16:10.427Z - [WATCHER]: 0 file(s) created or restored, 2 file(s) modified, 0 file(s) deleted
[NX Daemon Server] - 2024-07-14T22:16:16.862Z - [REQUEST]: Updated file-hasher based on watched changes, recomputing project graph...
[NX Daemon Server] - 2024-07-14T22:16:16.893Z - Time taken for 'hash changed files from watcher' 11.178500011563301ms
[NX Daemon Server] - 2024-07-14T22:16:16.960Z - [WATCHER]: 0 file(s) created or restored, 2 file(s) modified, 0 file(s) deleted
[NX Daemon Server] - 2024-07-14T22:16:23.398Z - [REQUEST]: Updated file-hasher based on watched changes, recomputing project graph...
[NX Daemon Server] - 2024-07-14T22:16:23.428Z - Time taken for 'hash changed files from watcher' 6.8311000019311905ms
[NX Daemon Server] - 2024-07-14T22:16:23.485Z - [WATCHER]: 0 file(s) created or restored, 2 file(s) modified, 0 file(s) deleted
[NX Daemon Server] - 2024-07-14T22:16:29.920Z - [REQUEST]: Updated file-hasher based on watched changes, recomputing project graph...
[NX Daemon Server] - 2024-07-14T22:16:29.951Z - Time taken for 'hash changed files from watcher' 6.231299996376038ms
[NX Daemon Server] - 2024-07-14T22:16:30.009Z - [WATCHER]: 0 file(s) created or restored, 2 file(s) modified, 0 file(s) deleted
[NX Daemon Server] - 2024-07-14T22:16:36.442Z - [REQUEST]: Updated file-hasher based on watched changes, recomputing project graph...
[NX Daemon Server] - 2024-07-14T22:16:36.473Z - Time taken for 'hash changed files from watcher' 6.4570000022649765ms
[NX Daemon Server] - 2024-07-14T22:16:36.530Z - [WATCHER]: 0 file(s) created or restored, 2 file(s) modified, 0 file(s) deleted
[NX Daemon Server] - 2024-07-14T22:16:42.964Z - [REQUEST]: Updated file-hasher based on watched changes, recomputing project graph...
[NX Daemon Server] - 2024-07-14T22:16:42.995Z - Time taken for 'hash changed files from watcher' 7.075899988412857ms
[NX Daemon Server] - 2024-07-14T22:16:43.051Z - [WATCHER]: 0 file(s) created or restored, 2 file(s) modified, 0 file(s) deleted
[NX Daemon Server] - 2024-07-14T22:16:49.493Z - [REQUEST]: Updated file-hasher based on watched changes, recomputing project graph...
[NX Daemon Server] - 2024-07-14T22:16:49.525Z - Time taken for 'hash changed files from watcher' 8.032600000500679ms
[NX Daemon Server] - 2024-07-14T22:16:49.577Z - [WATCHER]: 0 file(s) created or restored, 2 file(s) modified, 0 file(s) deleted
[NX Daemon Server] - 2024-07-14T22:16:56.024Z - [REQUEST]: Updated file-hasher based on watched changes, recomputing project graph...
[NX Daemon Server] - 2024-07-14T22:16:56.057Z - Time taken for 'hash changed files from watcher' 13.893700003623962ms
[NX Daemon Server] - 2024-07-14T22:16:56.120Z - [WATCHER]: 0 file(s) created or restored, 2 file(s) modified, 0 file(s) deleted
[NX Daemon Server] - 2024-07-14T22:17:02.556Z - [REQUEST]: Updated file-hasher based on watched changes, recomputing project graph...
[NX Daemon Server] - 2024-07-14T22:17:02.586Z - Time taken for 'hash changed files from watcher' 6.888900011777878ms
[NX Daemon Server] - 2024-07-14T22:17:02.643Z - [WATCHER]: 0 file(s) created or restored, 2 file(s) modified, 0 file(s) deleted
[NX Daemon Server] - 2024-07-14T22:17:09.073Z - [REQUEST]: Updated file-hasher based on watched changes, recomputing project graph...
[NX Daemon Server] - 2024-07-14T22:17:09.103Z - Time taken for 'hash changed files from watcher' 6.897599995136261ms
[NX Daemon Server] - 2024-07-14T22:17:09.161Z - [WATCHER]: 0 file(s) created or restored, 2 file(s) modified, 0 file(s) deleted
[NX Daemon Server] - 2024-07-14T22:17:15.588Z - [REQUEST]: Updated file-hasher based on watched changes, recomputing project graph...
[NX Daemon Server] - 2024-07-14T22:17:15.616Z - Time taken for 'hash changed files from watcher' 6.482000008225441ms
[NX Daemon Server] - 2024-07-14T22:17:15.677Z - [WATCHER]: 0 file(s) created or restored, 2 file(s) modified, 0 file(s) deleted
[NX Daemon Server] - 2024-07-14T22:17:22.108Z - [REQUEST]: Updated file-hasher based on watched changes, recomputing project graph...
[NX Daemon Server] - 2024-07-14T22:17:22.138Z - Time taken for 'hash changed files from watcher' 6.344700008630753ms
[NX Daemon Server] - 2024-07-14T22:17:22.197Z - [WATCHER]: 0 file(s) created or restored, 2 file(s) modified, 0 file(s) deleted
[NX Daemon Server] - 2024-07-14T22:17:28.621Z - [REQUEST]: Updated file-hasher based on watched changes, recomputing project graph...
[NX Daemon Server] - 2024-07-14T22:17:28.650Z - Time taken for 'hash changed files from watcher' 6.6092000007629395ms
[NX Daemon Server] - 2024-07-14T22:17:28.710Z - [WATCHER]: 0 file(s) created or restored, 2 file(s) modified, 0 file(s) deleted
[NX Daemon Server] - 2024-07-14T22:17:35.144Z - [REQUEST]: Updated file-hasher based on watched changes, recomputing project graph...
[NX Daemon Server] - 2024-07-14T22:17:35.180Z - Time taken for 'hash changed files from watcher' 7.130400002002716ms
[NX Daemon Server] - 2024-07-14T22:17:35.249Z - [WATCHER]: 0 file(s) created or restored, 2 file(s) modified, 0 file(s) deleted
[NX Daemon Server] - 2024-07-14T22:17:41.684Z - [REQUEST]: Updated file-hasher based on watched changes, recomputing project graph...
[NX Daemon Server] - 2024-07-14T22:17:41.714Z - Time taken for 'hash changed files from watcher' 6.57600000500679ms
[NX Daemon Server] - 2024-07-14T22:17:41.773Z - [WATCHER]: 0 file(s) created or restored, 2 file(s) modified, 0 file(s) deleted
[NX Daemon Server] - 2024-07-14T22:17:48.199Z - [REQUEST]: Updated file-hasher based on watched changes, recomputing project graph...
[NX Daemon Server] - 2024-07-14T22:17:48.232Z - Time taken for 'hash changed files from watcher' 8.019799992442131ms
[NX Daemon Server] - 2024-07-14T22:17:48.287Z - [WATCHER]: 0 file(s) created or restored, 2 file(s) modified, 0 file(s) deleted
[NX Daemon Server] - 2024-07-14T22:17:54.731Z - [REQUEST]: Updated file-hasher based on watched changes, recomputing project graph...
[NX Daemon Server] - 2024-07-14T22:17:54.766Z - Time taken for 'hash changed files from watcher' 20.526199996471405ms
[NX Daemon Server] - 2024-07-14T22:17:54.820Z - [WATCHER]: 0 file(s) created or restored, 2 file(s) modified, 0 file(s) deleted
[NX Daemon Server] - 2024-07-14T22:18:01.251Z - [REQUEST]: Updated file-hasher based on watched changes, recomputing project graph...
[NX Daemon Server] - 2024-07-14T22:18:01.280Z - Time taken for 'hash changed files from watcher' 7.7516999989748ms
[NX Daemon Server] - 2024-07-14T22:18:01.338Z - [WATCHER]: 0 file(s) created or restored, 2 file(s) modified, 0 file(s) deleted
[NX Daemon Server] - 2024-07-14T22:18:07.768Z - [REQUEST]: Updated file-hasher based on watched changes, recomputing project graph...
[NX Daemon Server] - 2024-07-14T22:18:07.797Z - Time taken for 'hash changed files from watcher' 6.583899989724159ms
[NX Daemon Server] - 2024-07-14T22:18:07.857Z - [WATCHER]: 0 file(s) created or restored, 2 file(s) modified, 0 file(s) deleted
[NX Daemon Server] - 2024-07-14T22:18:14.291Z - [REQUEST]: Updated file-hasher based on watched changes, recomputing project graph...
[NX Daemon Server] - 2024-07-14T22:18:14.320Z - Time taken for 'hash changed files from watcher' 6.6344999969005585ms
[NX Daemon Server] - 2024-07-14T22:18:14.381Z - [WATCHER]: 0 file(s) created or restored, 2 file(s) modified, 0 file(s) deleted
[NX Daemon Server] - 2024-07-14T22:18:20.818Z - [REQUEST]: Updated file-hasher based on watched changes, recomputing project graph...
[NX Daemon Server] - 2024-07-14T22:18:20.852Z - Time taken for 'hash changed files from watcher' 6.939500004053116ms
[NX Daemon Server] - 2024-07-14T22:18:20.966Z - [WATCHER]: 0 file(s) created or restored, 2 file(s) modified, 0 file(s) deleted
[NX Daemon Server] - 2024-07-14T22:18:27.403Z - [REQUEST]: Updated file-hasher based on watched changes, recomputing project graph...
[NX Daemon Server] - 2024-07-14T22:18:27.434Z - Time taken for 'hash changed files from watcher' 6.476300001144409ms
[NX Daemon Server] - 2024-07-14T22:18:27.489Z - [WATCHER]: 0 file(s) created or restored, 2 file(s) modified, 0 file(s) deleted
[NX Daemon Server] - 2024-07-14T22:18:33.927Z - [REQUEST]: Updated file-hasher based on watched changes, recomputing project graph...
[NX Daemon Server] - 2024-07-14T22:18:33.957Z - Time taken for 'hash changed files from watcher' 6.391000002622604ms
[NX Daemon Server] - 2024-07-14T22:18:34.015Z - [WATCHER]: 0 file(s) created or restored, 2 file(s) modified, 0 file(s) deleted
[NX Daemon Server] - 2024-07-14T22:18:40.444Z - [REQUEST]: Updated file-hasher based on watched changes, recomputing project graph...
[NX Daemon Server] - 2024-07-14T22:18:40.473Z - Time taken for 'hash changed files from watcher' 6.989500001072884ms
[NX Daemon Server] - 2024-07-14T22:18:40.531Z - [WATCHER]: 0 file(s) created or restored, 2 file(s) modified, 0 file(s) deleted
[NX Daemon Server] - 2024-07-14T22:18:46.958Z - [REQUEST]: Updated file-hasher based on watched changes, recomputing project graph...
[NX Daemon Server] - 2024-07-14T22:18:46.988Z - Time taken for 'hash changed files from watcher' 7.466099992394447ms
[NX Daemon Server] - 2024-07-14T22:18:47.046Z - [WATCHER]: 0 file(s) created or restored, 2 file(s) modified, 0 file(s) deleted
[NX Daemon Server] - 2024-07-14T22:18:53.489Z - [REQUEST]: Updated file-hasher based on watched changes, recomputing project graph...
[NX Daemon Server] - 2024-07-14T22:18:53.529Z - Time taken for 'hash changed files from watcher' 14.563700005412102ms
[NX Daemon Server] - 2024-07-14T22:18:53.596Z - [WATCHER]: 0 file(s) created or restored, 2 file(s) modified, 0 file(s) deleted
[NX Daemon Server] - 2024-07-14T22:19:00.050Z - [REQUEST]: Updated file-hasher based on watched changes, recomputing project graph...
[NX Daemon Server] - 2024-07-14T22:19:00.083Z - Time taken for 'hash changed files from watcher' 13.10639999806881ms
[NX Daemon Server] - 2024-07-14T22:19:00.141Z - [WATCHER]: 0 file(s) created or restored, 2 file(s) modified, 0 file(s) deleted
[NX Daemon Server] - 2024-07-14T22:19:06.567Z - [REQUEST]: Updated file-hasher based on watched changes, recomputing project graph...
[NX Daemon Server] - 2024-07-14T22:19:06.598Z - Time taken for 'hash changed files from watcher' 6.195000007748604ms
[NX Daemon Server] - 2024-07-14T22:19:06.655Z - [WATCHER]: 0 file(s) created or restored, 2 file(s) modified, 0 file(s) deleted
[NX Daemon Server] - 2024-07-14T22:19:13.086Z - [REQUEST]: Updated file-hasher based on watched changes, recomputing project graph...
[NX Daemon Server] - 2024-07-14T22:19:13.118Z - Time taken for 'hash changed files from watcher' 6.944000005722046ms
[NX Daemon Server] - 2024-07-14T22:19:13.174Z - [WATCHER]: 0 file(s) created or restored, 2 file(s) modified, 0 file(s) deleted
[NX Daemon Server] - 2024-07-14T22:19:19.600Z - [REQUEST]: Updated file-hasher based on watched changes, recomputing project graph...
[NX Daemon Server] - 2024-07-14T22:19:19.629Z - Time taken for 'hash changed files from watcher' 6.6925999969244ms
[NX Daemon Server] - 2024-07-14T22:19:19.688Z - [WATCHER]: 0 file(s) created or restored, 2 file(s) modified, 0 file(s) deleted
[NX Daemon Server] - 2024-07-14T22:19:26.120Z - [REQUEST]: Updated file-hasher based on watched changes, recomputing project graph...
[NX Daemon Server] - 2024-07-14T22:19:26.150Z - Time taken for 'hash changed files from watcher' 6.391399994492531ms
[NX Daemon Server] - 2024-07-14T22:19:26.208Z - [WATCHER]: 0 file(s) created or restored, 2 file(s) modified, 0 file(s) deleted
[NX Daemon Server] - 2024-07-14T22:19:32.644Z - [REQUEST]: Updated file-hasher based on watched changes, recomputing project graph...
[NX Daemon Server] - 2024-07-14T22:19:32.680Z - Time taken for 'hash changed files from watcher' 6.427499994635582ms
[NX Daemon Server] - 2024-07-14T22:19:32.739Z - [WATCHER]: 0 file(s) created or restored, 2 file(s) modified, 0 file(s) deleted
[NX Daemon Server] - 2024-07-14T22:19:39.179Z - [REQUEST]: Updated file-hasher based on watched changes, recomputing project graph...
[NX Daemon Server] - 2024-07-14T22:19:39.212Z - Time taken for 'hash changed files from watcher' 7.32320000231266ms
[NX Daemon Server] - 2024-07-14T22:19:39.266Z - [WATCHER]: 0 file(s) created or restored, 2 file(s) modified, 0 file(s) deleted
[NX Daemon Server] - 2024-07-14T22:19:45.698Z - [REQUEST]: Updated file-hasher based on watched changes, recomputing project graph...
[NX Daemon Server] - 2024-07-14T22:19:45.730Z - Time taken for 'hash changed files from watcher' 6.188800007104874ms
[NX Daemon Server] - 2024-07-14T22:19:45.786Z - [WATCHER]: 0 file(s) created or restored, 2 file(s) modified, 0 file(s) deleted
[NX Daemon Server] - 2024-07-14T22:19:52.218Z - [REQUEST]: Updated file-hasher based on watched changes, recomputing project graph...
[NX Daemon Server] - 2024-07-14T22:19:52.249Z - Time taken for 'hash changed files from watcher' 7.997200012207031ms
[NX Daemon Server] - 2024-07-14T22:19:52.306Z - [WATCHER]: 0 file(s) created or restored, 2 file(s) modified, 0 file(s) deleted
[NX Daemon Server] - 2024-07-14T22:19:58.733Z - [REQUEST]: Updated file-hasher based on watched changes, recomputing project graph...
[NX Daemon Server] - 2024-07-14T22:19:58.762Z - Time taken for 'hash changed files from watcher' 6.856699988245964ms
[NX Daemon Server] - 2024-07-14T22:19:58.822Z - [WATCHER]: 0 file(s) created or restored, 2 file(s) modified, 0 file(s) deleted
[NX Daemon Server] - 2024-07-14T22:20:05.264Z - [REQUEST]: Updated file-hasher based on watched changes, recomputing project graph...
[NX Daemon Server] - 2024-07-14T22:20:05.301Z - Time taken for 'hash changed files from watcher' 9.440700009465218ms
[NX Daemon Server] - 2024-07-14T22:20:05.363Z - [WATCHER]: 0 file(s) created or restored, 2 file(s) modified, 0 file(s) deleted
[NX Daemon Server] - 2024-07-14T22:20:11.785Z - [REQUEST]: Updated file-hasher based on watched changes, recomputing project graph...
[NX Daemon Server] - 2024-07-14T22:20:11.814Z - Time taken for 'hash changed files from watcher' 6.48989999294281ms
[NX Daemon Server] - 2024-07-14T22:20:11.874Z - [WATCHER]: 0 file(s) created or restored, 2 file(s) modified, 0 file(s) deleted
[NX Daemon Server] - 2024-07-14T22:20:18.301Z - [REQUEST]: Updated file-hasher based on watched changes, recomputing project graph...
[NX Daemon Server] - 2024-07-14T22:20:18.330Z - Time taken for 'hash changed files from watcher' 6.444099992513657ms
[NX Daemon Server] - 2024-07-14T22:20:18.391Z - [WATCHER]: 0 file(s) created or restored, 2 file(s) modified, 0 file(s) deleted
[NX Daemon Server] - 2024-07-14T22:20:24.829Z - [REQUEST]: Updated file-hasher based on watched changes, recomputing project graph...
[NX Daemon Server] - 2024-07-14T22:20:24.859Z - Time taken for 'hash changed files from watcher' 7.358000010251999ms
[NX Daemon Server] - 2024-07-14T22:20:24.916Z - [WATCHER]: 0 file(s) created or restored, 2 file(s) modified, 0 file(s) deleted
[NX Daemon Server] - 2024-07-14T22:20:31.346Z - [REQUEST]: Updated file-hasher based on watched changes, recomputing project graph...
[NX Daemon Server] - 2024-07-14T22:20:31.376Z - Time taken for 'hash changed files from watcher' 6.330300003290176ms
[NX Daemon Server] - 2024-07-14T22:20:31.435Z - [WATCHER]: 0 file(s) created or restored, 2 file(s) modified, 0 file(s) deleted
[NX Daemon Server] - 2024-07-14T22:20:37.874Z - [REQUEST]: Updated file-hasher based on watched changes, recomputing project graph...
[NX Daemon Server] - 2024-07-14T22:20:37.904Z - Time taken for 'hash changed files from watcher' 7.317999988794327ms
[NX Daemon Server] - 2024-07-14T22:20:37.962Z - [WATCHER]: 0 file(s) created or restored, 2 file(s) modified, 0 file(s) deleted
[NX Daemon Server] - 2024-07-14T22:20:44.392Z - [REQUEST]: Updated file-hasher based on watched changes, recomputing project graph...
[NX Daemon Server] - 2024-07-14T22:20:44.427Z - Time taken for 'hash changed files from watcher' 7.030899986624718ms
[NX Daemon Server] - 2024-07-14T22:20:44.483Z - [WATCHER]: 0 file(s) created or restored, 2 file(s) modified, 0 file(s) deleted
[NX Daemon Server] - 2024-07-14T22:20:50.914Z - [REQUEST]: Updated file-hasher based on watched changes, recomputing project graph...
[NX Daemon Server] - 2024-07-14T22:20:50.943Z - Time taken for 'hash changed files from watcher' 6.388700008392334ms
[NX Daemon Server] - 2024-07-14T22:20:51.005Z - [WATCHER]: 0 file(s) created or restored, 2 file(s) modified, 0 file(s) deleted
[NX Daemon Server] - 2024-07-14T22:20:57.444Z - [REQUEST]: Updated file-hasher based on watched changes, recomputing project graph...
[NX Daemon Server] - 2024-07-14T22:20:57.475Z - Time taken for 'hash changed files from watcher' 8.168099999427795ms
[NX Daemon Server] - 2024-07-14T22:20:57.531Z - [WATCHER]: 0 file(s) created or restored, 2 file(s) modified, 0 file(s) deleted
[NX Daemon Server] - 2024-07-14T22:21:03.965Z - [REQUEST]: Updated file-hasher based on watched changes, recomputing project graph...
[NX Daemon Server] - 2024-07-14T22:21:03.999Z - Time taken for 'hash changed files from watcher' 7.2901999950408936ms
[NX Daemon Server] - 2024-07-14T22:21:04.052Z - [WATCHER]: 0 file(s) created or restored, 2 file(s) modified, 0 file(s) deleted
[NX Daemon Server] - 2024-07-14T22:21:10.486Z - [REQUEST]: Updated file-hasher based on watched changes, recomputing project graph...
[NX Daemon Server] - 2024-07-14T22:21:10.514Z - Time taken for 'hash changed files from watcher' 6.9106999933719635ms
[NX Daemon Server] - 2024-07-14T22:21:10.574Z - [WATCHER]: 0 file(s) created or restored, 2 file(s) modified, 0 file(s) deleted
[NX Daemon Server] - 2024-07-14T22:21:17.012Z - [REQUEST]: Updated file-hasher based on watched changes, recomputing project graph...
[NX Daemon Server] - 2024-07-14T22:21:17.045Z - Time taken for 'hash changed files from watcher' 7.370300009846687ms
[NX Daemon Server] - 2024-07-14T22:21:17.099Z - [WATCHER]: 0 file(s) created or restored, 2 file(s) modified, 0 file(s) deleted
[NX Daemon Server] - 2024-07-14T22:21:23.528Z - [REQUEST]: Updated file-hasher based on watched changes, recomputing project graph...
[NX Daemon Server] - 2024-07-14T22:21:23.559Z - Time taken for 'hash changed files from watcher' 6.503800004720688ms
[NX Daemon Server] - 2024-07-14T22:21:23.617Z - [WATCHER]: 0 file(s) created or restored, 2 file(s) modified, 0 file(s) deleted
[NX Daemon Server] - 2024-07-14T22:21:30.044Z - [REQUEST]: Updated file-hasher based on watched changes, recomputing project graph...
[NX Daemon Server] - 2024-07-14T22:21:30.074Z - Time taken for 'hash changed files from watcher' 7.4426000118255615ms
[NX Daemon Server] - 2024-07-14T22:21:30.132Z - [WATCHER]: 0 file(s) created or restored, 2 file(s) modified, 0 file(s) deleted
[NX Daemon Server] - 2024-07-14T22:21:36.567Z - [REQUEST]: Updated file-hasher based on watched changes, recomputing project graph...
[NX Daemon Server] - 2024-07-14T22:21:36.597Z - Time taken for 'hash changed files from watcher' 6.199799999594688ms
[NX Daemon Server] - 2024-07-14T22:21:36.655Z - [WATCHER]: 0 file(s) created or restored, 2 file(s) modified, 0 file(s) deleted
[NX Daemon Server] - 2024-07-14T22:21:43.078Z - [REQUEST]: Updated file-hasher based on watched changes, recomputing project graph...
[NX Daemon Server] - 2024-07-14T22:21:43.106Z - Time taken for 'hash changed files from watcher' 6.365299999713898ms
[NX Daemon Server] - 2024-07-14T22:21:43.167Z - [WATCHER]: 0 file(s) created or restored, 2 file(s) modified, 0 file(s) deleted
[NX Daemon Server] - 2024-07-14T22:21:49.598Z - [REQUEST]: Updated file-hasher based on watched changes, recomputing project graph...
[NX Daemon Server] - 2024-07-14T22:21:49.627Z - Time taken for 'hash changed files from watcher' 6.524500012397766ms
[NX Daemon Server] - 2024-07-14T22:21:49.686Z - [WATCHER]: 0 file(s) created or restored, 2 file(s) modified, 0 file(s) deleted
[NX Daemon Server] - 2024-07-14T22:21:56.122Z - [REQUEST]: Updated file-hasher based on watched changes, recomputing project graph...
[NX Daemon Server] - 2024-07-14T22:21:56.152Z - Time taken for 'hash changed files from watcher' 7.14300000667572ms
[NX Daemon Server] - 2024-07-14T22:21:56.210Z - [WATCHER]: 0 file(s) created or restored, 2 file(s) modified, 0 file(s) deleted
[NX Daemon Server] - 2024-07-14T22:22:02.640Z - [REQUEST]: Updated file-hasher based on watched changes, recomputing project graph...
[NX Daemon Server] - 2024-07-14T22:22:02.669Z - Time taken for 'hash changed files from watcher' 6.768500000238419ms
[NX Daemon Server] - 2024-07-14T22:22:02.727Z - [WATCHER]: 0 file(s) created or restored, 2 file(s) modified, 0 file(s) deleted
[NX Daemon Server] - 2024-07-14T22:22:09.159Z - [REQUEST]: Updated file-hasher based on watched changes, recomputing project graph...
[NX Daemon Server] - 2024-07-14T22:22:09.188Z - Time taken for 'hash changed files from watcher' 6.1609000116586685ms
[NX Daemon Server] - 2024-07-14T22:22:09.249Z - [WATCHER]: 0 file(s) created or restored, 2 file(s) modified, 0 file(s) deleted
[NX Daemon Server] - 2024-07-14T22:22:15.675Z - [REQUEST]: Updated file-hasher based on watched changes, recomputing project graph...
[NX Daemon Server] - 2024-07-14T22:22:15.706Z - Time taken for 'hash changed files from watcher' 7.716199994087219ms
[NX Daemon Server] - 2024-07-14T22:22:15.761Z - [WATCHER]: 0 file(s) created or restored, 2 file(s) modified, 0 file(s) deleted
[NX Daemon Server] - 2024-07-14T22:22:22.192Z - [REQUEST]: Updated file-hasher based on watched changes, recomputing project graph...
[NX Daemon Server] - 2024-07-14T22:22:22.221Z - Time taken for 'hash changed files from watcher' 6.572700008749962ms
[NX Daemon Server] - 2024-07-14T22:22:22.282Z - [WATCHER]: 0 file(s) created or restored, 2 file(s) modified, 0 file(s) deleted
[NX Daemon Server] - 2024-07-14T22:22:28.714Z - [REQUEST]: Updated file-hasher based on watched changes, recomputing project graph...
[NX Daemon Server] - 2024-07-14T22:22:28.743Z - Time taken for 'hash changed files from watcher' 6.503199994564056ms
[NX Daemon Server] - 2024-07-14T22:22:28.802Z - [WATCHER]: 0 file(s) created or restored, 2 file(s) modified, 0 file(s) deleted
[NX Daemon Server] - 2024-07-14T22:22:35.230Z - [REQUEST]: Updated file-hasher based on watched changes, recomputing project graph...
[NX Daemon Server] - 2024-07-14T22:22:35.259Z - Time taken for 'hash changed files from watcher' 6.482099995017052ms
[NX Daemon Server] - 2024-07-14T22:22:35.320Z - [WATCHER]: 0 file(s) created or restored, 2 file(s) modified, 0 file(s) deleted
[NX Daemon Server] - 2024-07-14T22:22:41.746Z - [REQUEST]: Updated file-hasher based on watched changes, recomputing project graph...
[NX Daemon Server] - 2024-07-14T22:22:41.775Z - Time taken for 'hash changed files from watcher' 6.581900000572205ms
[NX Daemon Server] - 2024-07-14T22:22:41.835Z - [WATCHER]: 0 file(s) created or restored, 2 file(s) modified, 0 file(s) deleted
[NX Daemon Server] - 2024-07-14T22:22:48.273Z - [REQUEST]: Updated file-hasher based on watched changes, recomputing project graph...
[NX Daemon Server] - 2024-07-14T22:22:48.311Z - Time taken for 'hash changed files from watcher' 6.5075999945402145ms
[NX Daemon Server] - 2024-07-14T22:22:48.376Z - [WATCHER]: 0 file(s) created or restored, 2 file(s) modified, 0 file(s) deleted
[NX Daemon Server] - 2024-07-14T22:22:54.808Z - [REQUEST]: Updated file-hasher based on watched changes, recomputing project graph...
[NX Daemon Server] - 2024-07-14T22:22:54.836Z - Time taken for 'hash changed files from watcher' 7.443199992179871ms
[NX Daemon Server] - 2024-07-14T22:22:54.895Z - [WATCHER]: 0 file(s) created or restored, 2 file(s) modified, 0 file(s) deleted
[NX Daemon Server] - 2024-07-14T22:23:01.328Z - [REQUEST]: Updated file-hasher based on watched changes, recomputing project graph...
[NX Daemon Server] - 2024-07-14T22:23:01.357Z - Time taken for 'hash changed files from watcher' 6.622900009155273ms
[NX Daemon Server] - 2024-07-14T22:23:01.417Z - [WATCHER]: 0 file(s) created or restored, 2 file(s) modified, 0 file(s) deleted
[NX Daemon Server] - 2024-07-14T22:23:07.845Z - [REQUEST]: Updated file-hasher based on watched changes, recomputing project graph...
[NX Daemon Server] - 2024-07-14T22:23:07.873Z - Time taken for 'hash changed files from watcher' 6.200300008058548ms
[NX Daemon Server] - 2024-07-14T22:23:07.934Z - [WATCHER]: 0 file(s) created or restored, 2 file(s) modified, 0 file(s) deleted
[NX Daemon Server] - 2024-07-14T22:23:14.369Z - [REQUEST]: Updated file-hasher based on watched changes, recomputing project graph...
[NX Daemon Server] - 2024-07-14T22:23:14.398Z - Time taken for 'hash changed files from watcher' 6.674300000071526ms
[NX Daemon Server] - 2024-07-14T22:23:14.457Z - [WATCHER]: 0 file(s) created or restored, 2 file(s) modified, 0 file(s) deleted
[NX Daemon Server] - 2024-07-14T22:23:20.884Z - [REQUEST]: Updated file-hasher based on watched changes, recomputing project graph...
[NX Daemon Server] - 2024-07-14T22:23:20.913Z - Time taken for 'hash changed files from watcher' 6.791600003838539ms
[NX Daemon Server] - 2024-07-14T22:23:20.973Z - [WATCHER]: 0 file(s) created or restored, 2 file(s) modified, 0 file(s) deleted
[NX Daemon Server] - 2024-07-14T22:23:27.434Z - [REQUEST]: Updated file-hasher based on watched changes, recomputing project graph...
[NX Daemon Server] - 2024-07-14T22:23:27.463Z - Time taken for 'hash changed files from watcher' 13.153499990701675ms
[NX Daemon Server] - 2024-07-14T22:23:27.520Z - [WATCHER]: 0 file(s) created or restored, 2 file(s) modified, 0 file(s) deleted
[NX Daemon Server] - 2024-07-14T22:23:33.943Z - [REQUEST]: Updated file-hasher based on watched changes, recomputing project graph...
[NX Daemon Server] - 2024-07-14T22:23:33.971Z - Time taken for 'hash changed files from watcher' 6.349600002169609ms
[NX Daemon Server] - 2024-07-14T22:23:34.033Z - [WATCHER]: 0 file(s) created or restored, 2 file(s) modified, 0 file(s) deleted
[NX Daemon Server] - 2024-07-14T22:23:40.462Z - [REQUEST]: Updated file-hasher based on watched changes, recomputing project graph...
[NX Daemon Server] - 2024-07-14T22:23:40.491Z - Time taken for 'hash changed files from watcher' 7.200499996542931ms
[NX Daemon Server] - 2024-07-14T22:23:40.550Z - [WATCHER]: 0 file(s) created or restored, 2 file(s) modified, 0 file(s) deleted
[NX Daemon Server] - 2024-07-14T22:23:46.982Z - [REQUEST]: Updated file-hasher based on watched changes, recomputing project graph...
[NX Daemon Server] - 2024-07-14T22:23:47.013Z - Time taken for 'hash changed files from watcher' 6.933200001716614ms
[NX Daemon Server] - 2024-07-14T22:23:47.070Z - [WATCHER]: 0 file(s) created or restored, 2 file(s) modified, 0 file(s) deleted
[NX Daemon Server] - 2024-07-14T22:23:53.503Z - [REQUEST]: Updated file-hasher based on watched changes, recomputing project graph...
[NX Daemon Server] - 2024-07-14T22:23:53.531Z - Time taken for 'hash changed files from watcher' 6.594099998474121ms
[NX Daemon Server] - 2024-07-14T22:23:53.591Z - [WATCHER]: 0 file(s) created or restored, 2 file(s) modified, 0 file(s) deleted
[NX Daemon Server] - 2024-07-14T22:24:00.024Z - [REQUEST]: Updated file-hasher based on watched changes, recomputing project graph...
[NX Daemon Server] - 2024-07-14T22:24:00.057Z - Time taken for 'hash changed files from watcher' 9.55969999730587ms
[NX Daemon Server] - 2024-07-14T22:24:00.124Z - [WATCHER]: 0 file(s) created or restored, 2 file(s) modified, 0 file(s) deleted
[NX Daemon Server] - 2024-07-14T22:24:06.557Z - [REQUEST]: Updated file-hasher based on watched changes, recomputing project graph...
[NX Daemon Server] - 2024-07-14T22:24:06.587Z - Time taken for 'hash changed files from watcher' 6.257100000977516ms
[NX Daemon Server] - 2024-07-14T22:24:06.646Z - [WATCHER]: 0 file(s) created or restored, 2 file(s) modified, 0 file(s) deleted
[NX Daemon Server] - 2024-07-14T22:24:13.074Z - [REQUEST]: Updated file-hasher based on watched changes, recomputing project graph...
[NX Daemon Server] - 2024-07-14T22:24:13.113Z - Time taken for 'hash changed files from watcher' 7.154399991035461ms
[NX Daemon Server] - 2024-07-14T22:24:13.177Z - [WATCHER]: 0 file(s) created or restored, 2 file(s) modified, 0 file(s) deleted
[NX Daemon Server] - 2024-07-14T22:24:19.605Z - [REQUEST]: Updated file-hasher based on watched changes, recomputing project graph...
[NX Daemon Server] - 2024-07-14T22:24:19.637Z - Time taken for 'hash changed files from watcher' 7.925800010561943ms
[NX Daemon Server] - 2024-07-14T22:24:19.696Z - [WATCHER]: 0 file(s) created or restored, 2 file(s) modified, 0 file(s) deleted
[NX Daemon Server] - 2024-07-14T22:24:26.135Z - [REQUEST]: Updated file-hasher based on watched changes, recomputing project graph...
[NX Daemon Server] - 2024-07-14T22:24:26.183Z - Time taken for 'hash changed files from watcher' 7.8689999878406525ms
[NX Daemon Server] - 2024-07-14T22:24:26.252Z - [WATCHER]: 0 file(s) created or restored, 2 file(s) modified, 0 file(s) deleted
[NX Daemon Server] - 2024-07-14T22:24:32.685Z - [REQUEST]: Updated file-hasher based on watched changes, recomputing project graph...
[NX Daemon Server] - 2024-07-14T22:24:32.716Z - Time taken for 'hash changed files from watcher' 7.0908999890089035ms
[NX Daemon Server] - 2024-07-14T22:24:32.774Z - [WATCHER]: 0 file(s) created or restored, 2 file(s) modified, 0 file(s) deleted
[NX Daemon Server] - 2024-07-14T22:24:39.203Z - [REQUEST]: Updated file-hasher based on watched changes, recomputing project graph...
[NX Daemon Server] - 2024-07-14T22:24:39.232Z - Time taken for 'hash changed files from watcher' 6.008799999952316ms
[NX Daemon Server] - 2024-07-14T22:24:39.292Z - [WATCHER]: 0 file(s) created or restored, 2 file(s) modified, 0 file(s) deleted
[NX Daemon Server] - 2024-07-14T22:24:45.721Z - [REQUEST]: Updated file-hasher based on watched changes, recomputing project graph...
[NX Daemon Server] - 2024-07-14T22:24:45.752Z - Time taken for 'hash changed files from watcher' 7.058100000023842ms
[NX Daemon Server] - 2024-07-14T22:24:45.809Z - [WATCHER]: 0 file(s) created or restored, 2 file(s) modified, 0 file(s) deleted
[NX Daemon Server] - 2024-07-14T22:24:52.231Z - [REQUEST]: Updated file-hasher based on watched changes, recomputing project graph...
[NX Daemon Server] - 2024-07-14T22:24:52.262Z - Time taken for 'hash changed files from watcher' 6.42339999973774ms
[NX Daemon Server] - 2024-07-14T22:24:52.321Z - [WATCHER]: 0 file(s) created or restored, 2 file(s) modified, 0 file(s) deleted
[NX Daemon Server] - 2024-07-14T22:24:58.751Z - [REQUEST]: Updated file-hasher based on watched changes, recomputing project graph...
[NX Daemon Server] - 2024-07-14T22:24:58.784Z - Time taken for 'hash changed files from watcher' 8.027199998497963ms
[NX Daemon Server] - 2024-07-14T22:24:58.839Z - [WATCHER]: 0 file(s) created or restored, 2 file(s) modified, 0 file(s) deleted
[NX Daemon Server] - 2024-07-14T22:25:05.273Z - [REQUEST]: Updated file-hasher based on watched changes, recomputing project graph...
[NX Daemon Server] - 2024-07-14T22:25:05.305Z - Time taken for 'hash changed files from watcher' 6.479299992322922ms
[NX Daemon Server] - 2024-07-14T22:25:05.360Z - [WATCHER]: 0 file(s) created or restored, 2 file(s) modified, 0 file(s) deleted
[NX Daemon Server] - 2024-07-14T22:25:11.789Z - [REQUEST]: Updated file-hasher based on watched changes, recomputing project graph...
[NX Daemon Server] - 2024-07-14T22:25:11.822Z - Time taken for 'hash changed files from watcher' 7.039000004529953ms
[NX Daemon Server] - 2024-07-14T22:25:11.879Z - [WATCHER]: 0 file(s) created or restored, 2 file(s) modified, 0 file(s) deleted
[NX Daemon Server] - 2024-07-14T22:25:18.321Z - [REQUEST]: Updated file-hasher based on watched changes, recomputing project graph...
[NX Daemon Server] - 2024-07-14T22:25:18.358Z - Time taken for 'hash changed files from watcher' 7.039099991321564ms
[NX Daemon Server] - 2024-07-14T22:25:18.419Z - [WATCHER]: 0 file(s) created or restored, 2 file(s) modified, 0 file(s) deleted
[NX Daemon Server] - 2024-07-14T22:25:24.849Z - [REQUEST]: Updated file-hasher based on watched changes, recomputing project graph...
[NX Daemon Server] - 2024-07-14T22:25:24.878Z - Time taken for 'hash changed files from watcher' 6.970599994063377ms
[NX Daemon Server] - 2024-07-14T22:25:24.937Z - [WATCHER]: 0 file(s) created or restored, 2 file(s) modified, 0 file(s) deleted
[NX Daemon Server] - 2024-07-14T22:25:31.371Z - [REQUEST]: Updated file-hasher based on watched changes, recomputing project graph...
[NX Daemon Server] - 2024-07-14T22:25:31.401Z - Time taken for 'hash changed files from watcher' 6.228500008583069ms
[NX Daemon Server] - 2024-07-14T22:25:31.460Z - [WATCHER]: 0 file(s) created or restored, 2 file(s) modified, 0 file(s) deleted
[NX Daemon Server] - 2024-07-14T22:25:37.884Z - [REQUEST]: Updated file-hasher based on watched changes, recomputing project graph...
[NX Daemon Server] - 2024-07-14T22:25:37.912Z - Time taken for 'hash changed files from watcher' 6.440399989485741ms
[NX Daemon Server] - 2024-07-14T22:25:37.974Z - [WATCHER]: 0 file(s) created or restored, 2 file(s) modified, 0 file(s) deleted
[NX Daemon Server] - 2024-07-14T22:25:44.409Z - [REQUEST]: Updated file-hasher based on watched changes, recomputing project graph...
[NX Daemon Server] - 2024-07-14T22:25:44.440Z - Time taken for 'hash changed files from watcher' 6.480599999427795ms
[NX Daemon Server] - 2024-07-14T22:25:44.494Z - [WATCHER]: 0 file(s) created or restored, 2 file(s) modified, 0 file(s) deleted
[NX Daemon Server] - 2024-07-14T22:25:50.923Z - [REQUEST]: Updated file-hasher based on watched changes, recomputing project graph...
[NX Daemon Server] - 2024-07-14T22:25:50.953Z - Time taken for 'hash changed files from watcher' 6.582699999213219ms
[NX Daemon Server] - 2024-07-14T22:25:51.013Z - [WATCHER]: 0 file(s) created or restored, 2 file(s) modified, 0 file(s) deleted
[NX Daemon Server] - 2024-07-14T22:25:57.437Z - [REQUEST]: Updated file-hasher based on watched changes, recomputing project graph...
[NX Daemon Server] - 2024-07-14T22:25:57.466Z - Time taken for 'hash changed files from watcher' 8.526299998164177ms
[NX Daemon Server] - 2024-07-14T22:25:57.525Z - [WATCHER]: 0 file(s) created or restored, 2 file(s) modified, 0 file(s) deleted
[NX Daemon Server] - 2024-07-14T22:26:03.958Z - [REQUEST]: Updated file-hasher based on watched changes, recomputing project graph...
[NX Daemon Server] - 2024-07-14T22:26:03.989Z - Time taken for 'hash changed files from watcher' 6.6081999987363815ms
[NX Daemon Server] - 2024-07-14T22:26:04.047Z - [WATCHER]: 0 file(s) created or restored, 2 file(s) modified, 0 file(s) deleted
[NX Daemon Server] - 2024-07-14T22:26:10.478Z - [REQUEST]: Updated file-hasher based on watched changes, recomputing project graph...
[NX Daemon Server] - 2024-07-14T22:26:10.506Z - Time taken for 'hash changed files from watcher' 6.8057000041008ms
[NX Daemon Server] - 2024-07-14T22:26:10.568Z - [WATCHER]: 0 file(s) created or restored, 2 file(s) modified, 0 file(s) deleted
[NX Daemon Server] - 2024-07-14T22:26:16.997Z - [REQUEST]: Updated file-hasher based on watched changes, recomputing project graph...
[NX Daemon Server] - 2024-07-14T22:26:17.026Z - Time taken for 'hash changed files from watcher' 7.106299996376038ms
[NX Daemon Server] - 2024-07-14T22:26:17.085Z - [WATCHER]: 0 file(s) created or restored, 2 file(s) modified, 0 file(s) deleted
[NX Daemon Server] - 2024-07-14T22:26:23.516Z - [REQUEST]: Updated file-hasher based on watched changes, recomputing project graph...
[NX Daemon Server] - 2024-07-14T22:26:23.546Z - Time taken for 'hash changed files from watcher' 6.287799999117851ms
[NX Daemon Server] - 2024-07-14T22:26:23.605Z - [WATCHER]: 0 file(s) created or restored, 2 file(s) modified, 0 file(s) deleted
[NX Daemon Server] - 2024-07-14T22:26:30.029Z - [REQUEST]: Updated file-hasher based on watched changes, recomputing project graph...
[NX Daemon Server] - 2024-07-14T22:26:30.058Z - Time taken for 'hash changed files from watcher' 6.835899993777275ms
[NX Daemon Server] - 2024-07-14T22:26:30.118Z - [WATCHER]: 0 file(s) created or restored, 2 file(s) modified, 0 file(s) deleted
[NX Daemon Server] - 2024-07-14T22:26:36.552Z - [REQUEST]: Updated file-hasher based on watched changes, recomputing project graph...
[NX Daemon Server] - 2024-07-14T22:26:36.581Z - Time taken for 'hash changed files from watcher' 6.8599999994039536ms
[NX Daemon Server] - 2024-07-14T22:26:36.640Z - [WATCHER]: 0 file(s) created or restored, 2 file(s) modified, 0 file(s) deleted
[NX Daemon Server] - 2024-07-14T22:26:43.071Z - [REQUEST]: Updated file-hasher based on watched changes, recomputing project graph...
[NX Daemon Server] - 2024-07-14T22:26:43.100Z - Time taken for 'hash changed files from watcher' 6.331500008702278ms
[NX Daemon Server] - 2024-07-14T22:26:43.161Z - [WATCHER]: 0 file(s) created or restored, 2 file(s) modified, 0 file(s) deleted
[NX Daemon Server] - 2024-07-14T22:26:49.589Z - [REQUEST]: Updated file-hasher based on watched changes, recomputing project graph...
[NX Daemon Server] - 2024-07-14T22:26:49.618Z - Time taken for 'hash changed files from watcher' 6.713500007987022ms
[NX Daemon Server] - 2024-07-14T22:26:49.677Z - [WATCHER]: 0 file(s) created or restored, 2 file(s) modified, 0 file(s) deleted
[NX Daemon Server] - 2024-07-14T22:26:56.105Z - [REQUEST]: Updated file-hasher based on watched changes, recomputing project graph...
[NX Daemon Server] - 2024-07-14T22:26:56.135Z - Time taken for 'hash changed files from watcher' 6.6790000051259995ms
[NX Daemon Server] - 2024-07-14T22:26:56.194Z - [WATCHER]: 0 file(s) created or restored, 2 file(s) modified, 0 file(s) deleted
[NX Daemon Server] - 2024-07-14T22:27:02.622Z - [REQUEST]: Updated file-hasher based on watched changes, recomputing project graph...
[NX Daemon Server] - 2024-07-14T22:27:02.652Z - Time taken for 'hash changed files from watcher' 8.733500003814697ms
[NX Daemon Server] - 2024-07-14T22:27:02.709Z - [WATCHER]: 0 file(s) created or restored, 2 file(s) modified, 0 file(s) deleted
[NX Daemon Server] - 2024-07-14T22:27:09.146Z - [REQUEST]: Updated file-hasher based on watched changes, recomputing project graph...
[NX Daemon Server] - 2024-07-14T22:27:09.173Z - Time taken for 'hash changed files from watcher' 6.426699995994568ms
[NX Daemon Server] - 2024-07-14T22:27:09.234Z - [WATCHER]: 0 file(s) created or restored, 2 file(s) modified, 0 file(s) deleted
[NX Daemon Server] - 2024-07-14T22:27:15.660Z - [REQUEST]: Updated file-hasher based on watched changes, recomputing project graph...
[NX Daemon Server] - 2024-07-14T22:27:15.691Z - Time taken for 'hash changed files from watcher' 6.239399999380112ms
[NX Daemon Server] - 2024-07-14T22:27:15.750Z - [WATCHER]: 0 file(s) created or restored, 2 file(s) modified, 0 file(s) deleted
[NX Daemon Server] - 2024-07-14T22:27:22.176Z - [REQUEST]: Updated file-hasher based on watched changes, recomputing project graph...
[NX Daemon Server] - 2024-07-14T22:27:22.207Z - Time taken for 'hash changed files from watcher' 6.305500000715256ms
[NX Daemon Server] - 2024-07-14T22:27:22.266Z - [WATCHER]: 0 file(s) created or restored, 2 file(s) modified, 0 file(s) deleted
[NX Daemon Server] - 2024-07-14T22:27:28.693Z - [REQUEST]: Updated file-hasher based on watched changes, recomputing project graph...
[NX Daemon Server] - 2024-07-14T22:27:28.722Z - Time taken for 'hash changed files from watcher' 6.5591000020504ms
[NX Daemon Server] - 2024-07-14T22:27:28.782Z - [WATCHER]: 0 file(s) created or restored, 2 file(s) modified, 0 file(s) deleted
[NX Daemon Server] - 2024-07-14T22:27:35.217Z - [REQUEST]: Updated file-hasher based on watched changes, recomputing project graph...
[NX Daemon Server] - 2024-07-14T22:27:35.247Z - Time taken for 'hash changed files from watcher' 6.470599994063377ms
[NX Daemon Server] - 2024-07-14T22:27:35.306Z - [WATCHER]: 0 file(s) created or restored, 2 file(s) modified, 0 file(s) deleted
[NX Daemon Server] - 2024-07-14T22:27:41.737Z - [REQUEST]: Updated file-hasher based on watched changes, recomputing project graph...
[NX Daemon Server] - 2024-07-14T22:27:41.768Z - Time taken for 'hash changed files from watcher' 6.991999998688698ms
[NX Daemon Server] - 2024-07-14T22:27:41.825Z - [WATCHER]: 0 file(s) created or restored, 2 file(s) modified, 0 file(s) deleted
[NX Daemon Server] - 2024-07-14T22:27:48.255Z - [REQUEST]: Updated file-hasher based on watched changes, recomputing project graph...
[NX Daemon Server] - 2024-07-14T22:27:48.284Z - Time taken for 'hash changed files from watcher' 6.415600001811981ms
[NX Daemon Server] - 2024-07-14T22:27:48.344Z - [WATCHER]: 0 file(s) created or restored, 2 file(s) modified, 0 file(s) deleted
[NX Daemon Server] - 2024-07-14T22:27:54.767Z - [REQUEST]: Updated file-hasher based on watched changes, recomputing project graph...
[NX Daemon Server] - 2024-07-14T22:27:54.799Z - Time taken for 'hash changed files from watcher' 6.756400004029274ms
[NX Daemon Server] - 2024-07-14T22:27:54.856Z - [WATCHER]: 0 file(s) created or restored, 2 file(s) modified, 0 file(s) deleted
[NX Daemon Server] - 2024-07-14T22:28:01.300Z - [REQUEST]: Updated file-hasher based on watched changes, recomputing project graph...
[NX Daemon Server] - 2024-07-14T22:28:01.337Z - Time taken for 'hash changed files from watcher' 11.74049998819828ms
[NX Daemon Server] - 2024-07-14T22:28:01.390Z - [WATCHER]: 0 file(s) created or restored, 2 file(s) modified, 0 file(s) deleted
[NX Daemon Server] - 2024-07-14T22:28:07.817Z - [REQUEST]: Updated file-hasher based on watched changes, recomputing project graph...
[NX Daemon Server] - 2024-07-14T22:28:07.849Z - Time taken for 'hash changed files from watcher' 9.234900012612343ms
[NX Daemon Server] - 2024-07-14T22:28:07.964Z - [WATCHER]: 0 file(s) created or restored, 2 file(s) modified, 0 file(s) deleted
[NX Daemon Server] - 2024-07-14T22:28:14.391Z - [REQUEST]: Updated file-hasher based on watched changes, recomputing project graph...
[NX Daemon Server] - 2024-07-14T22:28:14.420Z - Time taken for 'hash changed files from watcher' 8.086300000548363ms
[NX Daemon Server] - 2024-07-14T22:28:14.479Z - [WATCHER]: 0 file(s) created or restored, 2 file(s) modified, 0 file(s) deleted
[NX Daemon Server] - 2024-07-14T22:28:20.909Z - [REQUEST]: Updated file-hasher based on watched changes, recomputing project graph...
[NX Daemon Server] - 2024-07-14T22:28:20.939Z - Time taken for 'hash changed files from watcher' 6.9869000017642975ms
[NX Daemon Server] - 2024-07-14T22:28:20.997Z - [WATCHER]: 0 file(s) created or restored, 2 file(s) modified, 0 file(s) deleted
[NX Daemon Server] - 2024-07-14T22:28:27.436Z - [REQUEST]: Updated file-hasher based on watched changes, recomputing project graph...
[NX Daemon Server] - 2024-07-14T22:28:27.469Z - Time taken for 'hash changed files from watcher' 7.367799997329712ms
[NX Daemon Server] - 2024-07-14T22:28:27.523Z - [WATCHER]: 0 file(s) created or restored, 2 file(s) modified, 0 file(s) deleted
[NX Daemon Server] - 2024-07-14T22:28:33.957Z - [REQUEST]: Updated file-hasher based on watched changes, recomputing project graph...
[NX Daemon Server] - 2024-07-14T22:28:33.987Z - Time taken for 'hash changed files from watcher' 6.713100001215935ms
[NX Daemon Server] - 2024-07-14T22:28:34.045Z - [WATCHER]: 0 file(s) created or restored, 2 file(s) modified, 0 file(s) deleted
[NX Daemon Server] - 2024-07-14T22:28:40.476Z - [REQUEST]: Updated file-hasher based on watched changes, recomputing project graph...
[NX Daemon Server] - 2024-07-14T22:28:40.508Z - Time taken for 'hash changed files from watcher' 6.5820000022649765ms
[NX Daemon Server] - 2024-07-14T22:28:40.567Z - [WATCHER]: 0 file(s) created or restored, 2 file(s) modified, 0 file(s) deleted
[NX Daemon Server] - 2024-07-14T22:28:47.005Z - [REQUEST]: Updated file-hasher based on watched changes, recomputing project graph...
[NX Daemon Server] - 2024-07-14T22:28:47.038Z - Time taken for 'hash changed files from watcher' 6.968899995088577ms
[NX Daemon Server] - 2024-07-14T22:28:47.093Z - [WATCHER]: 0 file(s) created or restored, 2 file(s) modified, 0 file(s) deleted
[NX Daemon Server] - 2024-07-14T22:28:53.524Z - [REQUEST]: Updated file-hasher based on watched changes, recomputing project graph...
[NX Daemon Server] - 2024-07-14T22:28:53.555Z - Time taken for 'hash changed files from watcher' 6.6026999950408936ms
[NX Daemon Server] - 2024-07-14T22:28:53.614Z - [WATCHER]: 0 file(s) created or restored, 2 file(s) modified, 0 file(s) deleted
[NX Daemon Server] - 2024-07-14T22:29:00.044Z - [REQUEST]: Updated file-hasher based on watched changes, recomputing project graph...
[NX Daemon Server] - 2024-07-14T22:29:00.073Z - Time taken for 'hash changed files from watcher' 8.320800006389618ms
[NX Daemon Server] - 2024-07-14T22:29:00.132Z - [WATCHER]: 0 file(s) created or restored, 2 file(s) modified, 0 file(s) deleted
[NX Daemon Server] - 2024-07-14T22:29:06.559Z - [REQUEST]: Updated file-hasher based on watched changes, recomputing project graph...
[NX Daemon Server] - 2024-07-14T22:29:06.590Z - Time taken for 'hash changed files from watcher' 6.614399999380112ms
[NX Daemon Server] - 2024-07-14T22:29:06.649Z - [WATCHER]: 0 file(s) created or restored, 2 file(s) modified, 0 file(s) deleted
[NX Daemon Server] - 2024-07-14T22:29:13.087Z - [REQUEST]: Updated file-hasher based on watched changes, recomputing project graph...
[NX Daemon Server] - 2024-07-14T22:29:13.117Z - Time taken for 'hash changed files from watcher' 6.715000003576279ms
[NX Daemon Server] - 2024-07-14T22:29:13.175Z - [WATCHER]: 0 file(s) created or restored, 2 file(s) modified, 0 file(s) deleted
[NX Daemon Server] - 2024-07-14T22:29:19.600Z - [REQUEST]: Updated file-hasher based on watched changes, recomputing project graph...
[NX Daemon Server] - 2024-07-14T22:29:19.636Z - Time taken for 'hash changed files from watcher' 8.831799998879433ms
[NX Daemon Server] - 2024-07-14T22:29:19.701Z - [WATCHER]: 0 file(s) created or restored, 2 file(s) modified, 0 file(s) deleted
[NX Daemon Server] - 2024-07-14T22:29:26.136Z - [REQUEST]: Updated file-hasher based on watched changes, recomputing project graph...
[NX Daemon Server] - 2024-07-14T22:29:26.166Z - Time taken for 'hash changed files from watcher' 6.69590000808239ms
[NX Daemon Server] - 2024-07-14T22:29:26.225Z - [WATCHER]: 0 file(s) created or restored, 2 file(s) modified, 0 file(s) deleted
[NX Daemon Server] - 2024-07-14T22:29:32.651Z - [REQUEST]: Updated file-hasher based on watched changes, recomputing project graph...
[NX Daemon Server] - 2024-07-14T22:29:32.681Z - Time taken for 'hash changed files from watcher' 6.638799995183945ms
[NX Daemon Server] - 2024-07-14T22:29:32.740Z - [WATCHER]: 0 file(s) created or restored, 2 file(s) modified, 0 file(s) deleted
[NX Daemon Server] - 2024-07-14T22:29:39.167Z - [REQUEST]: Updated file-hasher based on watched changes, recomputing project graph...
[NX Daemon Server] - 2024-07-14T22:29:39.197Z - Time taken for 'hash changed files from watcher' 7.026799991726875ms
[NX Daemon Server] - 2024-07-14T22:29:39.255Z - [WATCHER]: 0 file(s) created or restored, 2 file(s) modified, 0 file(s) deleted
[NX Daemon Server] - 2024-07-14T22:29:45.688Z - [REQUEST]: Updated file-hasher based on watched changes, recomputing project graph...
[NX Daemon Server] - 2024-07-14T22:29:45.717Z - Time taken for 'hash changed files from watcher' 6.101700007915497ms
[NX Daemon Server] - 2024-07-14T22:29:45.778Z - [WATCHER]: 0 file(s) created or restored, 2 file(s) modified, 0 file(s) deleted
[NX Daemon Server] - 2024-07-14T22:29:52.205Z - [REQUEST]: Updated file-hasher based on watched changes, recomputing project graph...
[NX Daemon Server] - 2024-07-14T22:29:52.234Z - Time taken for 'hash changed files from watcher' 6.844200000166893ms
[NX Daemon Server] - 2024-07-14T22:29:52.294Z - [WATCHER]: 0 file(s) created or restored, 2 file(s) modified, 0 file(s) deleted
[NX Daemon Server] - 2024-07-14T22:29:58.732Z - [REQUEST]: Updated file-hasher based on watched changes, recomputing project graph...
[NX Daemon Server] - 2024-07-14T22:29:58.762Z - Time taken for 'hash changed files from watcher' 9.500600010156631ms
[NX Daemon Server] - 2024-07-14T22:29:58.818Z - [WATCHER]: 0 file(s) created or restored, 2 file(s) modified, 0 file(s) deleted
[NX Daemon Server] - 2024-07-14T22:30:05.253Z - [REQUEST]: Updated file-hasher based on watched changes, recomputing project graph...
[NX Daemon Server] - 2024-07-14T22:30:05.283Z - Time taken for 'hash changed files from watcher' 6.254700005054474ms
[NX Daemon Server] - 2024-07-14T22:30:05.343Z - [WATCHER]: 0 file(s) created or restored, 2 file(s) modified, 0 file(s) deleted
[NX Daemon Server] - 2024-07-14T22:30:11.776Z - [REQUEST]: Updated file-hasher based on watched changes, recomputing project graph...
[NX Daemon Server] - 2024-07-14T22:30:11.806Z - Time taken for 'hash changed files from watcher' 7.311700001358986ms
[NX Daemon Server] - 2024-07-14T22:30:11.863Z - [WATCHER]: 0 file(s) created or restored, 2 file(s) modified, 0 file(s) deleted
[NX Daemon Server] - 2024-07-14T22:30:18.292Z - [REQUEST]: Updated file-hasher based on watched changes, recomputing project graph...
[NX Daemon Server] - 2024-07-14T22:30:18.327Z - Time taken for 'hash changed files from watcher' 6.88230000436306ms
[NX Daemon Server] - 2024-07-14T22:30:18.381Z - [WATCHER]: 0 file(s) created or restored, 2 file(s) modified, 0 file(s) deleted
[NX Daemon Server] - 2024-07-14T22:30:24.816Z - [REQUEST]: Updated file-hasher based on watched changes, recomputing project graph...
[NX Daemon Server] - 2024-07-14T22:30:24.847Z - Time taken for 'hash changed files from watcher' 6.541799992322922ms
[NX Daemon Server] - 2024-07-14T22:30:24.905Z - [WATCHER]: 0 file(s) created or restored, 2 file(s) modified, 0 file(s) deleted
[NX Daemon Server] - 2024-07-14T22:30:31.338Z - [REQUEST]: Updated file-hasher based on watched changes, recomputing project graph...
[NX Daemon Server] - 2024-07-14T22:30:31.367Z - Time taken for 'hash changed files from watcher' 6.25059999525547ms
[NX Daemon Server] - 2024-07-14T22:30:31.428Z - [WATCHER]: 0 file(s) created or restored, 2 file(s) modified, 0 file(s) deleted
[NX Daemon Server] - 2024-07-14T22:30:37.852Z - [REQUEST]: Updated file-hasher based on watched changes, recomputing project graph...
[NX Daemon Server] - 2024-07-14T22:30:37.882Z - Time taken for 'hash changed files from watcher' 7.122000008821487ms
[NX Daemon Server] - 2024-07-14T22:30:37.941Z - [WATCHER]: 0 file(s) created or restored, 2 file(s) modified, 0 file(s) deleted
[NX Daemon Server] - 2024-07-14T22:30:44.364Z - [REQUEST]: Updated file-hasher based on watched changes, recomputing project graph...
[NX Daemon Server] - 2024-07-14T22:30:44.394Z - Time taken for 'hash changed files from watcher' 6.760600000619888ms
[NX Daemon Server] - 2024-07-14T22:30:44.453Z - [WATCHER]: 0 file(s) created or restored, 2 file(s) modified, 0 file(s) deleted
[NX Daemon Server] - 2024-07-14T22:30:50.880Z - [REQUEST]: Updated file-hasher based on watched changes, recomputing project graph...
[NX Daemon Server] - 2024-07-14T22:30:50.911Z - Time taken for 'hash changed files from watcher' 6.463899999856949ms
[NX Daemon Server] - 2024-07-14T22:30:50.969Z - [WATCHER]: 0 file(s) created or restored, 2 file(s) modified, 0 file(s) deleted
[NX Daemon Server] - 2024-07-14T22:30:57.405Z - [REQUEST]: Updated file-hasher based on watched changes, recomputing project graph...
[NX Daemon Server] - 2024-07-14T22:30:57.435Z - Time taken for 'hash changed files from watcher' 8.81980000436306ms
[NX Daemon Server] - 2024-07-14T22:30:57.493Z - [WATCHER]: 0 file(s) created or restored, 2 file(s) modified, 0 file(s) deleted
[NX Daemon Server] - 2024-07-14T22:31:03.925Z - [REQUEST]: Updated file-hasher based on watched changes, recomputing project graph...
[NX Daemon Server] - 2024-07-14T22:31:03.955Z - Time taken for 'hash changed files from watcher' 6.9009000062942505ms
[NX Daemon Server] - 2024-07-14T22:31:04.014Z - [WATCHER]: 0 file(s) created or restored, 2 file(s) modified, 0 file(s) deleted
[NX Daemon Server] - 2024-07-14T22:31:10.451Z - [REQUEST]: Updated file-hasher based on watched changes, recomputing project graph...
[NX Daemon Server] - 2024-07-14T22:31:10.479Z - Time taken for 'hash changed files from watcher' 6.530699998140335ms
[NX Daemon Server] - 2024-07-14T22:31:10.540Z - [WATCHER]: 0 file(s) created or restored, 2 file(s) modified, 0 file(s) deleted
[NX Daemon Server] - 2024-07-14T22:31:16.968Z - [REQUEST]: Updated file-hasher based on watched changes, recomputing project graph...
[NX Daemon Server] - 2024-07-14T22:31:16.997Z - Time taken for 'hash changed files from watcher' 6.612199991941452ms
[NX Daemon Server] - 2024-07-14T22:31:17.057Z - [WATCHER]: 0 file(s) created or restored, 2 file(s) modified, 0 file(s) deleted
[NX Daemon Server] - 2024-07-14T22:31:23.490Z - [REQUEST]: Updated file-hasher based on watched changes, recomputing project graph...
[NX Daemon Server] - 2024-07-14T22:31:23.520Z - Time taken for 'hash changed files from watcher' 7.0411999970674515ms
[NX Daemon Server] - 2024-07-14T22:31:23.579Z - [WATCHER]: 0 file(s) created or restored, 2 file(s) modified, 0 file(s) deleted
[NX Daemon Server] - 2024-07-14T22:31:30.016Z - [REQUEST]: Updated file-hasher based on watched changes, recomputing project graph...
[NX Daemon Server] - 2024-07-14T22:31:30.046Z - Time taken for 'hash changed files from watcher' 6.603500008583069ms
[NX Daemon Server] - 2024-07-14T22:31:30.105Z - [WATCHER]: 0 file(s) created or restored, 2 file(s) modified, 0 file(s) deleted
[NX Daemon Server] - 2024-07-14T22:31:36.532Z - [REQUEST]: Updated file-hasher based on watched changes, recomputing project graph...
[NX Daemon Server] - 2024-07-14T22:31:36.562Z - Time taken for 'hash changed files from watcher' 6.691399991512299ms
[NX Daemon Server] - 2024-07-14T22:31:36.621Z - [WATCHER]: 0 file(s) created or restored, 2 file(s) modified, 0 file(s) deleted
[NX Daemon Server] - 2024-07-14T22:31:43.048Z - [REQUEST]: Updated file-hasher based on watched changes, recomputing project graph...
[NX Daemon Server] - 2024-07-14T22:31:43.079Z - Time taken for 'hash changed files from watcher' 6.615099996328354ms
[NX Daemon Server] - 2024-07-14T22:31:43.137Z - [WATCHER]: 0 file(s) created or restored, 2 file(s) modified, 0 file(s) deleted
[NX Daemon Server] - 2024-07-14T22:31:49.566Z - [REQUEST]: Updated file-hasher based on watched changes, recomputing project graph...
[NX Daemon Server] - 2024-07-14T22:31:49.596Z - Time taken for 'hash changed files from watcher' 6.977400004863739ms
[NX Daemon Server] - 2024-07-14T22:31:49.655Z - [WATCHER]: 0 file(s) created or restored, 2 file(s) modified, 0 file(s) deleted
[NX Daemon Server] - 2024-07-14T22:31:56.083Z - [REQUEST]: Updated file-hasher based on watched changes, recomputing project graph...
[NX Daemon Server] - 2024-07-14T22:31:56.116Z - Time taken for 'hash changed files from watcher' 6.564099997282028ms
[NX Daemon Server] - 2024-07-14T22:31:56.171Z - [WATCHER]: 0 file(s) created or restored, 2 file(s) modified, 0 file(s) deleted
[NX Daemon Server] - 2024-07-14T22:32:02.611Z - [REQUEST]: Updated file-hasher based on watched changes, recomputing project graph...
[NX Daemon Server] - 2024-07-14T22:32:02.644Z - Time taken for 'hash changed files from watcher' 9.456599995493889ms
[NX Daemon Server] - 2024-07-14T22:32:02.697Z - [WATCHER]: 0 file(s) created or restored, 2 file(s) modified, 0 file(s) deleted
[NX Daemon Server] - 2024-07-14T22:32:09.133Z - [REQUEST]: Updated file-hasher based on watched changes, recomputing project graph...
[NX Daemon Server] - 2024-07-14T22:32:09.163Z - Time taken for 'hash changed files from watcher' 7.7322999984025955ms
[NX Daemon Server] - 2024-07-14T22:32:09.220Z - [WATCHER]: 0 file(s) created or restored, 2 file(s) modified, 0 file(s) deleted
[NX Daemon Server] - 2024-07-14T22:32:15.643Z - [REQUEST]: Updated file-hasher based on watched changes, recomputing project graph...
[NX Daemon Server] - 2024-07-14T22:32:15.672Z - Time taken for 'hash changed files from watcher' 6.741099998354912ms
[NX Daemon Server] - 2024-07-14T22:32:15.732Z - [WATCHER]: 0 file(s) created or restored, 2 file(s) modified, 0 file(s) deleted
[NX Daemon Server] - 2024-07-14T22:32:22.156Z - [REQUEST]: Updated file-hasher based on watched changes, recomputing project graph...
[NX Daemon Server] - 2024-07-14T22:32:22.185Z - Time taken for 'hash changed files from watcher' 6.629599988460541ms
[NX Daemon Server] - 2024-07-14T22:32:22.244Z - [WATCHER]: 0 file(s) created or restored, 2 file(s) modified, 0 file(s) deleted
[NX Daemon Server] - 2024-07-14T22:32:28.676Z - [REQUEST]: Updated file-hasher based on watched changes, recomputing project graph...
[NX Daemon Server] - 2024-07-14T22:32:28.708Z - Time taken for 'hash changed files from watcher' 7.236500009894371ms
[NX Daemon Server] - 2024-07-14T22:32:28.764Z - [WATCHER]: 0 file(s) created or restored, 2 file(s) modified, 0 file(s) deleted
[NX Daemon Server] - 2024-07-14T22:32:35.202Z - [REQUEST]: Updated file-hasher based on watched changes, recomputing project graph...
[NX Daemon Server] - 2024-07-14T22:32:35.231Z - Time taken for 'hash changed files from watcher' 6.463599994778633ms
[NX Daemon Server] - 2024-07-14T22:32:35.292Z - [WATCHER]: 0 file(s) created or restored, 2 file(s) modified, 0 file(s) deleted
[NX Daemon Server] - 2024-07-14T22:32:41.726Z - [REQUEST]: Updated file-hasher based on watched changes, recomputing project graph...
[NX Daemon Server] - 2024-07-14T22:32:41.755Z - Time taken for 'hash changed files from watcher' 6.625300005078316ms
[NX Daemon Server] - 2024-07-14T22:32:41.814Z - [WATCHER]: 0 file(s) created or restored, 2 file(s) modified, 0 file(s) deleted
[NX Daemon Server] - 2024-07-14T22:32:48.240Z - [REQUEST]: Updated file-hasher based on watched changes, recomputing project graph...
[NX Daemon Server] - 2024-07-14T22:32:48.270Z - Time taken for 'hash changed files from watcher' 6.451199993491173ms
[NX Daemon Server] - 2024-07-14T22:32:48.329Z - [WATCHER]: 0 file(s) created or restored, 2 file(s) modified, 0 file(s) deleted
[NX Daemon Server] - 2024-07-14T22:32:54.758Z - [REQUEST]: Updated file-hasher based on watched changes, recomputing project graph...
[NX Daemon Server] - 2024-07-14T22:32:54.787Z - Time taken for 'hash changed files from watcher' 6.5848000049591064ms
[NX Daemon Server] - 2024-07-14T22:32:54.845Z - [WATCHER]: 0 file(s) created or restored, 2 file(s) modified, 0 file(s) deleted
[NX Daemon Server] - 2024-07-14T22:33:01.279Z - [REQUEST]: Updated file-hasher based on watched changes, recomputing project graph...
[NX Daemon Server] - 2024-07-14T22:33:01.308Z - Time taken for 'hash changed files from watcher' 7.405799999833107ms
[NX Daemon Server] - 2024-07-14T22:33:01.369Z - [WATCHER]: 0 file(s) created or restored, 2 file(s) modified, 0 file(s) deleted
[NX Daemon Server] - 2024-07-14T22:33:07.799Z - [REQUEST]: Updated file-hasher based on watched changes, recomputing project graph...
[NX Daemon Server] - 2024-07-14T22:33:07.829Z - Time taken for 'hash changed files from watcher' 6.631099998950958ms
[NX Daemon Server] - 2024-07-14T22:33:07.889Z - [WATCHER]: 0 file(s) created or restored, 2 file(s) modified, 0 file(s) deleted
[NX Daemon Server] - 2024-07-14T22:33:14.315Z - [REQUEST]: Updated file-hasher based on watched changes, recomputing project graph...
[NX Daemon Server] - 2024-07-14T22:33:14.347Z - Time taken for 'hash changed files from watcher' 7.830299988389015ms
[NX Daemon Server] - 2024-07-14T22:33:14.403Z - [WATCHER]: 0 file(s) created or restored, 2 file(s) modified, 0 file(s) deleted
[NX Daemon Server] - 2024-07-14T22:33:20.831Z - [REQUEST]: Updated file-hasher based on watched changes, recomputing project graph...
[NX Daemon Server] - 2024-07-14T22:33:20.861Z - Time taken for 'hash changed files from watcher' 6.31810000538826ms
[NX Daemon Server] - 2024-07-14T22:33:20.921Z - [WATCHER]: 0 file(s) created or restored, 2 file(s) modified, 0 file(s) deleted
[NX Daemon Server] - 2024-07-14T22:33:27.352Z - [REQUEST]: Updated file-hasher based on watched changes, recomputing project graph...
[NX Daemon Server] - 2024-07-14T22:33:27.382Z - Time taken for 'hash changed files from watcher' 6.883300006389618ms
[NX Daemon Server] - 2024-07-14T22:33:27.442Z - [WATCHER]: 0 file(s) created or restored, 2 file(s) modified, 0 file(s) deleted
[NX Daemon Server] - 2024-07-14T22:33:33.878Z - [REQUEST]: Updated file-hasher based on watched changes, recomputing project graph...
[NX Daemon Server] - 2024-07-14T22:33:33.909Z - Time taken for 'hash changed files from watcher' 7.064800009131432ms
[NX Daemon Server] - 2024-07-14T22:33:33.967Z - [WATCHER]: 0 file(s) created or restored, 2 file(s) modified, 0 file(s) deleted
[NX Daemon Server] - 2024-07-14T22:33:40.392Z - [REQUEST]: Updated file-hasher based on watched changes, recomputing project graph...
[NX Daemon Server] - 2024-07-14T22:33:40.421Z - Time taken for 'hash changed files from watcher' 6.642499998211861ms
[NX Daemon Server] - 2024-07-14T22:33:40.481Z - [WATCHER]: 0 file(s) created or restored, 2 file(s) modified, 0 file(s) deleted
[NX Daemon Server] - 2024-07-14T22:33:46.915Z - [REQUEST]: Updated file-hasher based on watched changes, recomputing project graph...
[NX Daemon Server] - 2024-07-14T22:33:46.946Z - Time taken for 'hash changed files from watcher' 6.711999997496605ms
[NX Daemon Server] - 2024-07-14T22:33:47.003Z - [WATCHER]: 0 file(s) created or restored, 2 file(s) modified, 0 file(s) deleted
[NX Daemon Server] - 2024-07-14T22:33:53.430Z - [REQUEST]: Updated file-hasher based on watched changes, recomputing project graph...
[NX Daemon Server] - 2024-07-14T22:33:53.459Z - Time taken for 'hash changed files from watcher' 7.1090999990701675ms
[NX Daemon Server] - 2024-07-14T22:33:53.519Z - [WATCHER]: 0 file(s) created or restored, 2 file(s) modified, 0 file(s) deleted
[NX Daemon Server] - 2024-07-14T22:33:59.950Z - [REQUEST]: Updated file-hasher based on watched changes, recomputing project graph...
[NX Daemon Server] - 2024-07-14T22:33:59.980Z - Time taken for 'hash changed files from watcher' 8.079199999570847ms
[NX Daemon Server] - 2024-07-14T22:34:00.038Z - [WATCHER]: 0 file(s) created or restored, 2 file(s) modified, 0 file(s) deleted
[NX Daemon Server] - 2024-07-14T22:34:06.475Z - [REQUEST]: Updated file-hasher based on watched changes, recomputing project graph...
[NX Daemon Server] - 2024-07-14T22:34:06.505Z - Time taken for 'hash changed files from watcher' 6.4215999990701675ms
[NX Daemon Server] - 2024-07-14T22:34:06.565Z - [WATCHER]: 0 file(s) created or restored, 2 file(s) modified, 0 file(s) deleted
[NX Daemon Server] - 2024-07-14T22:34:12.991Z - [REQUEST]: Updated file-hasher based on watched changes, recomputing project graph...
[NX Daemon Server] - 2024-07-14T22:34:13.021Z - Time taken for 'hash changed files from watcher' 6.718799993395805ms
[NX Daemon Server] - 2024-07-14T22:34:13.080Z - [WATCHER]: 0 file(s) created or restored, 2 file(s) modified, 0 file(s) deleted
[NX Daemon Server] - 2024-07-14T22:34:19.508Z - [REQUEST]: Updated file-hasher based on watched changes, recomputing project graph...
[NX Daemon Server] - 2024-07-14T22:34:19.539Z - Time taken for 'hash changed files from watcher' 6.611800000071526ms
[NX Daemon Server] - 2024-07-14T22:34:19.598Z - [WATCHER]: 0 file(s) created or restored, 2 file(s) modified, 0 file(s) deleted
[NX Daemon Server] - 2024-07-14T22:34:26.033Z - [REQUEST]: Updated file-hasher based on watched changes, recomputing project graph...
[NX Daemon Server] - 2024-07-14T22:34:26.062Z - Time taken for 'hash changed files from watcher' 6.267199993133545ms
[NX Daemon Server] - 2024-07-14T22:34:26.123Z - [WATCHER]: 0 file(s) created or restored, 2 file(s) modified, 0 file(s) deleted
[NX Daemon Server] - 2024-07-14T22:34:32.559Z - [REQUEST]: Updated file-hasher based on watched changes, recomputing project graph...
[NX Daemon Server] - 2024-07-14T22:34:32.589Z - Time taken for 'hash changed files from watcher' 6.882400006055832ms
[NX Daemon Server] - 2024-07-14T22:34:32.648Z - [WATCHER]: 0 file(s) created or restored, 2 file(s) modified, 0 file(s) deleted
[NX Daemon Server] - 2024-07-14T22:34:39.074Z - [REQUEST]: Updated file-hasher based on watched changes, recomputing project graph...
[NX Daemon Server] - 2024-07-14T22:34:39.104Z - Time taken for 'hash changed files from watcher' 6.537799999117851ms
[NX Daemon Server] - 2024-07-14T22:34:39.163Z - [WATCHER]: 0 file(s) created or restored, 2 file(s) modified, 0 file(s) deleted
[NX Daemon Server] - 2024-07-14T22:34:45.597Z - [REQUEST]: Updated file-hasher based on watched changes, recomputing project graph...
[NX Daemon Server] - 2024-07-14T22:34:45.628Z - Time taken for 'hash changed files from watcher' 6.917400002479553ms
[NX Daemon Server] - 2024-07-14T22:34:45.685Z - [WATCHER]: 0 file(s) created or restored, 2 file(s) modified, 0 file(s) deleted
[NX Daemon Server] - 2024-07-14T22:34:52.111Z - [REQUEST]: Updated file-hasher based on watched changes, recomputing project graph...
[NX Daemon Server] - 2024-07-14T22:34:52.141Z - Time taken for 'hash changed files from watcher' 6.637499988079071ms
[NX Daemon Server] - 2024-07-14T22:34:52.201Z - [WATCHER]: 0 file(s) created or restored, 2 file(s) modified, 0 file(s) deleted
[NX Daemon Server] - 2024-07-14T22:34:58.631Z - [REQUEST]: Updated file-hasher based on watched changes, recomputing project graph...
[NX Daemon Server] - 2024-07-14T22:34:58.661Z - Time taken for 'hash changed files from watcher' 8.464399993419647ms
[NX Daemon Server] - 2024-07-14T22:34:58.718Z - [WATCHER]: 0 file(s) created or restored, 2 file(s) modified, 0 file(s) deleted
[NX Daemon Server] - 2024-07-14T22:35:05.145Z - [REQUEST]: Updated file-hasher based on watched changes, recomputing project graph...
[NX Daemon Server] - 2024-07-14T22:35:05.176Z - Time taken for 'hash changed files from watcher' 6.7423000037670135ms
[NX Daemon Server] - 2024-07-14T22:35:05.234Z - [WATCHER]: 0 file(s) created or restored, 2 file(s) modified, 0 file(s) deleted
[NX Daemon Server] - 2024-07-14T22:35:11.667Z - [REQUEST]: Updated file-hasher based on watched changes, recomputing project graph...
[NX Daemon Server] - 2024-07-14T22:35:11.696Z - Time taken for 'hash changed files from watcher' 6.803800001740456ms
[NX Daemon Server] - 2024-07-14T22:35:11.757Z - [WATCHER]: 0 file(s) created or restored, 2 file(s) modified, 0 file(s) deleted
[NX Daemon Server] - 2024-07-14T22:35:18.194Z - [REQUEST]: Updated file-hasher based on watched changes, recomputing project graph...
[NX Daemon Server] - 2024-07-14T22:35:18.229Z - Time taken for 'hash changed files from watcher' 7.480999991297722ms
[NX Daemon Server] - 2024-07-14T22:35:18.295Z - [WATCHER]: 0 file(s) created or restored, 2 file(s) modified, 0 file(s) deleted
[NX Daemon Server] - 2024-07-14T22:35:24.724Z - [REQUEST]: Updated file-hasher based on watched changes, recomputing project graph...
[NX Daemon Server] - 2024-07-14T22:35:24.757Z - Time taken for 'hash changed files from watcher' 7.191699996590614ms
[NX Daemon Server] - 2024-07-14T22:35:24.811Z - [WATCHER]: 0 file(s) created or restored, 2 file(s) modified, 0 file(s) deleted
[NX Daemon Server] - 2024-07-14T22:35:31.245Z - [REQUEST]: Updated file-hasher based on watched changes, recomputing project graph...
[NX Daemon Server] - 2024-07-14T22:35:31.275Z - Time taken for 'hash changed files from watcher' 6.3108000010252ms
[NX Daemon Server] - 2024-07-14T22:35:31.334Z - [WATCHER]: 0 file(s) created or restored, 2 file(s) modified, 0 file(s) deleted
[NX Daemon Server] - 2024-07-14T22:35:37.760Z - [REQUEST]: Updated file-hasher based on watched changes, recomputing project graph...
[NX Daemon Server] - 2024-07-14T22:35:37.790Z - Time taken for 'hash changed files from watcher' 6.594500005245209ms
[NX Daemon Server] - 2024-07-14T22:35:37.848Z - [WATCHER]: 0 file(s) created or restored, 2 file(s) modified, 0 file(s) deleted
[NX Daemon Server] - 2024-07-14T22:35:44.285Z - [REQUEST]: Updated file-hasher based on watched changes, recomputing project graph...
[NX Daemon Server] - 2024-07-14T22:35:44.315Z - Time taken for 'hash changed files from watcher' 7.183100000023842ms
[NX Daemon Server] - 2024-07-14T22:35:44.373Z - [WATCHER]: 0 file(s) created or restored, 2 file(s) modified, 0 file(s) deleted
[NX Daemon Server] - 2024-07-14T22:35:50.809Z - [REQUEST]: Updated file-hasher based on watched changes, recomputing project graph...
[NX Daemon Server] - 2024-07-14T22:35:50.839Z - Time taken for 'hash changed files from watcher' 6.951300010085106ms
[NX Daemon Server] - 2024-07-14T22:35:50.898Z - [WATCHER]: 0 file(s) created or restored, 2 file(s) modified, 0 file(s) deleted
[NX Daemon Server] - 2024-07-14T22:35:57.324Z - [REQUEST]: Updated file-hasher based on watched changes, recomputing project graph...
[NX Daemon Server] - 2024-07-14T22:35:57.357Z - Time taken for 'hash changed files from watcher' 8.477400004863739ms
[NX Daemon Server] - 2024-07-14T22:35:57.411Z - [WATCHER]: 0 file(s) created or restored, 2 file(s) modified, 0 file(s) deleted
[NX Daemon Server] - 2024-07-14T22:36:03.845Z - [REQUEST]: Updated file-hasher based on watched changes, recomputing project graph...
[NX Daemon Server] - 2024-07-14T22:36:03.874Z - Time taken for 'hash changed files from watcher' 6.981100007891655ms
[NX Daemon Server] - 2024-07-14T22:36:03.934Z - [WATCHER]: 0 file(s) created or restored, 2 file(s) modified, 0 file(s) deleted
[NX Daemon Server] - 2024-07-14T22:36:10.364Z - [REQUEST]: Updated file-hasher based on watched changes, recomputing project graph...
[NX Daemon Server] - 2024-07-14T22:36:10.394Z - Time taken for 'hash changed files from watcher' 7.068199992179871ms
[NX Daemon Server] - 2024-07-14T22:36:10.452Z - [WATCHER]: 0 file(s) created or restored, 2 file(s) modified, 0 file(s) deleted
[NX Daemon Server] - 2024-07-14T22:36:16.876Z - [REQUEST]: Updated file-hasher based on watched changes, recomputing project graph...
[NX Daemon Server] - 2024-07-14T22:36:16.906Z - Time taken for 'hash changed files from watcher' 6.4206999987363815ms
[NX Daemon Server] - 2024-07-14T22:36:16.964Z - [WATCHER]: 0 file(s) created or restored, 2 file(s) modified, 0 file(s) deleted
[NX Daemon Server] - 2024-07-14T22:36:23.401Z - [REQUEST]: Updated file-hasher based on watched changes, recomputing project graph...
[NX Daemon Server] - 2024-07-14T22:36:23.432Z - Time taken for 'hash changed files from watcher' 6.639499992132187ms
[NX Daemon Server] - 2024-07-14T22:36:23.491Z - [WATCHER]: 0 file(s) created or restored, 2 file(s) modified, 0 file(s) deleted
[NX Daemon Server] - 2024-07-14T22:36:29.918Z - [REQUEST]: Updated file-hasher based on watched changes, recomputing project graph...
[NX Daemon Server] - 2024-07-14T22:36:29.950Z - Time taken for 'hash changed files from watcher' 6.642899990081787ms
[NX Daemon Server] - 2024-07-14T22:36:30.008Z - [WATCHER]: 0 file(s) created or restored, 2 file(s) modified, 0 file(s) deleted
[NX Daemon Server] - 2024-07-14T22:36:36.430Z - [REQUEST]: Updated file-hasher based on watched changes, recomputing project graph...
[NX Daemon Server] - 2024-07-14T22:36:36.461Z - Time taken for 'hash changed files from watcher' 6.484699994325638ms
[NX Daemon Server] - 2024-07-14T22:36:36.520Z - [WATCHER]: 0 file(s) created or restored, 2 file(s) modified, 0 file(s) deleted
[NX Daemon Server] - 2024-07-14T22:36:42.949Z - [REQUEST]: Updated file-hasher based on watched changes, recomputing project graph...
[NX Daemon Server] - 2024-07-14T22:36:42.979Z - Time taken for 'hash changed files from watcher' 6.801899999380112ms
[NX Daemon Server] - 2024-07-14T22:36:43.038Z - [WATCHER]: 0 file(s) created or restored, 2 file(s) modified, 0 file(s) deleted
[NX Daemon Server] - 2024-07-14T22:36:49.461Z - [REQUEST]: Updated file-hasher based on watched changes, recomputing project graph...
[NX Daemon Server] - 2024-07-14T22:36:49.491Z - Time taken for 'hash changed files from watcher' 6.848200008273125ms
[NX Daemon Server] - 2024-07-14T22:36:49.550Z - [WATCHER]: 0 file(s) created or restored, 2 file(s) modified, 0 file(s) deleted
[NX Daemon Server] - 2024-07-14T22:36:55.985Z - [REQUEST]: Updated file-hasher based on watched changes, recomputing project graph...
[NX Daemon Server] - 2024-07-14T22:36:56.015Z - Time taken for 'hash changed files from watcher' 6.609400004148483ms
[NX Daemon Server] - 2024-07-14T22:36:56.075Z - [WATCHER]: 0 file(s) created or restored, 2 file(s) modified, 0 file(s) deleted
[NX Daemon Server] - 2024-07-14T22:37:02.503Z - [REQUEST]: Updated file-hasher based on watched changes, recomputing project graph...
[NX Daemon Server] - 2024-07-14T22:37:02.532Z - Time taken for 'hash changed files from watcher' 7.892599999904633ms
[NX Daemon Server] - 2024-07-14T22:37:02.590Z - [WATCHER]: 0 file(s) created or restored, 2 file(s) modified, 0 file(s) deleted
[NX Daemon Server] - 2024-07-14T22:37:09.026Z - [REQUEST]: Updated file-hasher based on watched changes, recomputing project graph...
[NX Daemon Server] - 2024-07-14T22:37:09.055Z - Time taken for 'hash changed files from watcher' 6.735699996352196ms
[NX Daemon Server] - 2024-07-14T22:37:09.115Z - [WATCHER]: 0 file(s) created or restored, 2 file(s) modified, 0 file(s) deleted
[NX Daemon Server] - 2024-07-14T22:37:15.542Z - [REQUEST]: Updated file-hasher based on watched changes, recomputing project graph...
[NX Daemon Server] - 2024-07-14T22:37:15.572Z - Time taken for 'hash changed files from watcher' 6.947200000286102ms
[NX Daemon Server] - 2024-07-14T22:37:15.631Z - [WATCHER]: 0 file(s) created or restored, 2 file(s) modified, 0 file(s) deleted
[NX Daemon Server] - 2024-07-14T22:37:22.069Z - [REQUEST]: Updated file-hasher based on watched changes, recomputing project graph...
[NX Daemon Server] - 2024-07-14T22:37:22.097Z - Time taken for 'hash changed files from watcher' 6.911400005221367ms
[NX Daemon Server] - 2024-07-14T22:37:22.157Z - [WATCHER]: 0 file(s) created or restored, 2 file(s) modified, 0 file(s) deleted
[NX Daemon Server] - 2024-07-14T22:37:28.588Z - [REQUEST]: Updated file-hasher based on watched changes, recomputing project graph...
[NX Daemon Server] - 2024-07-14T22:37:28.618Z - Time taken for 'hash changed files from watcher' 6.4534000009298325ms
[NX Daemon Server] - 2024-07-14T22:37:28.678Z - [WATCHER]: 0 file(s) created or restored, 2 file(s) modified, 0 file(s) deleted
[NX Daemon Server] - 2024-07-14T22:37:35.101Z - [REQUEST]: Updated file-hasher based on watched changes, recomputing project graph...
[NX Daemon Server] - 2024-07-14T22:37:35.131Z - Time taken for 'hash changed files from watcher' 6.618699997663498ms
[NX Daemon Server] - 2024-07-14T22:37:35.190Z - [WATCHER]: 0 file(s) created or restored, 2 file(s) modified, 0 file(s) deleted
[NX Daemon Server] - 2024-07-14T22:37:41.627Z - [REQUEST]: Updated file-hasher based on watched changes, recomputing project graph...
[NX Daemon Server] - 2024-07-14T22:37:41.657Z - Time taken for 'hash changed files from watcher' 6.272499993443489ms
[NX Daemon Server] - 2024-07-14T22:37:41.716Z - [WATCHER]: 0 file(s) created or restored, 2 file(s) modified, 0 file(s) deleted
[NX Daemon Server] - 2024-07-14T22:37:48.149Z - [REQUEST]: Updated file-hasher based on watched changes, recomputing project graph...
[NX Daemon Server] - 2024-07-14T22:37:48.182Z - Time taken for 'hash changed files from watcher' 7.400199994444847ms
[NX Daemon Server] - 2024-07-14T22:37:48.235Z - [WATCHER]: 0 file(s) created or restored, 2 file(s) modified, 0 file(s) deleted
[NX Daemon Server] - 2024-07-14T22:37:54.658Z - [REQUEST]: Updated file-hasher based on watched changes, recomputing project graph...
[NX Daemon Server] - 2024-07-14T22:37:54.688Z - Time taken for 'hash changed files from watcher' 6.844500005245209ms
[NX Daemon Server] - 2024-07-14T22:37:54.747Z - [WATCHER]: 0 file(s) created or restored, 2 file(s) modified, 0 file(s) deleted
[NX Daemon Server] - 2024-07-14T22:38:01.179Z - [REQUEST]: Updated file-hasher based on watched changes, recomputing project graph...
[NX Daemon Server] - 2024-07-14T22:38:01.209Z - Time taken for 'hash changed files from watcher' 8.008799999952316ms
[NX Daemon Server] - 2024-07-14T22:38:01.266Z - [WATCHER]: 0 file(s) created or restored, 2 file(s) modified, 0 file(s) deleted
[NX Daemon Server] - 2024-07-14T22:38:07.691Z - [REQUEST]: Updated file-hasher based on watched changes, recomputing project graph...
[NX Daemon Server] - 2024-07-14T22:38:07.720Z - Time taken for 'hash changed files from watcher' 6.390300005674362ms
[NX Daemon Server] - 2024-07-14T22:38:07.780Z - [WATCHER]: 0 file(s) created or restored, 2 file(s) modified, 0 file(s) deleted
[NX Daemon Server] - 2024-07-14T22:38:14.208Z - [REQUEST]: Updated file-hasher based on watched changes, recomputing project graph...
[NX Daemon Server] - 2024-07-14T22:38:14.237Z - Time taken for 'hash changed files from watcher' 7.076700001955032ms
[NX Daemon Server] - 2024-07-14T22:38:14.297Z - [WATCHER]: 0 file(s) created or restored, 2 file(s) modified, 0 file(s) deleted
[NX Daemon Server] - 2024-07-14T22:38:20.725Z - [REQUEST]: Updated file-hasher based on watched changes, recomputing project graph...
[NX Daemon Server] - 2024-07-14T22:38:20.756Z - Time taken for 'hash changed files from watcher' 6.766400009393692ms
[NX Daemon Server] - 2024-07-14T22:38:20.814Z - [WATCHER]: 0 file(s) created or restored, 2 file(s) modified, 0 file(s) deleted
[NX Daemon Server] - 2024-07-14T22:38:27.239Z - [REQUEST]: Updated file-hasher based on watched changes, recomputing project graph...
[NX Daemon Server] - 2024-07-14T22:38:27.268Z - Time taken for 'hash changed files from watcher' 6.307599991559982ms
[NX Daemon Server] - 2024-07-14T22:38:27.330Z - [WATCHER]: 0 file(s) created or restored, 2 file(s) modified, 0 file(s) deleted
[NX Daemon Server] - 2024-07-14T22:38:33.763Z - [REQUEST]: Updated file-hasher based on watched changes, recomputing project graph...
[NX Daemon Server] - 2024-07-14T22:38:33.801Z - Time taken for 'hash changed files from watcher' 6.923800006508827ms
[NX Daemon Server] - 2024-07-14T22:38:33.868Z - [WATCHER]: 0 file(s) created or restored, 2 file(s) modified, 0 file(s) deleted
[NX Daemon Server] - 2024-07-14T22:38:40.301Z - [REQUEST]: Updated file-hasher based on watched changes, recomputing project graph...
[NX Daemon Server] - 2024-07-14T22:38:40.334Z - Time taken for 'hash changed files from watcher' 7.646699994802475ms
[NX Daemon Server] - 2024-07-14T22:38:40.388Z - [WATCHER]: 0 file(s) created or restored, 2 file(s) modified, 0 file(s) deleted
[NX Daemon Server] - 2024-07-14T22:38:46.815Z - [REQUEST]: Updated file-hasher based on watched changes, recomputing project graph...
[NX Daemon Server] - 2024-07-14T22:38:46.844Z - Time taken for 'hash changed files from watcher' 7.2974999994039536ms
[NX Daemon Server] - 2024-07-14T22:38:46.903Z - [WATCHER]: 0 file(s) created or restored, 2 file(s) modified, 0 file(s) deleted
[NX Daemon Server] - 2024-07-14T22:38:53.344Z - [REQUEST]: Updated file-hasher based on watched changes, recomputing project graph...
[NX Daemon Server] - 2024-07-14T22:38:53.374Z - Time taken for 'hash changed files from watcher' 7.0628999918699265ms
[NX Daemon Server] - 2024-07-14T22:38:53.430Z - [WATCHER]: 0 file(s) created or restored, 2 file(s) modified, 0 file(s) deleted
[NX Daemon Server] - 2024-07-14T22:38:59.853Z - [REQUEST]: Updated file-hasher based on watched changes, recomputing project graph...
[NX Daemon Server] - 2024-07-14T22:38:59.882Z - Time taken for 'hash changed files from watcher' 8.101700007915497ms
[NX Daemon Server] - 2024-07-14T22:38:59.941Z - [WATCHER]: 0 file(s) created or restored, 2 file(s) modified, 0 file(s) deleted
[NX Daemon Server] - 2024-07-14T22:39:06.378Z - [REQUEST]: Updated file-hasher based on watched changes, recomputing project graph...
[NX Daemon Server] - 2024-07-14T22:39:06.407Z - Time taken for 'hash changed files from watcher' 6.574599996209145ms
[NX Daemon Server] - 2024-07-14T22:39:06.467Z - [WATCHER]: 0 file(s) created or restored, 2 file(s) modified, 0 file(s) deleted
[NX Daemon Server] - 2024-07-14T22:39:12.893Z - [REQUEST]: Updated file-hasher based on watched changes, recomputing project graph...
[NX Daemon Server] - 2024-07-14T22:39:12.923Z - Time taken for 'hash changed files from watcher' 6.317199990153313ms
[NX Daemon Server] - 2024-07-14T22:39:12.982Z - [WATCHER]: 0 file(s) created or restored, 2 file(s) modified, 0 file(s) deleted
[NX Daemon Server] - 2024-07-14T22:39:19.408Z - [REQUEST]: Updated file-hasher based on watched changes, recomputing project graph...
[NX Daemon Server] - 2024-07-14T22:39:19.440Z - Time taken for 'hash changed files from watcher' 6.8302000015974045ms
[NX Daemon Server] - 2024-07-14T22:39:19.496Z - [WATCHER]: 0 file(s) created or restored, 2 file(s) modified, 0 file(s) deleted
[NX Daemon Server] - 2024-07-14T22:39:25.922Z - [REQUEST]: Updated file-hasher based on watched changes, recomputing project graph...
[NX Daemon Server] - 2024-07-14T22:39:25.952Z - Time taken for 'hash changed files from watcher' 6.9670000076293945ms
[NX Daemon Server] - 2024-07-14T22:39:26.012Z - [WATCHER]: 0 file(s) created or restored, 2 file(s) modified, 0 file(s) deleted
[NX Daemon Server] - 2024-07-14T22:39:32.446Z - [REQUEST]: Updated file-hasher based on watched changes, recomputing project graph...
[NX Daemon Server] - 2024-07-14T22:39:32.475Z - Time taken for 'hash changed files from watcher' 6.674899995326996ms
[NX Daemon Server] - 2024-07-14T22:39:32.535Z - [WATCHER]: 0 file(s) created or restored, 2 file(s) modified, 0 file(s) deleted
[NX Daemon Server] - 2024-07-14T22:39:38.959Z - [REQUEST]: Updated file-hasher based on watched changes, recomputing project graph...
[NX Daemon Server] - 2024-07-14T22:39:38.989Z - Time taken for 'hash changed files from watcher' 6.457499995827675ms
[NX Daemon Server] - 2024-07-14T22:39:39.050Z - [WATCHER]: 0 file(s) created or restored, 2 file(s) modified, 0 file(s) deleted
[NX Daemon Server] - 2024-07-14T22:39:45.483Z - [REQUEST]: Updated file-hasher based on watched changes, recomputing project graph...
[NX Daemon Server] - 2024-07-14T22:39:45.513Z - Time taken for 'hash changed files from watcher' 6.341600000858307ms
[NX Daemon Server] - 2024-07-14T22:39:45.573Z - [WATCHER]: 0 file(s) created or restored, 2 file(s) modified, 0 file(s) deleted
[NX Daemon Server] - 2024-07-14T22:39:51.994Z - [REQUEST]: Updated file-hasher based on watched changes, recomputing project graph...
[NX Daemon Server] - 2024-07-14T22:39:52.023Z - Time taken for 'hash changed files from watcher' 6.686599999666214ms
[NX Daemon Server] - 2024-07-14T22:39:52.084Z - [WATCHER]: 0 file(s) created or restored, 2 file(s) modified, 0 file(s) deleted
[NX Daemon Server] - 2024-07-14T22:39:58.516Z - [REQUEST]: Updated file-hasher based on watched changes, recomputing project graph...
[NX Daemon Server] - 2024-07-14T22:39:58.546Z - Time taken for 'hash changed files from watcher' 8.12049999833107ms
[NX Daemon Server] - 2024-07-14T22:39:58.604Z - [WATCHER]: 0 file(s) created or restored, 2 file(s) modified, 0 file(s) deleted
[NX Daemon Server] - 2024-07-14T22:40:05.029Z - [REQUEST]: Updated file-hasher based on watched changes, recomputing project graph...
[NX Daemon Server] - 2024-07-14T22:40:05.059Z - Time taken for 'hash changed files from watcher' 6.5265999883413315ms
[NX Daemon Server] - 2024-07-14T22:40:05.119Z - [WATCHER]: 0 file(s) created or restored, 2 file(s) modified, 0 file(s) deleted
[NX Daemon Server] - 2024-07-14T22:40:11.545Z - [REQUEST]: Updated file-hasher based on watched changes, recomputing project graph...
[NX Daemon Server] - 2024-07-14T22:40:11.574Z - Time taken for 'hash changed files from watcher' 6.68469999730587ms
[NX Daemon Server] - 2024-07-14T22:40:11.634Z - [WATCHER]: 0 file(s) created or restored, 2 file(s) modified, 0 file(s) deleted
[NX Daemon Server] - 2024-07-14T22:40:18.064Z - [REQUEST]: Updated file-hasher based on watched changes, recomputing project graph...
[NX Daemon Server] - 2024-07-14T22:40:18.095Z - Time taken for 'hash changed files from watcher' 6.663199990987778ms
[NX Daemon Server] - 2024-07-14T22:40:18.153Z - [WATCHER]: 0 file(s) created or restored, 2 file(s) modified, 0 file(s) deleted
[NX Daemon Server] - 2024-07-14T22:40:24.584Z - [REQUEST]: Updated file-hasher based on watched changes, recomputing project graph...
[NX Daemon Server] - 2024-07-14T22:40:24.613Z - Time taken for 'hash changed files from watcher' 6.634399995207787ms
[NX Daemon Server] - 2024-07-14T22:40:24.673Z - [WATCHER]: 0 file(s) created or restored, 2 file(s) modified, 0 file(s) deleted
[NX Daemon Server] - 2024-07-14T22:40:31.104Z - [REQUEST]: Updated file-hasher based on watched changes, recomputing project graph...
[NX Daemon Server] - 2024-07-14T22:40:31.134Z - Time taken for 'hash changed files from watcher' 7.209299996495247ms
[NX Daemon Server] - 2024-07-14T22:40:31.192Z - [WATCHER]: 0 file(s) created or restored, 2 file(s) modified, 0 file(s) deleted
[NX Daemon Server] - 2024-07-14T22:40:37.618Z - [REQUEST]: Updated file-hasher based on watched changes, recomputing project graph...
[NX Daemon Server] - 2024-07-14T22:40:37.648Z - Time taken for 'hash changed files from watcher' 6.167300000786781ms
[NX Daemon Server] - 2024-07-14T22:40:37.707Z - [WATCHER]: 0 file(s) created or restored, 2 file(s) modified, 0 file(s) deleted
[NX Daemon Server] - 2024-07-14T22:40:44.144Z - [REQUEST]: Updated file-hasher based on watched changes, recomputing project graph...
[NX Daemon Server] - 2024-07-14T22:40:44.174Z - Time taken for 'hash changed files from watcher' 6.699199989438057ms
[NX Daemon Server] - 2024-07-14T22:40:44.233Z - [WATCHER]: 0 file(s) created or restored, 2 file(s) modified, 0 file(s) deleted
[NX Daemon Server] - 2024-07-14T22:40:50.662Z - [REQUEST]: Updated file-hasher based on watched changes, recomputing project graph...
[NX Daemon Server] - 2024-07-14T22:40:50.694Z - Time taken for 'hash changed files from watcher' 7.0972999930381775ms
[NX Daemon Server] - 2024-07-14T22:40:50.750Z - [WATCHER]: 0 file(s) created or restored, 2 file(s) modified, 0 file(s) deleted
[NX Daemon Server] - 2024-07-14T22:40:57.179Z - [REQUEST]: Updated file-hasher based on watched changes, recomputing project graph...
[NX Daemon Server] - 2024-07-14T22:40:57.208Z - Time taken for 'hash changed files from watcher' 6.400399997830391ms
[NX Daemon Server] - 2024-07-14T22:40:57.268Z - [WATCHER]: 0 file(s) created or restored, 2 file(s) modified, 0 file(s) deleted
[NX Daemon Server] - 2024-07-14T22:41:03.696Z - [REQUEST]: Updated file-hasher based on watched changes, recomputing project graph...
[NX Daemon Server] - 2024-07-14T22:41:03.726Z - Time taken for 'hash changed files from watcher' 7.81980000436306ms
[NX Daemon Server] - 2024-07-14T22:41:03.784Z - [WATCHER]: 0 file(s) created or restored, 2 file(s) modified, 0 file(s) deleted
[NX Daemon Server] - 2024-07-14T22:41:10.210Z - [REQUEST]: Updated file-hasher based on watched changes, recomputing project graph...
[NX Daemon Server] - 2024-07-14T22:41:10.241Z - Time taken for 'hash changed files from watcher' 6.9752000123262405ms
[NX Daemon Server] - 2024-07-14T22:41:10.299Z - [WATCHER]: 0 file(s) created or restored, 2 file(s) modified, 0 file(s) deleted
[NX Daemon Server] - 2024-07-14T22:41:16.734Z - [REQUEST]: Updated file-hasher based on watched changes, recomputing project graph...
[NX Daemon Server] - 2024-07-14T22:41:16.764Z - Time taken for 'hash changed files from watcher' 7.170299991965294ms
[NX Daemon Server] - 2024-07-14T22:41:16.822Z - [WATCHER]: 0 file(s) created or restored, 2 file(s) modified, 0 file(s) deleted
[NX Daemon Server] - 2024-07-14T22:41:23.257Z - [REQUEST]: Updated file-hasher based on watched changes, recomputing project graph...
[NX Daemon Server] - 2024-07-14T22:41:23.286Z - Time taken for 'hash changed files from watcher' 6.967299997806549ms
[NX Daemon Server] - 2024-07-14T22:41:23.345Z - [WATCHER]: 0 file(s) created or restored, 2 file(s) modified, 0 file(s) deleted
[NX Daemon Server] - 2024-07-14T22:41:29.773Z - [REQUEST]: Updated file-hasher based on watched changes, recomputing project graph...
[NX Daemon Server] - 2024-07-14T22:41:29.803Z - Time taken for 'hash changed files from watcher' 7.154399991035461ms
[NX Daemon Server] - 2024-07-14T22:41:29.861Z - [WATCHER]: 0 file(s) created or restored, 2 file(s) modified, 0 file(s) deleted
[NX Daemon Server] - 2024-07-14T22:41:36.297Z - [REQUEST]: Updated file-hasher based on watched changes, recomputing project graph...
[NX Daemon Server] - 2024-07-14T22:41:36.326Z - Time taken for 'hash changed files from watcher' 6.584999993443489ms
[NX Daemon Server] - 2024-07-14T22:41:36.386Z - [WATCHER]: 0 file(s) created or restored, 2 file(s) modified, 0 file(s) deleted
[NX Daemon Server] - 2024-07-14T22:41:42.823Z - [REQUEST]: Updated file-hasher based on watched changes, recomputing project graph...
[NX Daemon Server] - 2024-07-14T22:41:42.852Z - Time taken for 'hash changed files from watcher' 6.542499989271164ms
[NX Daemon Server] - 2024-07-14T22:41:42.912Z - [WATCHER]: 0 file(s) created or restored, 2 file(s) modified, 0 file(s) deleted
[NX Daemon Server] - 2024-07-14T22:41:49.348Z - [REQUEST]: Updated file-hasher based on watched changes, recomputing project graph...
[NX Daemon Server] - 2024-07-14T22:41:49.377Z - Time taken for 'hash changed files from watcher' 6.4822999984025955ms
[NX Daemon Server] - 2024-07-14T22:41:49.439Z - [WATCHER]: 0 file(s) created or restored, 2 file(s) modified, 0 file(s) deleted
[NX Daemon Server] - 2024-07-14T22:41:55.867Z - [REQUEST]: Updated file-hasher based on watched changes, recomputing project graph...
[NX Daemon Server] - 2024-07-14T22:41:55.904Z - Time taken for 'hash changed files from watcher' 6.794400006532669ms
[NX Daemon Server] - 2024-07-14T22:41:56.021Z - [WATCHER]: 0 file(s) created or restored, 2 file(s) modified, 0 file(s) deleted
[NX Daemon Server] - 2024-07-14T22:42:02.458Z - [REQUEST]: Updated file-hasher based on watched changes, recomputing project graph...
[NX Daemon Server] - 2024-07-14T22:42:02.487Z - Time taken for 'hash changed files from watcher' 8.998099997639656ms
[NX Daemon Server] - 2024-07-14T22:42:02.543Z - [WATCHER]: 0 file(s) created or restored, 2 file(s) modified, 0 file(s) deleted
[NX Daemon Server] - 2024-07-14T22:42:08.980Z - [REQUEST]: Updated file-hasher based on watched changes, recomputing project graph...
[NX Daemon Server] - 2024-07-14T22:42:09.010Z - Time taken for 'hash changed files from watcher' 6.872900009155273ms
[NX Daemon Server] - 2024-07-14T22:42:09.067Z - [WATCHER]: 0 file(s) created or restored, 2 file(s) modified, 0 file(s) deleted
[NX Daemon Server] - 2024-07-14T22:42:15.504Z - [REQUEST]: Updated file-hasher based on watched changes, recomputing project graph...
[NX Daemon Server] - 2024-07-14T22:42:15.534Z - Time taken for 'hash changed files from watcher' 6.9634000062942505ms
[NX Daemon Server] - 2024-07-14T22:42:15.593Z - [WATCHER]: 0 file(s) created or restored, 2 file(s) modified, 0 file(s) deleted
[NX Daemon Server] - 2024-07-14T22:42:22.026Z - [REQUEST]: Updated file-hasher based on watched changes, recomputing project graph...
[NX Daemon Server] - 2024-07-14T22:42:22.057Z - Time taken for 'hash changed files from watcher' 7.007799997925758ms
[NX Daemon Server] - 2024-07-14T22:42:22.114Z - [WATCHER]: 0 file(s) created or restored, 2 file(s) modified, 0 file(s) deleted
[NX Daemon Server] - 2024-07-14T22:42:28.545Z - [REQUEST]: Updated file-hasher based on watched changes, recomputing project graph...
[NX Daemon Server] - 2024-07-14T22:42:28.575Z - Time taken for 'hash changed files from watcher' 6.851700007915497ms
[NX Daemon Server] - 2024-07-14T22:42:28.635Z - [WATCHER]: 0 file(s) created or restored, 2 file(s) modified, 0 file(s) deleted
[NX Daemon Server] - 2024-07-14T22:42:35.072Z - [REQUEST]: Updated file-hasher based on watched changes, recomputing project graph...
[NX Daemon Server] - 2024-07-14T22:42:35.103Z - Time taken for 'hash changed files from watcher' 6.974500000476837ms
[NX Daemon Server] - 2024-07-14T22:42:35.161Z - [WATCHER]: 0 file(s) created or restored, 2 file(s) modified, 0 file(s) deleted
[NX Daemon Server] - 2024-07-14T22:42:41.587Z - [REQUEST]: Updated file-hasher based on watched changes, recomputing project graph...
[NX Daemon Server] - 2024-07-14T22:42:41.617Z - Time taken for 'hash changed files from watcher' 6.799799993634224ms
[NX Daemon Server] - 2024-07-14T22:42:41.676Z - [WATCHER]: 0 file(s) created or restored, 2 file(s) modified, 0 file(s) deleted
[NX Daemon Server] - 2024-07-14T22:42:48.101Z - [REQUEST]: Updated file-hasher based on watched changes, recomputing project graph...
[NX Daemon Server] - 2024-07-14T22:42:48.130Z - Time taken for 'hash changed files from watcher' 6.341099992394447ms
[NX Daemon Server] - 2024-07-14T22:42:48.190Z - [WATCHER]: 0 file(s) created or restored, 2 file(s) modified, 0 file(s) deleted
[NX Daemon Server] - 2024-07-14T22:42:54.620Z - [REQUEST]: Updated file-hasher based on watched changes, recomputing project graph...
[NX Daemon Server] - 2024-07-14T22:42:54.649Z - Time taken for 'hash changed files from watcher' 6.498199999332428ms
[NX Daemon Server] - 2024-07-14T22:42:54.709Z - [WATCHER]: 0 file(s) created or restored, 2 file(s) modified, 0 file(s) deleted
[NX Daemon Server] - 2024-07-14T22:43:01.141Z - [REQUEST]: Updated file-hasher based on watched changes, recomputing project graph...
[NX Daemon Server] - 2024-07-14T22:43:01.172Z - Time taken for 'hash changed files from watcher' 8.531900003552437ms
[NX Daemon Server] - 2024-07-14T22:43:01.229Z - [WATCHER]: 0 file(s) created or restored, 2 file(s) modified, 0 file(s) deleted
[NX Daemon Server] - 2024-07-14T22:43:07.665Z - [REQUEST]: Updated file-hasher based on watched changes, recomputing project graph...
[NX Daemon Server] - 2024-07-14T22:43:07.693Z - Time taken for 'hash changed files from watcher' 6.440099999308586ms
[NX Daemon Server] - 2024-07-14T22:43:07.753Z - [WATCHER]: 0 file(s) created or restored, 2 file(s) modified, 0 file(s) deleted
[NX Daemon Server] - 2024-07-14T22:43:14.177Z - [REQUEST]: Updated file-hasher based on watched changes, recomputing project graph...
[NX Daemon Server] - 2024-07-14T22:43:14.206Z - Time taken for 'hash changed files from watcher' 6.670300006866455ms
[NX Daemon Server] - 2024-07-14T22:43:14.266Z - [WATCHER]: 0 file(s) created or restored, 2 file(s) modified, 0 file(s) deleted
[NX Daemon Server] - 2024-07-14T22:43:20.690Z - [REQUEST]: Updated file-hasher based on watched changes, recomputing project graph...
[NX Daemon Server] - 2024-07-14T22:43:20.719Z - Time taken for 'hash changed files from watcher' 6.997899994254112ms
[NX Daemon Server] - 2024-07-14T22:43:20.778Z - [WATCHER]: 0 file(s) created or restored, 2 file(s) modified, 0 file(s) deleted
[NX Daemon Server] - 2024-07-14T22:43:27.208Z - [REQUEST]: Updated file-hasher based on watched changes, recomputing project graph...
[NX Daemon Server] - 2024-07-14T22:43:27.238Z - Time taken for 'hash changed files from watcher' 6.893299996852875ms
[NX Daemon Server] - 2024-07-14T22:43:27.297Z - [WATCHER]: 0 file(s) created or restored, 2 file(s) modified, 0 file(s) deleted
[NX Daemon Server] - 2024-07-14T22:43:33.728Z - [REQUEST]: Updated file-hasher based on watched changes, recomputing project graph...
[NX Daemon Server] - 2024-07-14T22:43:33.757Z - Time taken for 'hash changed files from watcher' 7.379799991846085ms
[NX Daemon Server] - 2024-07-14T22:43:33.817Z - [WATCHER]: 0 file(s) created or restored, 2 file(s) modified, 0 file(s) deleted
[NX Daemon Server] - 2024-07-14T22:43:40.245Z - [REQUEST]: Updated file-hasher based on watched changes, recomputing project graph...
[NX Daemon Server] - 2024-07-14T22:43:40.277Z - Time taken for 'hash changed files from watcher' 6.812099993228912ms
[NX Daemon Server] - 2024-07-14T22:43:40.334Z - [WATCHER]: 0 file(s) created or restored, 2 file(s) modified, 0 file(s) deleted
[NX Daemon Server] - 2024-07-14T22:43:46.769Z - [REQUEST]: Updated file-hasher based on watched changes, recomputing project graph...
[NX Daemon Server] - 2024-07-14T22:43:46.799Z - Time taken for 'hash changed files from watcher' 7.197499990463257ms
[NX Daemon Server] - 2024-07-14T22:43:46.858Z - [WATCHER]: 0 file(s) created or restored, 2 file(s) modified, 0 file(s) deleted
[NX Daemon Server] - 2024-07-14T22:43:53.286Z - [REQUEST]: Updated file-hasher based on watched changes, recomputing project graph...
[NX Daemon Server] - 2024-07-14T22:43:53.318Z - Time taken for 'hash changed files from watcher' 6.520599991083145ms
[NX Daemon Server] - 2024-07-14T22:43:53.376Z - [WATCHER]: 0 file(s) created or restored, 2 file(s) modified, 0 file(s) deleted
[NX Daemon Server] - 2024-07-14T22:43:59.812Z - [REQUEST]: Updated file-hasher based on watched changes, recomputing project graph...
[NX Daemon Server] - 2024-07-14T22:43:59.842Z - Time taken for 'hash changed files from watcher' 8.505500003695488ms
[NX Daemon Server] - 2024-07-14T22:43:59.900Z - [WATCHER]: 0 file(s) created or restored, 2 file(s) modified, 0 file(s) deleted
[NX Daemon Server] - 2024-07-14T22:44:06.336Z - [REQUEST]: Updated file-hasher based on watched changes, recomputing project graph...
[NX Daemon Server] - 2024-07-14T22:44:06.367Z - Time taken for 'hash changed files from watcher' 6.630300000309944ms
[NX Daemon Server] - 2024-07-14T22:44:06.425Z - [WATCHER]: 0 file(s) created or restored, 2 file(s) modified, 0 file(s) deleted
[NX Daemon Server] - 2024-07-14T22:44:12.851Z - [REQUEST]: Updated file-hasher based on watched changes, recomputing project graph...
[NX Daemon Server] - 2024-07-14T22:44:12.880Z - Time taken for 'hash changed files from watcher' 6.186100006103516ms
[NX Daemon Server] - 2024-07-14T22:44:12.940Z - [WATCHER]: 0 file(s) created or restored, 2 file(s) modified, 0 file(s) deleted
[NX Daemon Server] - 2024-07-14T22:44:19.376Z - [REQUEST]: Updated file-hasher based on watched changes, recomputing project graph...
[NX Daemon Server] - 2024-07-14T22:44:19.405Z - Time taken for 'hash changed files from watcher' 6.789800003170967ms
[NX Daemon Server] - 2024-07-14T22:44:19.465Z - [WATCHER]: 0 file(s) created or restored, 2 file(s) modified, 0 file(s) deleted
[NX Daemon Server] - 2024-07-14T22:44:25.888Z - [REQUEST]: Updated file-hasher based on watched changes, recomputing project graph...
[NX Daemon Server] - 2024-07-14T22:44:25.917Z - Time taken for 'hash changed files from watcher' 6.984300002455711ms
[NX Daemon Server] - 2024-07-14T22:44:25.977Z - [WATCHER]: 0 file(s) created or restored, 2 file(s) modified, 0 file(s) deleted
[NX Daemon Server] - 2024-07-14T22:44:32.399Z - [REQUEST]: Updated file-hasher based on watched changes, recomputing project graph...
[NX Daemon Server] - 2024-07-14T22:44:32.428Z - Time taken for 'hash changed files from watcher' 6.605999991297722ms
[NX Daemon Server] - 2024-07-14T22:44:32.488Z - [WATCHER]: 0 file(s) created or restored, 2 file(s) modified, 0 file(s) deleted
[NX Daemon Server] - 2024-07-14T22:44:38.926Z - [REQUEST]: Updated file-hasher based on watched changes, recomputing project graph...
[NX Daemon Server] - 2024-07-14T22:44:38.955Z - Time taken for 'hash changed files from watcher' 6.680999994277954ms
[NX Daemon Server] - 2024-07-14T22:44:39.015Z - [WATCHER]: 0 file(s) created or restored, 2 file(s) modified, 0 file(s) deleted
[NX Daemon Server] - 2024-07-14T22:44:45.450Z - [REQUEST]: Updated file-hasher based on watched changes, recomputing project graph...
[NX Daemon Server] - 2024-07-14T22:44:45.480Z - Time taken for 'hash changed files from watcher' 7.8783999979496ms
[NX Daemon Server] - 2024-07-14T22:44:45.537Z - [WATCHER]: 0 file(s) created or restored, 2 file(s) modified, 0 file(s) deleted
[NX Daemon Server] - 2024-07-14T22:44:51.972Z - [REQUEST]: Updated file-hasher based on watched changes, recomputing project graph...
[NX Daemon Server] - 2024-07-14T22:44:52.001Z - Time taken for 'hash changed files from watcher' 6.562000006437302ms
[NX Daemon Server] - 2024-07-14T22:44:52.062Z - [WATCHER]: 0 file(s) created or restored, 2 file(s) modified, 0 file(s) deleted
[NX Daemon Server] - 2024-07-14T22:44:58.491Z - [REQUEST]: Updated file-hasher based on watched changes, recomputing project graph...
[NX Daemon Server] - 2024-07-14T22:44:58.524Z - Time taken for 'hash changed files from watcher' 8.782399997115135ms
[NX Daemon Server] - 2024-07-14T22:44:58.591Z - [WATCHER]: 0 file(s) created or restored, 2 file(s) modified, 0 file(s) deleted
[NX Daemon Server] - 2024-07-14T22:45:05.031Z - [REQUEST]: Updated file-hasher based on watched changes, recomputing project graph...
[NX Daemon Server] - 2024-07-14T22:45:05.062Z - Time taken for 'hash changed files from watcher' 6.895300000905991ms
[NX Daemon Server] - 2024-07-14T22:45:05.116Z - [WATCHER]: 0 file(s) created or restored, 2 file(s) modified, 0 file(s) deleted
[NX Daemon Server] - 2024-07-14T22:45:11.548Z - [REQUEST]: Updated file-hasher based on watched changes, recomputing project graph...
[NX Daemon Server] - 2024-07-14T22:45:11.577Z - Time taken for 'hash changed files from watcher' 6.717099994421005ms
[NX Daemon Server] - 2024-07-14T22:45:11.637Z - [WATCHER]: 0 file(s) created or restored, 2 file(s) modified, 0 file(s) deleted
[NX Daemon Server] - 2024-07-14T22:45:18.059Z - [REQUEST]: Updated file-hasher based on watched changes, recomputing project graph...
[NX Daemon Server] - 2024-07-14T22:45:18.088Z - Time taken for 'hash changed files from watcher' 6.287699997425079ms
[NX Daemon Server] - 2024-07-14T22:45:18.149Z - [WATCHER]: 0 file(s) created or restored, 2 file(s) modified, 0 file(s) deleted
[NX Daemon Server] - 2024-07-14T22:45:24.586Z - [REQUEST]: Updated file-hasher based on watched changes, recomputing project graph...
[NX Daemon Server] - 2024-07-14T22:45:24.619Z - Time taken for 'hash changed files from watcher' 6.611300006508827ms
[NX Daemon Server] - 2024-07-14T22:45:24.673Z - [WATCHER]: 0 file(s) created or restored, 2 file(s) modified, 0 file(s) deleted
[NX Daemon Server] - 2024-07-14T22:45:31.104Z - [REQUEST]: Updated file-hasher based on watched changes, recomputing project graph...
[NX Daemon Server] - 2024-07-14T22:45:31.135Z - Time taken for 'hash changed files from watcher' 6.679399996995926ms
[NX Daemon Server] - 2024-07-14T22:45:31.193Z - [WATCHER]: 0 file(s) created or restored, 2 file(s) modified, 0 file(s) deleted
[NX Daemon Server] - 2024-07-14T22:45:37.629Z - [REQUEST]: Updated file-hasher based on watched changes, recomputing project graph...
[NX Daemon Server] - 2024-07-14T22:45:37.659Z - Time taken for 'hash changed files from watcher' 7.138899996876717ms
[NX Daemon Server] - 2024-07-14T22:45:37.717Z - [WATCHER]: 0 file(s) created or restored, 2 file(s) modified, 0 file(s) deleted
[NX Daemon Server] - 2024-07-14T22:45:44.145Z - [REQUEST]: Updated file-hasher based on watched changes, recomputing project graph...
[NX Daemon Server] - 2024-07-14T22:45:44.175Z - Time taken for 'hash changed files from watcher' 6.587200000882149ms
[NX Daemon Server] - 2024-07-14T22:45:44.235Z - [WATCHER]: 0 file(s) created or restored, 2 file(s) modified, 0 file(s) deleted
[NX Daemon Server] - 2024-07-14T22:45:50.662Z - [REQUEST]: Updated file-hasher based on watched changes, recomputing project graph...
[NX Daemon Server] - 2024-07-14T22:45:50.692Z - Time taken for 'hash changed files from watcher' 6.646599993109703ms
[NX Daemon Server] - 2024-07-14T22:45:50.751Z - [WATCHER]: 0 file(s) created or restored, 2 file(s) modified, 0 file(s) deleted
[NX Daemon Server] - 2024-07-14T22:45:57.182Z - [REQUEST]: Updated file-hasher based on watched changes, recomputing project graph...
[NX Daemon Server] - 2024-07-14T22:45:57.213Z - Time taken for 'hash changed files from watcher' 6.4932000041008ms
[NX Daemon Server] - 2024-07-14T22:45:57.272Z - [WATCHER]: 0 file(s) created or restored, 2 file(s) modified, 0 file(s) deleted
[NX Daemon Server] - 2024-07-14T22:46:03.706Z - [REQUEST]: Updated file-hasher based on watched changes, recomputing project graph...
[NX Daemon Server] - 2024-07-14T22:46:03.733Z - Time taken for 'hash changed files from watcher' 8.75009998679161ms
[NX Daemon Server] - 2024-07-14T22:46:03.792Z - [WATCHER]: 0 file(s) created or restored, 2 file(s) modified, 0 file(s) deleted
[NX Daemon Server] - 2024-07-14T22:46:10.216Z - [REQUEST]: Updated file-hasher based on watched changes, recomputing project graph...
[NX Daemon Server] - 2024-07-14T22:46:10.246Z - Time taken for 'hash changed files from watcher' 6.721000000834465ms
[NX Daemon Server] - 2024-07-14T22:46:10.304Z - [WATCHER]: 0 file(s) created or restored, 2 file(s) modified, 0 file(s) deleted
[NX Daemon Server] - 2024-07-14T22:46:16.732Z - [REQUEST]: Updated file-hasher based on watched changes, recomputing project graph...
[NX Daemon Server] - 2024-07-14T22:46:16.763Z - Time taken for 'hash changed files from watcher' 6.54839999973774ms
[NX Daemon Server] - 2024-07-14T22:46:16.821Z - [WATCHER]: 0 file(s) created or restored, 2 file(s) modified, 0 file(s) deleted
[NX Daemon Server] - 2024-07-14T22:46:23.247Z - [REQUEST]: Updated file-hasher based on watched changes, recomputing project graph...
[NX Daemon Server] - 2024-07-14T22:46:23.276Z - Time taken for 'hash changed files from watcher' 6.592800006270409ms
[NX Daemon Server] - 2024-07-14T22:46:23.337Z - [WATCHER]: 0 file(s) created or restored, 2 file(s) modified, 0 file(s) deleted
